Call,freq,offset,ctcss,type,location,longditude,latitude,height,maidenhead,distsyd,dirsyd,dirkat,distmel,disttmb,txpower,bank
VK1RAC,146.9000,-0.6,,FM,Tidbinbilla,148.9521436,-35.37893186,0,QF44lo49gb,266233,230.3,213.6,447143.8,919053.4,5,
VK1RBH,147.1750,0.6,,FM,Bulls Head,148.8130485,-35.38578797,0,QF44jo77nj,276712,231.8,216.1,436814.4,925387.5,5,
VK1RBM,146.7250,-0.6,91.5Hz,FM,Isaacs Ridge,149.1187502,-35.36458523,0,QF44np42gl,253514,228.5,210.5,460070.9,911043.3,5,
VK1RBM,439.9500,-5,91.5Hz,FM,Isaacs Ridge,149.1187502,-35.36458523,0,QF44np42gl,253514,228.5,210.5,460070.9,911043.3,5,
VK1RGI,146.9500,-0.6,91.5Hz,FM,Mt Ginini,148.772605,-35.52955176,0,QF44jl22rv,289397,229.7,214.6,424006.9,941277.0,5,
VK1RGI,438.0500,-5,91.5Hz,FM,Mt Ginini,148.772605,-35.52955176,0,QF44jl22rv,289397,229.7,214.6,424006.9,941277.0,5,
VK1RGI,53.9250,-1,91.5Hz,FM,Mt Ginini,148.772605,-35.52955176,0,QF44jl22rv,289397,229.7,214.6,424006.9,941277.0,5,
VK1RJB,146.9250,-0.6,,FM,Jervis Bay,150.7303866,-35.16173555,0,QF54iu71pe,150081,196.8,166.5,594032.9,838149.7,5,
VK1RWN C,146.6625,-0.6,,DV,Isaacs Ridge,149.1187502,-35.36458523,0,QF44np42gl,253514,228.5,210.5,460070.9,911043.3,5,
VK2MD,145.400,0,,FM,VK2MD,151.136859,-33.653220,0,QF56ni63kf,24689,344.6,84.9,723844.6,667030.7,5,
VK2RAB,438.4750,-5,,FM,Mt Crawney,150.9920829,-31.58769895,0,QF58lj98bw,253668,355.4,15.4,883577.6,458082.5,5,
VK2RAD,146.7250,-0.6,,FM,South Hill,151.6517546,-30.54427719,0,QF59tk89fi,370915,6.6,20.2,1014105.5,326525.4,5,
VK2RAD,438.6500,-5,,FM,South Hill,151.6517546,-30.54427719,0,QF59tk89fi,370915,6.6,20.2,1014105.5,326525.4,5,
VK2RAG A,1273.4000,20,,DV,Somersby,151.2912145,-33.36007822,0,QF56pp43wn,56843,7.9,66.8,756254.6,631800.0,5,
VK2RAG B,438.3250,-5.4,,DV,Somersby,151.2912145,-33.36007822,0,QF56pp43wn,56843,7.9,66.8,756254.6,631800.0,5,
VK2RAG C,146.6375,-0.6,,DV,Somersby,151.2912145,-33.36007822,0,QF56pp43wn,56843,7.9,66.8,756254.6,631800.0,5,
VK2RAG,1273.4000,20,,FM,Somersby,151.2912145,-33.36007822,0,QF56pp43wn,56843,7.9,66.8,756254.6,631800.0,5,
VK2RAG,146.7250,-0.6,91.5Hz,FM,Somersby,151.2912145,-33.36007822,0,QF56pp43wn,56843,7.9,66.8,756254.6,631800.0,5,
VK2RAG,147.1250,0.6,91.5Hz,FM,Somersby,151.2912145,-33.36007822,0,QF56pp43wn,56843,7.9,66.8,756254.6,631800.0,5,
VK2RAG,438.0750,-5,91.5Hz,FM,Somersby,151.2912145,-33.36007822,0,QF56pp43wn,56843,7.9,66.8,756254.6,631800.0,5,
VK2RAG,439.5250,-5,91.5Hz,FM,Somersby,151.2912145,-33.36007822,0,QF56pp43wn,56843,7.9,66.8,756254.6,631800.0,5,
VK2RAG,439.7250,-5,91.5Hz,FM,Somersby,151.2912145,-33.36007822,0,QF56pp43wn,56843,7.9,66.8,756254.6,631800.0,5,
VK2RAG,439.9500,-5,91.5Hz,FM,Somersby,151.2912145,-33.36007822,0,QF56pp43wn,56843,7.9,66.8,756254.6,631800.0,5,
VK2RAG,439.9500,-5,91.5Hz,P25 (NAC = 293),Somersby,151.2912145,-33.36007822,0,QF56pp43wn,56843,7.9,66.8,756254.6,631800.0,5,
VK2RAG,53.7250,-1,91.5Hz,FM,Somersby,151.2912145,-33.36007822,0,QF56pp43wn,56843,7.9,66.8,756254.6,631800.0,5,
VK2RAI,439.2750,-5,,FM,Booral,151.9716893,-32.5052853,0,QF57xl68or,167063,25.5,49.6,867744.2,524410.3,5,
VK2RAO,146.7000,-0.6,91.5Hz,FM,Mt Canobolas,148.9829672,-33.34185184,0,QF46lp77ww,214558,285.2,288.4,615093.4,721550.9,5,
VK2RAO,438.7250,-5,,FM,Mt Canobolas,148.9829672,-33.34185184,0,QF46lp77ww,214558,285.2,288.4,615093.4,721550.9,5,
VK2RAP,147.2750,0.6,,FM,Acacia Plateau,152.347415,-28.39188002,0,QG61eo15qw,616764,10.4,18.8,1250443.2,90862.6,5,
VK2RAY,147.2250,0.6,,FM,Albury,147.0352724,-36.10082955,0,QF33mv45ft,454359,235.8,227.6,264537.9,1075161.5,5,
VK2RAY,438.5750,-5,,FM,Albury,147.0352724,-36.10082955,0,QF33mv45ft,454359,235.8,227.6,264537.9,1075161.5,5,
VK2RBB,146.6250,-0.6,123Hz,FM,Goonengerry,153.4350422,-28.6022166,0,QG61rj25el,621126,20.6,28.6,1289693.0,89042.2,5,
VK2RBE,146.7750,-0.6,91.5Hz,FM,Mt Bethungra,147.8774239,-34.72072358,0,QF35wg57ga,320851,251.9,242.9,431315.1,905437.4,5,
VK2RBH,147.0000,-0.6,,FM,Mt Darling,141.5331625,-32.02296308,0,QF07sx34xl,927126,280.1,280.5,714916.5,1203437.8,5,
VK2RBH,29.1200,0,,FM,Mt Darling,141.5331625,-32.02296308,0,QF07sx34xl,927126,280.1,280.5,714916.5,1203437.8,5,
VK2RBK,146.7750,-0.6,,FM,Noumea Tops,150.5241697,-30.05669514,0,QF59gw26vj,427506,351.1,2.9,1001535.7,346197.5,5,
VK2RBK,439.9000,-5,,FM,Noumea Tops,150.5241697,-30.05669514,0,QF59gw26vj,427506,351.1,2.9,1001535.7,346197.5,5,
VK2RBL,146.7250,-0.6,,FM,Balranald,143.5667973,-34.63516247,0,QF15si87an,708771,261.0,258.8,374567.4,1173839.1,5,
VK2RBM,147.0500,0.6,123Hz,FM,Lawson,150.4315849,-33.71943279,0,QF56fg17si,73736,282.7,90.7,670835.1,695513.2,5,
VK2RBM,29.6700,-100,,FM,Lawson,150.4315849,-33.71943279,0,QF56fg17si,73736,282.7,90.7,670835.1,695513.2,5,
VK2RBM,438.3750,-5,123Hz,FM,Lawson,150.4315849,-33.71943279,0,QF56fg17si,73736,282.7,90.7,670835.1,695513.2,5,
VK2RBM,53.8750,-1,123Hz,FM,Lawson,150.4315849,-33.71943279,0,QF56fg17si,73736,282.7,90.7,670835.1,695513.2,5,
VK2RBO,147.3500,0.6,,FM,Cooranbong,151.460511,-33.0888466,0,QF56rv58gq,89532,15.3,57.3,788321.3,598574.1,5,
VK2RBR,146.7750,-0.6,,FM,Tabulam,152.4270946,-28.75401916,0,QG61ff19ga,578733,11.9,20.7,1220559.4,116008.4,5,
VK2RBV B,438.7750,-5,,DV,Sydney,151.2115417,-33.86429172,0,QF56od52jn,524,42.2,101.2,713896.0,687638.7,5,
VK2RCB,146.7500,-0.6,123Hz,FM,Francis Lookout,152.6882033,-30.3965164,0,QF69io24ou,409475,20.3,32.0,1087317.4,282347.5,5,
VK2RCC,146.8000,-0.6,,FM,Needle Mountain,149.0261856,-31.34631103,0,QF48mp36dv,346562,323.2,335.1,808033.2,548722.5,5,
VK2RCD,146.7250,-0.6,,FM,Burroway Hill,148.5567121,-32.15491085,0,QF47gu62tt,312147,306.8,316.2,707946.4,643601.7,5,
VK2RCF,438.4500,-5,91.5Hz,FM,Carlingford,151.0527875,-33.77565327,0,QF56mf63iu,17612,305.4,95.5,709040.7,682277.6,5,
VK2RCF,438.4500,-5,91.5Hz,P25 (NAC = 293),Carlingford,151.0527875,-33.77565327,0,QF56mf63iu,17612,305.4,95.5,709040.7,682277.6,5,
VK2RCG,438.2000,-5.4,,P25 (NAC = 293),Sydney,151.2115417,-33.86429172,0,QF56od52jn,524,42.2,101.2,713896.0,687638.7,5,
VK2RCG,439.5000,-5,,DMR,Sydney,151.2115417,-33.86429172,0,QF56od52jn,524,42.2,101.2,713896.0,687638.7,5,
VK2RCG,439.8000,-5,91.5Hz,FM,Sydney,151.2115417,-33.86429172,0,QF56od52jn,524,42.2,101.2,713896.0,687638.7,5,
VK2RCH,146.8500,-0.6,,FM,Mt Coramba,153.0533583,-30.21925464,0,QF69ms67jj,440507,23.8,34.5,1124709.6,260358.6,5,
VK2RCN,147.0000,-0.6,,FM,Telegraph Point,152.7741135,-31.30396225,0,QF68jq27vb,320090,27.8,41.6,1016348.2,381626.7,5,
VK2RCN,438.4250,-5,123Hz,FM,Telegraph Point,152.7741135,-31.30396225,0,QF68jq27vb,320090,27.8,41.6,1016348.2,381626.7,5,
VK2RCT,438.6500,-5,91.5Hz,FM,Campbelltown,150.7847849,-34.04251997,0,QF55jw49et,43634,243.5,129.3,670959.5,717977.4,5,
VK2RCV,146.6750,-0.6,123Hz,FM,Grafton,153.1573295,-29.63464571,0,QG60ni87vq,504387,22.0,31.6,1181666.3,195779.3,5,
VK2RCW,147.2000,0.6,,FM,Mt Lindsay,149.1232074,-33.27946023,0,QF46nr42sw,204235,288.1,293.5,628295.3,708566.1,5,
VK2RCW,439.3000,-5,,FM,Mt Lindsay,149.1232074,-33.27946023,0,QF46nr42sw,204235,288.1,293.5,628295.3,708566.1,5,
VK2RCZ,147.0750,0.6,123Hz,FM,Lalor Park,150.8335528,-33.74733787,0,QF56kg00ap,37133,291.0,93.9,695910.2,685491.9,5,
VK2RCZ,29.6300,-100,,FM,Lalor Park,150.8335528,-33.74733787,0,QF56kg00ap,37133,291.0,93.9,695910.2,685491.9,5,
VK2RCZ,439.4250,-5,,FM,Lalor Park,150.8335528,-33.74733787,0,QF56kg00ap,37133,291.0,93.9,695910.2,685491.9,5,
VK2RDC,438.6500,-5,91.5Hz,FM,Woy Woy,151.315176,-33.49825824,0,QF56pm70tk,42181,13.7,75.7,747632.5,645945.8,5,
VK2RDD,439.9500,-5,,FM,Burroway Hill,148.5567121,-32.15491085,0,QF47gu62tt,312147,306.8,316.2,707946.4,643601.7,5,
VK2RDO,146.6500,-0.6,,FM,Dorrigo Plateau,152.8587894,-30.31710212,0,QF69kq33bv,423436,22.0,33.3,1104469.6,271917.6,5,
VK2RDS A,1273.8500,20,,DV,Maddens Plains,150.9545937,-34.26338381,0,QF55lr46ns,49714,208.0,135.5,667679.3,736711.0,5,
VK2RDS AD,1298.5000,0,,DV,Maddens Plains,150.9545937,-34.26338381,0,QF55lr46ns,49714,208.0,135.5,667679.3,736711.0,5,
VK2RDS B,439.8625,-5,,DV,Maddens Plains,150.9545937,-34.26338381,0,QF55lr46ns,49714,208.0,135.5,667679.3,736711.0,5,
VK2RDS C,146.7625,-0.6,,DV,Maddens Plains,150.9545937,-34.26338381,0,QF55lr46ns,49714,208.0,135.5,667679.3,736711.0,5,
VK2RDX,146.6500,-0.6,,FM,Mt Bindo,150.0092893,-33.67701918,0,QF56ah17cm,113010,280.5,279.3,646693.9,706847.2,5,
VK2REE,146.6750,-0.6,123Hz,FM,Mount Ganghat,152.1817397,-31.92207109,0,QF68cb18tq,234236,23.2,41.9,927882.1,457101.0,5,
VK2REE,438.3250,-5,,FM,Mount Ganghat,152.1817397,-31.92207109,0,QF68cb18tq,234236,23.2,41.9,927882.1,457101.0,5,
VK2REH,147.2500,0.6,123Hz,FM,Moonimba,153.4432588,-29.11550688,0,QG60rv32eg,568072,22.5,31.1,1244255.2,142996.1,5,
VK2RFM,1250.000,-805.75,,ATV,Oakdale,150.5035284,-34.07973469,0,QF55gw00ku,69193,249.9,155.7,648597.2,730423.8,5,
VK2RFM,1250.000,-823.75,,ATV,Oakdale,150.5035284,-34.07973469,0,QF55gw00ku,69193,249.9,155.7,648597.2,730423.8,5,
VK2RGA,146.8250,-0.6,91.5Hz,FM,Mt Galore,146.7906623,-35.1082274,0,QF34jv44va,428372,250.0,243.5,341723.1,998948.7,5,
VK2RGF,146.8500,-0.6,91.5Hz,FM,Mt Square Knob,146.6101545,-34.55175189,0,QF35hk37fn,430397,258.6,253.8,390879.1,962113.8,5,
VK2RGL,147.1000,0.6,,FM,Cabbage Tree Mtn,152.120465,-32.25739471,0,QF67br48kf,197896,25.8,46.8,897087.5,494708.3,5,
VK2RGL,147.2000,0.6,,FM,Cabbage Tree Mtn,152.120465,-32.25739471,0,QF67br48kf,197896,25.8,46.8,897087.5,494708.3,5,
VK2RGL,426.250,18,,ATV,Cabbage Tree Mtn,152.120465,-32.25739471,0,QF67br48kf,197896,25.8,46.8,897087.5,494708.3,5,
VK2RGN,146.6250,-0.6,,FM,Mt Gray,149.7630924,-34.75856717,0,QF45vf17nw,165662,233.0,203.3,547939.4,825590.5,5,
VK2RGN,438.3250,-5,,FM,Mt Gray,149.7630924,-34.75856717,0,QF45vf17nw,165662,233.0,203.3,547939.4,825590.5,5,
VK2RGN,438.6250,-5,,FM,Signal Hill,149.6883444,-34.75634778,0,QF45uf28ol,171092,234.4,206.2,542841.5,828089.3,5,
VK2RGN,439.9500,-5,,FM,Mt Gray,149.7630924,-34.75856717,0,QF45vf17nw,165662,233.0,203.3,547939.4,825590.5,5,
VK2RGN,53.7000,-1,,FM,Signal Hill,149.6883444,-34.75634778,0,QF45uf28ol,171092,234.4,206.2,542841.5,828089.3,5,
VK2RGR,146.9250,-0.6,,FM,North Ryde,151.1269075,-33.79830756,0,QF56ne58fj,10741,315.8,96.9,712608.0,682730.5,5,
VK2RGW,439.4750,-5,,FM,Glenwood,150.9485289,-33.74782455,0,QF56lg30tm,27442,298.9,93.3,703813.0,682208.5,5,
VK2RHC,438.5500,-5,91.5Hz,FM,Hurstville,151.0939495,-33.96426012,0,QF56na18gn,15007,224.5,110.8,698450.3,701259.8,5,
VK2RHH,147.2500,0.6,,FM,Nimmitabel,149.3023097,-36.50910403,0,QF43pl67gt,340549,210.1,196.2,411141.1,1021176.9,5,
VK2RHK,438.1250,-5,,FM,Wyee,151.4938783,-33.18273562,0,QF56rt96gd,80497,19.4,62.0,783469.5,607825.7,5,
VK2RHP,438.1375,-5.4,,P25 (NAC = 293),Horsley Park,150.8549472,-33.86154777,0,QF56kd23of,32651,271.1,107.6,688972.1,696882.3,5,
VK2RHP,439.7500,-5,,FM,Horsley Park,150.8549472,-33.86154777,0,QF56kd23of,32651,271.1,107.6,688972.1,696882.3,5,
VK2RHR,146.8250,-0.6,,FM,High Range,150.3357462,-34.37099698,0,QF55ep00gx,97912,235.0,177.9,615835.4,766093.9,5,
VK2RHR,438.0250,-5,,FM,High Range,150.3357462,-34.37099698,0,QF55ep00gx,97912,235.0,177.9,615835.4,766093.9,5,
VK2RHT,438.3500,-5.4,91.5Hz,FM,Chatswood,151.1791975,-33.7977301,0,QF56oe18mn,8208,341.2,96.5,716340.2,681332.7,5,
VK2RHT,438.3500,-5.4,91.5Hz,P25 (NAC = 293),Chatswood,151.1791975,-33.7977301,0,QF56oe18mn,8208,341.2,96.5,716340.2,681332.7,5,
VK2RIW,438.3000,-5,,FM,Kiama,150.7913891,-34.69760759,0,QF55jh42xn,99712,202.5,157.8,626956.0,787153.8,5,
VK2RLE,146.8000,-0.6,,FM,Engadine,151.0361648,-34.04032914,0,QF55mx40ih,24854,219.6,118.1,688974.8,710851.6,5,
VK2RLE,438.4250,-5,,FM,Engadine,151.0361648,-34.04032914,0,QF55mx40ih,24854,219.6,118.1,688974.8,710851.6,5,
VK2RLE,438.4250,-5,,P25 (NAC = 293),Engadine,151.0361648,-34.04032914,0,QF55mx40ih,24854,219.6,118.1,688974.8,710851.6,5,
VK2RLH,146.6750,-0.6,,FM,Stringybark Hill,149.3597759,-33.55485678,0,QF46qk36eu,174777,280.9,281.4,617274.9,722949.3,5,
VK2RLH,439.8500,-5,,FM,Stringybark Hill,149.3597759,-33.55485678,0,QF46qk36eu,174777,280.9,281.4,617274.9,722949.3,5,
VK2RLJ,146.8750,-0.6,,FM,Back Perisher Mtn,148.3918701,-36.40000445,0,QF43eo73ax,380464,221.6,209.9,342253.4,1043040.5,5,
VK2RLJ,438.4500,-5,,FM,Back Perisher Mtn,148.3918701,-36.40000445,0,QF43eo73ax,380464,221.6,209.9,342253.4,1043040.5,5,
VK2RMB,146.8750,-0.6,,FM,Terrey Hills,151.2220794,-33.69299394,0,QF56oh63pq,19433,3.9,88.4,726905.6,669072.9,5,
VK2RMB,29.1200,0,,FM,Terrey Hills,151.2220794,-33.69299394,0,QF56oh63pq,19433,3.9,88.4,726905.6,669072.9,5,
VK2RMB,438.1750,-5,91.5Hz,FM,Terrey Hills,151.2220794,-33.69299394,0,QF56oh63pq,19433,3.9,88.4,726905.6,669072.9,5,
VK2RMB,438.1750,-5,91.5Hz,P25 (NAC = 293),Terrey Hills,151.2220794,-33.69299394,0,QF56oh63pq,19433,3.9,88.4,726905.6,669072.9,5,
VK2RMB,53.6750,-1,,FM,Terrey Hills,151.2220794,-33.69299394,0,QF56oh63pq,19433,3.9,88.4,726905.6,669072.9,5,
VK2RMG,438.1250,-5,123Hz,FM,Bruxner Park,153.1088777,-30.25612927,0,QF69nr38bm,438859,24.7,35.3,1124955.4,264486.5,5,
VK2RMI,146.6500,-0.6,,FM,Terry Hie Hie,150.2799745,-29.80596822,0,QG50de36on,458866,348.7,359.6,1014760.7,345931.9,5,
VK2RMM,147.3750,0.6,123Hz,FM,Mt MacKenzie,151.9663476,-29.08614287,0,QG50xv59xh,535052,7.9,17.5,1165420.3,172185.4,5,
VK2RMO,146.8500,-0.6,,FM,Mt Baldwin,150.9594285,-31.04555947,0,QF58lw59db,313840,355.7,11.9,930542.5,406714.6,5,
VK2RMP,146.8500,-0.6,,FM,Maddens Plains,150.9545937,-34.26338381,0,QF55lr46ns,49714,208.0,135.5,667679.3,736711.0,5,
VK2RMP,438.7250,-5,123Hz,FM,Maddens Plains,150.9545937,-34.26338381,0,QF55lr46ns,49714,208.0,135.5,667679.3,736711.0,5,
VK2RMP,53.6500,-1,,FM,Maddens Plains,150.9545937,-34.26338381,0,QF55lr46ns,49714,208.0,135.5,667679.3,736711.0,5,
VK2RMR,439.5750,-5,123Hz,FM,Mt Riverview,150.6304766,-33.73078557,0,QF56hg54po,55572,285.7,92.7,683302.8,690047.5,5,
VK2RMU,146.7000,-0.6,123Hz,FM,Nowra Hill,150.5669942,-34.93559662,0,QF55gb85ak,132292,206.3,170.0,595059.7,818409.7,5,
VK2RMU,438.1250,-5,123Hz,FM,Nowra Hill,150.5669942,-34.93559662,0,QF55gb85ak,132292,206.3,170.0,595059.7,818409.7,5,
VK2RMW,147.0750,0.6,,FM,Mt Wandera,150.0059193,-35.7947349,0,QF54ae09rg,240376,206.9,186.8,502102.1,924916.1,5,
VK2RMY,146.8750,-0.6,,FM,Mt Yarrahapinni,152.9194899,-30.81391167,0,QF69le04ip,375021,25.9,38.1,1066076.2,326571.0,5,
VK2RMY,438.0750,-5,,FM,Mt Yarrahapinni,152.9194899,-30.81391167,0,QF69le04ip,375021,25.9,38.1,1066076.2,326571.0,5,
VK2RNC,146.9000,-0.6,,FM,Mt Sugarloaf,151.538894,-32.8901955,0,QF57sc46qi,112720,16.0,51.6,808878.9,575392.7,5,
VK2RNC,146.9750,-0.6,,FM,Mt Sugarloaf,151.538894,-32.8901955,0,QF57sc46qi,112720,16.0,51.6,808878.9,575392.7,5,
VK2RNC,438.0250,-5,,FM,Mt Sugarloaf,151.538894,-32.8901955,0,QF57sc46qi,112720,16.0,51.6,808878.9,575392.7,5,
VK2RNC,438.6750,-5,,FM,Mt Sugarloaf,151.538894,-32.8901955,0,QF57sc46qi,112720,16.0,51.6,808878.9,575392.7,5,
VK2RNE,146.9500,-0.6,,FM,Mt Rumbee,151.6052689,-29.95186941,0,QG50tb21pn,435842,5.1,16.7,1065744.6,270885.8,5,
VK2RNG,29.1300,0,,FM,Werrington,150.7406808,-33.76559905,0,QF56if86vg,44702,284.6,97.6,688178.0,690212.5,5,
VK2RNG,439.8500,-5,,FM,Werrington,150.7406808,-33.76559905,0,QF56if86vg,44702,284.6,97.6,688178.0,690212.5,5,
VK2RNS,147.2500,0.6,,FM,Asquith,151.1006775,-33.68987894,0,QF56nh24bk,22085,333.3,87.8,718639.7,671887.0,5,
VK2RNS,439.9750,-5,,FM,Asquith,151.1006775,-33.68987894,0,QF56nh24bk,22085,333.3,87.8,718639.7,671887.0,5,
VK2RNW,146.6250,-0.6,,FM,Mt Kaputar,150.1521385,-30.27882146,0,QF59br83gb,410256,345.7,357.8,962677.1,389178.6,5,
VK2RNW,438.5750,-5,,FM,Mt Kaputar,150.1521385,-30.27882146,0,QF59br83gb,410256,345.7,357.8,962677.1,389178.6,5,
VK2RNW,53.6000,-1,,FM,Mt Kaputar,150.1521385,-30.27882146,0,QF59br83gb,410256,345.7,357.8,962677.1,389178.6,5,
VK2ROJ,439.7000,-5,91.5Hz,FM,Bolwarra Heights,151.5951718,-32.69992491,0,QF57th12ka,134461,15.7,47.1,827473.6,553647.0,5,
VK2RON,439.9250,-5,,FM,Artarmon,151.1814115,-33.80534607,0,QF56oe16sr,7342,340.6,97.0,715951.5,682089.7,5,
VK2ROT,147.0250,0.6,91.5Hz,FM,Paddington,151.2291117,-33.88656055,0,QF56oc77lf,2871,136.5,102.6,713577.4,689592.6,5,
VK2ROT,438.5750,-5,91.5Hz,FM,Paddington,151.2291117,-33.88656055,0,QF56oc77lf,2871,136.5,102.6,713577.4,689592.6,5,
VK2ROT,438.5750,-5,91.5Hz,P25 (NAC = 293),Paddington,151.2291117,-33.88656055,0,QF56oc77lf,2871,136.5,102.6,713577.4,689592.6,5,
VK2ROZ A,1273.7000,20,,DV,Lilyfield SCA,151.1627747,-33.86612621,0,QF56nd92md,4164,272.5,101.9,710296.2,689046.5,5,
VK2ROZ,438.1125,-5.4,91.5Hz,FM,Sydney,151.2115417,-33.86429172,0,QF56od52jn,524,42.2,101.2,713896.0,687638.7,5,
VK2RPL,1273.3000,20,,FM,Mt Nardi,153.290154,-28.5426686,0,QG61pk49ts,622825,19.1,27.2,1286931.8,77843.9,5,
VK2RPL,438.6750,-5,123Hz,FM,Mt Nardi,153.290154,-28.5426686,0,QG61pk49ts,622825,19.1,27.2,1286931.8,77843.9,5,
VK2RPL,438.6750,-5,123Hz,P25 (NAC = 293),Mt Nardi,153.290154,-28.5426686,0,QG61pk49ts,622825,19.1,27.2,1286931.8,77843.9,5,
VK2RPM,146.7000,-0.6,91.5Hz,FM,Middle Brother,152.6782851,-31.70130379,0,QF68ih11jq,276947,30.2,45.5,978040.1,426278.4,5,
VK2RPM,438.5250,-5,123Hz,FM,Middle Brother,152.6782851,-31.70130379,0,QF68ih11jq,276947,30.2,45.5,978040.1,426278.4,5,
VK2RPW,1273.2000,20,,FM,Grundy Mountain,151.6559786,-31.32653725,0,QF58tq81rp,284941,8.6,25.9,945124.6,406560.9,5,
VK2RPW,53.5750,-1,,FM,Grundy Mountain,151.6559786,-31.32653725,0,QF58tq81rp,284941,8.6,25.9,945124.6,406560.9,5,
VK2RRR,147.2750,0.6,,FM,Razorback Range,150.6649263,-34.13894445,0,QF55hu96sp,58473,238.9,144.8,655607.8,731635.4,5,
VK2RRR,439.6000,-5,91.5Hz,FM,Razorback Range,150.6649263,-34.13894445,0,QF55hu96sp,58473,238.9,144.8,655607.8,731635.4,5,
VK2RRR,439.6000,-5,91.5Hz,P25 (NAC = 293),Razorback Range,150.6649263,-34.13894445,0,QF55hu96sp,58473,238.9,144.8,655607.8,731635.4,5,
VK2RRS,438.4750,-5,,FM,Lewisham,151.1453516,-33.89453142,0,QF56nc75kh,6488,242.8,104.4,707041.5,692517.1,5,
VK2RRT,146.9000,-0.6,,FM,Boona Mountain,147.1445264,-32.65648748,0,QF37ni72ik,401684,288.4,290.9,605410.8,777960.2,5,
VK2RRW,438.1000,-5,,FM,North Ryde,151.1315523,-33.78340956,0,QF56nf51sx,11719,323.0,95.6,714008.2,681023.6,5,
VK2RSC,146.8000,-0.6,123Hz,FM,Parrots Nest,153.2285111,-28.85706342,0,QG61od74kh,587852,19.6,28.1,1254981.8,110592.3,5,
VK2RSC,439.9500,-5,123Hz,FM,Parrots Nest,153.2285111,-28.85706342,0,QG61od74kh,587852,19.6,28.1,1254981.8,110592.3,5,
VK2RSC,53.5500,-1,,FM,Parrots Nest,153.2285111,-28.85706342,0,QG61od74kh,587852,19.6,28.1,1254981.8,110592.3,5,
VK2RSH,147.1000,0.6,,FM,Southern Highlands,150.5176925,-34.40814592,0,QF55go22cb,87426,226.5,165.8,626173.7,764285.1,5,
VK2RSH,439.3750,-5,,FM,Southern Highlands,150.5176925,-34.40814592,0,QF55go22cb,87426,226.5,165.8,626173.7,764285.1,5,
VK2RSM,147.0250,0.6,,FM,Tabletop,148.8584392,-36.11984178,0,QF43kv31af,329250,220.0,206.0,393997.1,996956.2,5,
VK2RSM,439.9000,-5,,FM,Tabletop,148.8584392,-36.11984178,0,QF43kv31af,329250,220.0,206.0,393997.1,996956.2,5,
VK2RSM,53.5750,-1,123Hz,FM,Tabletop,148.8584392,-36.11984178,0,QF43kv31af,329250,220.0,206.0,393997.1,996956.2,5,
VK2RSN,53.6250,-1,,FM,Mt Sugarloaf,151.5158569,-32.94467082,0,QF57sb13vg,106321,15.7,53.0,803121.7,581787.4,5,
VK2RSR,147.1250,0.6,,FM,Scaddens Ridge,151.3669139,-33.29454162,0,QF56qq49ah,65276,13.1,64.8,766363.0,622887.0,5,
VK2RST,147.2250,0.6,,FM,Lewisham,151.1453516,-33.89453142,0,QF56nc75kh,6488,242.8,104.4,707041.5,692517.1,5,
VK2RSV,439.3250,-5,91.5Hz,FM,Sans Souci,151.1305966,-34.00513772,0,QF55nx58qs,16821,205.1,112.9,698205.9,704695.0,5,
VK2RSW,439.7750,-5,,FM,Blaxland,150.6335239,-33.75030147,0,QF56hf69aw,54740,283.6,96.8,682031.0,691980.0,5,
VK2RTD,146.8000,-0.6,91.5Hz,FM,Mt Kendall,148.009957,-35.49552222,0,QF44am11eb,344180,237.5,226.3,374243.4,971329.3,5,
VK2RTG,439.3000,-5,,FM,Kariong,151.2972948,-33.43952126,0,QF56pn54qm,48223,9.9,71.7,750740.1,640118.9,5,
VK2RTG,444.250,805.75,,ATV,Kariong,151.2972948,-33.43952126,0,QF56pn54qm,48223,9.9,71.7,750740.1,640118.9,5,
VK2RTM,146.7500,-0.6,,FM,Mt Crawney,150.9925799,-31.58757994,0,QF58lj98cx,253677,355.4,15.4,883616.5,458049.7,5,
VK2RTS,1250.000,-805.75,,ATV,Lawson,150.4448985,-33.71069258,0,QF56fg39jk,72764,283.6,86.3,672395.7,694154.0,5,
VK2RTS,147.3250,0.6,,FM,Lawson,150.4448985,-33.71069258,0,QF56fg39jk,72764,283.6,86.3,672395.7,694154.0,5,
VK2RTV,-,-,,ATV,St Leonards,151.1897186,-33.82125797,0,QF56oe22sv,5424,342.1,98.2,715402.9,683580.3,5,
VK2RTV,-,-,,ATV,St Leonards,151.1897186,-33.82125797,0,QF56oe22sv,5424,342.1,98.2,715402.9,683580.3,5,
VK2RTW,438.0250,-5,91.5Hz,FM,Willans Hill,147.3722418,-35.13272441,0,QF34qu48qd,379134,247.2,239.0,367235.8,969333.6,5,
VK2RTW,439.8000,-5,91.5Hz,FM,Willans Hill,147.3722418,-35.13272441,0,QF34qu48qd,379134,247.2,239.0,367235.8,969333.6,5,
VK2RTZ,146.7750,-0.6,,FM,Mt Sugarloaf,151.5158569,-32.94467082,0,QF57sb13vg,106321,15.7,53.0,803121.7,581787.4,5,
VK2RUM,438.6250,-5,,FM,Merewether,151.7480913,-32.95176983,0,QF57ub91sn,113350,26.5,58.0,818299.7,577271.0,5,
VK2RUW,29.1200,0,88.5Hz,FM,Knights Hill,150.6973108,-34.61824295,0,QF55ij31qo,95606,209.3,160.3,625087.3,781246.9,5,
VK2RWB,147.2000,0.6,123Hz,FM,Gwynne Hill,145.8844262,-35.91247348,0,QF24wc61da,536767,243.5,237.7,226222.6,1119997.7,5,
VK2RWB,439.6500,-5,123Hz,FM,Gwynne Hill,145.8844262,-35.91247348,0,QF24wc61da,536767,243.5,237.7,226222.6,1119997.7,5,
VK2RWC,1273.2000,20,,FM,Chatswood,151.1789745,-33.7980051,0,QF56oe18ll,8185,341.0,96.5,716304.7,681367.6,5,
VK2RWC,147.1500,0.6,91.5Hz,FM,Chatswood,151.1789745,-33.7980051,0,QF56oe18ll,8185,341.0,96.5,716304.7,681367.6,5,
VK2RWG,146.7500,-0.6,91.5Hz,FM,Wheel of Fortune,147.5593702,-35.04985793,0,QF34sw78ca,359933,247.6,238.9,384671.8,952002.4,5,
VK2RWH,147.1500,0.6,,FM,Newcastle,151.5154557,-32.91742767,0,QF57sb19ut,109225,15.3,52.0,805200.4,578881.9,5,
VK2RWH,439.6250,-5,,FM,Newcastle,151.5154557,-32.91742767,0,QF57sb19ut,109225,15.3,52.0,805200.4,578881.9,5,
VK2RWI,1273.5000,20,,FM,Dural,151.0554635,-33.69874235,0,QF56mh62ph,23462,323.0,88.4,714843.6,674046.0,5,
VK2RWI,147.0000,-0.6,,FM,Dural,151.0554635,-33.69874235,0,QF56mh62ph,23462,323.0,88.4,714843.6,674046.0,5,
VK2RWI,29.6500,-100,,FM,Dural,151.0554635,-33.69874235,0,QF56mh62ph,23462,323.0,88.4,714843.6,674046.0,5,
VK2RWI,438.5250,-5,,FM,Dural,151.0554635,-33.69874235,0,QF56mh62ph,23462,323.0,88.4,714843.6,674046.0,5,
VK2RWI,438.6000,-5,,FM,Dural,151.0554635,-33.69874235,0,QF56mh62ph,23462,323.0,88.4,714843.6,674046.0,5,
VK2RWI,439.9000,-5,,FM,Dural,151.0554635,-33.69874235,0,QF56mh62ph,23462,323.0,88.4,714843.6,674046.0,5,
VK2RWI,53.8500,-1,,FM,Dural,151.0554635,-33.69874235,0,QF56mh62ph,23462,323.0,88.4,714843.6,674046.0,5,
VK2RWK,147.1500,0.6,,FM,Kurrajong Heights,150.6269303,-33.52358322,0,QF56hl54fi,66009,305.2,54.0,698982.2,668662.9,5,
VK2RWK,439.8250,-5,91.5Hz,FM,Kurrajong Heights,150.6269303,-33.52358322,0,QF56hl54fi,66009,305.2,54.0,698982.2,668662.9,5,
VK2RWK,439.8250,-5,91.5Hz,P25 (NAC = 293),Kurrajong Heights,150.6269303,-33.52358322,0,QF56hl54fi,66009,305.2,54.0,698982.2,668662.9,5,
VK2RWM,147.1000,0.6,,FM,Mt Warraderry,148.137425,-33.83583417,0,QF46bd69lj,284152,269.9,265.7,525996.9,811646.3,5,
VK2RWM,438.3250,-5,,FM,Mt Warraderry,148.137425,-33.83583417,0,QF46bd69lj,284152,269.9,265.7,525996.9,811646.3,5,
VK2RWN A,1273.9000,20,,DV,Terrey Hills,151.2223514,-33.69290793,0,QF56oh63qq,19445,4.0,88.4,726930.9,669056.9,5,
VK2RWN AD,1298.7000,0,,DV,Terrey Hills,151.2223514,-33.69290793,0,QF56oh63qq,19445,4.0,88.4,726930.9,669056.9,5,
VK2RWN B,438.4000,-5.4,,DV,Terrey Hills,151.2223514,-33.69290793,0,QF56oh63qq,19445,4.0,88.4,726930.9,669056.9,5,
VK2RWN C,146.9625,-0.6,,DV,Terrey Hills,151.2223514,-33.69290793,0,QF56oh63qq,19445,4.0,88.4,726930.9,669056.9,5,
VK2RWP,146.8250,-0.6,,FM,Wolumla Peak,149.7281148,-36.86445474,0,QF43ud72im,358619,201.6,188.4,434593.3,1045349.6,5,
VK2RWP,439.9000,-5,,FM,Wolumla Peak,149.7281148,-36.86445474,0,QF43ud72im,358619,201.6,188.4,434593.3,1045349.6,5,
VK2RWR,147.0750,0.6,,FM,Moona Trig,151.8898296,-31.03990305,0,QF58wx60sk,320086,11.7,27.1,983873.5,369240.6,5,
VK2RWS,438.2750,-5.4,91.5Hz,FM,Berowra North,151.1469258,-33.62087566,0,QF56nj70px,27961,348.4,82.3,726919.7,663325.8,5,
VK2RWS,438.2750,-5.4,91.5Hz,P25 (NAC = 293),Berowra North,151.1469258,-33.62087566,0,QF56nj70px,27961,348.4,82.3,726919.7,663325.8,5,
VK2RYL,147.2250,0.6,,FM,Bald Mountain,150.0175414,-32.69094859,0,QF57ah24ce,171255,319.3,346.6,730542.0,609288.2,5,
VK2RZL,146.8750,-0.6,123Hz,FM,Mt Arthur,150.8583963,-32.36301317,0,QF57kp32av,170044,348.8,19.0,808361.7,541349.9,5,
VK3RAD,438.5250,-5,123Hz,FM,Mitcham,145.188383,-37.82077303,0,QF22oe23oa,698349,229.4,224.0,19289.7,1325761.1,5,
VK3RAD,53.6750,-1,,FM,Mitcham,145.188383,-37.82077303,0,QF22oe23oa,698349,229.4,224.0,19289.7,1325761.1,5,
VK3RAG,146.7750,-0.6,123Hz,FM,Rennies Hill,145.7058345,-37.21863058,0,QF22us47qm,622006,231.7,225.8,92743.8,1244801.2,5,
VK3RAJ,146.8250,-0.6,94.8Hz,FM,Upwey,145.3172575,-37.90393029,0,QF22pc83bb,695024,228.2,222.7,32197.2,1326662.8,5,
VK3RAJ,439.7500,-5,91.5Hz,FM,Upwey,145.3172575,-37.90393029,0,QF22pc83bb,695024,228.2,222.7,32197.2,1326662.8,5,
VK3RBA AD,1298.7000,0,,DV,Mt Buninyong,143.9264646,-37.65292977,0,QF12xi13eh,780630,235.4,231.1,93659.1,1380293.9,5,
VK3RBA B,439.9875,-5,,DV,Mt Buninyong,143.9264646,-37.65292977,0,QF12xi13eh,780630,235.4,231.1,93659.1,1380293.9,5,
VK3RBA,1273.9250,20,91.5Hz,FM,Mt Buninyong,143.9264646,-37.65292977,0,QF12xi13eh,780630,235.4,231.1,93659.1,1380293.9,5,
VK3RBA,146.7500,-0.6,91.5Hz,FM,Mt Buninyong,143.9264646,-37.65292977,0,QF12xi13eh,780630,235.4,231.1,93659.1,1380293.9,5,
VK3RBA,439.2750,-5,91.5Hz,FM,Mt Buninyong,143.9264646,-37.65292977,0,QF12xi13eh,780630,235.4,231.1,93659.1,1380293.9,5,
VK3RBL,439.8250,-5,,FM,Bambill South,141.5080933,-34.47257896,0,QF05sm06xn,896474,263.0,261.7,484172.0,1320964.5,5,
VK3RBM,1273.1500,20,,FM,Bacchus Marsh,144.4166529,-37.64389849,0,QF22ei95xl,743149,233.7,229.1,52256.5,1351701.9,5,
VK3RBM,438.7000,-5,91.5Hz,FM,Bacchus Marsh,144.4166529,-37.64389849,0,QF22ei95xl,743149,233.7,229.1,52256.5,1351701.9,5,
VK3RBN,438.3500,-5,91.5Hz,FM,Burrumbeet,143.6637942,-37.47438741,0,QF12tm96pd,791201,237.5,233.4,121234.5,1380857.5,5,
VK3RBO,2415.000,-1165,,ATV,Specimen Hill,144.2440875,-36.76562244,0,QF23cf96gg,709913,241.1,236.8,132929.8,1287994.6,5,
VK3RBO,438.0250,-5,,FM,Specimen Hill,144.2440875,-36.76562244,0,QF23cf96gg,709913,241.1,236.8,132929.8,1287994.6,5,
VK3RBP,439.7000,-5,91.5Hz,FM,Horsham,142.1983672,-36.71618158,0,QF13cg38tc,877875,246.3,243.4,274316.5,1415503.0,5,
VK3RBQ,147.2000,0.6,,FM,Dimboola,142.0348445,-36.45216135,0,QF13an41el,883110,248.5,245.8,301361.5,1407836.8,5,
VK3RBT,146.6500,-0.6,91.5Hz,FM,Green Hill,143.9015765,-37.62642303,0,QF12wi89ep,781047,235.6,231.4,96421.6,1379510.3,5,
VK3RBU,438.4750,-5,91.5Hz,FM,Mt Hollowback,143.8154793,-37.44005074,0,QF12vn74uj,777577,237.3,233.1,109992.2,1369038.0,5,
VK3RBW,438.4500,-5,91.5Hz,FM,Mt Gisborne,144.5870696,-37.52017815,0,QF22hl05kd,723095,234.0,229.2,46910.1,1331552.6,5,
VK3RBY,439.6250,-5,88.5Hz,FM,Bayswater,145.2639384,-37.84043156,0,QF22pd18qh,694385,228.9,223.5,26091.2,1323641.0,5,
VK3RCA,146.6750,-0.6,,FM,Torrumbarry,144.570348,-36.04400059,0,QF23gw89kk,652357,246.4,242.2,199600.9,1209580.1,5,
VK3RCC,1273.1000,20,,FM,Melbourne City,144.9694815,-37.81382239,0,QF22le64iq,713376,230.4,225.2,0.0,1336567.6,5,
VK3RCC,438.0250,-5,91.5Hz,FM,Melbourne City,144.9694815,-37.81382239,0,QF22le64iq,713376,230.4,225.2,0.0,1336567.6,5,
VK3RCD,438.1875,-5.4,,P25 (NAC = 293),Kinglake,145.3162849,-37.5157077,0,QF22pl76wf,669216,231.1,225.6,45067.5,1291764.0,5,
VK3RCE B,438.9125,0,,DV,Bendigo,144.3038831,-36.73384772,0,QF23dg63lv,703586,241.2,236.8,133606.4,1281787.7,5,
VK3RCP,438.0250,-5,,FM,Ouyen,142.3116084,-35.06953216,0,QF14dw73jh,827830,258.2,256.2,386640.8,1294984.5,5,
VK3RCR,147.0750,0.6,,FM,Mt Dandenong,145.34661,-37.83747566,0,QF22qd19oa,688435,228.6,223.0,33306.0,1319150.3,5,
VK3RCU,438.4250,-5,,FM,Mt Moliagul,143.6469508,-36.72319488,0,QF13tg76pk,756863,243.1,239.3,168552.9,1321382.3,5,
VK3RCV,147.1500,0.6,,FM,Mt Alexander,144.3087249,-36.99059685,0,QF23da72bg,715631,239.1,234.6,108490.7,1302671.1,5,
VK3RDD,53.5750,-1,91.5Hz,FM,Cockatoo,145.4770185,-37.94294867,0,QF22rb73fq,686810,227.2,221.6,46895.5,1322175.8,5,
VK3RDG,147.1250,0.6,,FM,Mt Delegate,148.8973438,-37.11267338,0,QF42kv72qx,416572,209.5,198.4,356069.4,1096770.6,5,
VK3RDK C,146.6375,-0.6,,DV,Horsham,142.2047202,-36.71861355,0,QF13cg47nm,877422,246.3,243.4,273688.3,1415249.5,5,
VK3RDU,146.8500,-0.6,,FM,Mt Major,145.694467,-36.36158967,0,QF23up33if,573568,239.6,233.8,173577.8,1169533.4,5,
VK3RDU,438.0750,-5,,FM,Mt Major,145.694467,-36.36158967,0,QF23up33if,573568,239.6,233.8,173577.8,1169533.4,5,
VK3RDU,439.8750,-5,,FM,Mt Major,145.694467,-36.36158967,0,QF23up33if,573568,239.6,233.8,173577.8,1169533.4,5,
VK3RDX,439.6000,-5,91.5Hz,FM,Mt Waverley,145.1381244,-37.87446577,0,QF22nd60nd,705474,229.2,223.9,16298.4,1333182.5,5,
VK3REB,146.9000,-0.6,,FM,Mt Nowa Nowa,148.0909009,-37.6927986,0,QF42bh03vr,509361,212.7,203.8,275392.7,1184153.2,5,
VK3REC,147.1750,0.6,,FM,Olinda,145.3642271,-37.85786446,0,QF22qd34qc,688612,228.3,222.8,35090.8,1320102.6,5,
VK3REG,146.6500,-0.6,,FM,Mt Cann,148.9786978,-37.64672754,0,QF42li74ks,465192,205.0,195.0,353884.1,1149375.8,5,
VK3REG,438.0250,-5,,FM,Mt Cann,148.9786978,-37.64672754,0,QF42li74ks,465192,205.0,195.0,353884.1,1149375.8,5,
VK3REM,147.1500,0.6,,FM,Maramingo Hill,149.5526155,-37.41091362,0,QF42so61hj,420708,200.4,189.3,407078.7,1107823.7,5,
VK3RFY,147.4250,0,91.5Hz,FM,Hillside,144.7285569,-37.69462239,0,QF22ih73kg,723184,232.2,227.2,25016.2,1338938.9,5,
VK3RFY,438.4000,-5,91.5Hz,FM,Hillside,144.7285569,-37.69462239,0,QF22ih73kg,723184,232.2,227.2,25016.2,1338938.9,5,
VK3RGC,147.1250,0.6,91.5Hz,FM,Montpellier,144.313919,-38.15716793,0,QF21du72qg,782385,230.6,225.9,69058.4,1401837.8,5,
VK3RGC,439.5750,-5,91.5Hz,FM,Montpellier,144.313919,-38.15716793,0,QF21du72qg,782385,230.6,225.9,69058.4,1401837.8,5,
VK3RGC,439.5750,-5,91.5Hz,P25 (NAC = 293),Montpellier,144.313919,-38.15716793,0,QF21du72qg,782385,230.6,225.9,69058.4,1401837.8,5,
VK3RGH,1273.2500,20,,FM,Green Hill,144.4257447,-37.18627244,0,QF22ft15ch,716600,237.2,232.5,84633.0,1312208.4,5,
VK3RGH,146.8750,-0.6,91.5Hz,FM,Green Hill,144.4257447,-37.18627244,0,QF22ft15ch,716600,237.2,232.5,84633.0,1312208.4,5,
VK3RGH,439.3250,-5,91.5Hz,FM,Green Hill,144.4257447,-37.18627244,0,QF22ft15ch,716600,237.2,232.5,84633.0,1312208.4,5,
VK3RGL,147.0000,-0.6,91.5Hz,FM,Mt Anakie,144.2690362,-37.88642676,0,QF22dc27gg,768671,232.6,228.0,62171.2,1380793.9,5,
VK3RGL,439.5000,-5,91.5Hz,FM,Mt Anakie,144.2690362,-37.88642676,0,QF22dc27gg,768671,232.6,228.0,62171.2,1380793.9,5,
VK3RGL,439.5000,-5,91.5Hz,P25 (NAC = 293),Mt Anakie,144.2690362,-37.88642676,0,QF22dc27gg,768671,232.6,228.0,62171.2,1380793.9,5,
VK3RGM,53.9750,-1,,FM,Mt Buller,146.4344096,-37.14642475,0,QF32fu24du,565406,228.6,221.7,149246.6,1201645.5,5,
VK3RGS,147.0250,0.6,123Hz,FM,Mt Fatigue,146.306918,-38.56986205,0,QF31dk63tf,682699,218.8,212.6,144115.1,1342339.8,5,
VK3RGS,438.3750,-5,,FM,Mt Fatigue,146.306918,-38.56986205,0,QF31dk63tf,682699,218.8,212.6,144115.1,1342339.8,5,
VK3RGV B,438.2000,-5.4,,DV,Mt Wombat,145.6730699,-36.84930833,0,QF23ud06sd,601878,235.1,229.2,123881.3,1213518.3,5,
VK3RGV,146.6500,-0.6,123Hz,FM,Mt Wombat,145.6730699,-36.84930833,0,QF23ud06sd,601878,235.1,229.2,123881.3,1213518.3,5,
VK3RGV,439.7750,-5,123Hz,FM,Mt Wombat,145.6730699,-36.84930833,0,QF23ud06sd,601878,235.1,229.2,123881.3,1213518.3,5,
VK3RGV,53.7250,-1,123Hz,FM,Mt Wombat,145.6730699,-36.84930833,0,QF23ud06sd,601878,235.1,229.2,123881.3,1213518.3,5,
VK3RGW,438.5000,-5,91.5Hz,FM,Grovedale,144.2969601,-38.17256809,0,QF21dt58po,784586,230.5,225.9,71241.6,1404100.1,5,
VK3RHF,1273.4000,20,,FM,Mt Macedon,144.5793629,-37.39439772,0,QF22go95mi,716358,235.0,230.2,57911.3,1321161.7,5,
VK3RHF,29.6400,-100,,FM,Olinda,145.3642271,-37.85786446,0,QF22qd34qc,688612,228.3,222.8,35090.8,1320102.6,5,
VK3RHF,438.7500,-5,88.5Hz,FM,Olinda,145.3642271,-37.85786446,0,QF22qd34qc,688612,228.3,222.8,35090.8,1320102.6,5,
VK3RHF,53.6250,-1,88.5Hz,FM,Mt Dandenong,145.3478759,-37.83672766,0,QF22qd19re,688296,228.6,223.0,33410.9,1319018.1,5,
VK3RHO,147.0500,0.6,,FM,Mt Hotham,147.1280548,-36.97521798,0,QF33na55iw,505996,225.9,217.7,212588.8,1152979.3,5,
VK3RHO,438.3750,-5,,FM,Mt Hotham,147.1280548,-36.97521798,0,QF33na55iw,505996,225.9,217.7,212588.8,1152979.3,5,
VK3RIR,1273.7000,20,,FM,Bendigo,144.953894,-38.35446257,0,QF21lp44lw,751249,226.7,221.6,60025.6,1385886.2,5,
VK3RIR,438.1500,-5,91.5Hz,FM,Bendigo,144.953894,-38.35446257,0,QF21lp44lw,751249,226.7,221.6,60025.6,1385886.2,5,
VK3RLE,438.1250,-5,,FM,Paps,145.9848104,-37.04339896,0,QF22xw89eo,590543,231.9,225.6,124043.6,1214582.4,5,
VK3RLP,439.4750,-5,91.5Hz,FM,Cranbourne,145.2800586,-38.11372175,0,QF21pv32oq,712212,226.9,221.5,43045.5,1347603.9,5,
VK3RLV,1273.3500,20,,FM,Mt Tassie,146.5592604,-38.39357237,0,QF31go75cn,653457,218.5,212.0,153567.3,1314450.4,5,
VK3RLV,146.8000,-0.6,,FM,Mt Tassie,146.5592604,-38.39357237,0,QF31go75cn,653457,218.5,212.0,153567.3,1314450.4,5,
VK3RLV,438.3750,-5,,FM,Mt Tassie,146.5592604,-38.39357237,0,QF31go75cn,653457,218.5,212.0,153567.3,1314450.4,5,
VK3RMA,146.8000,-0.6,,FM,Mildura city,142.1614128,-34.18930512,0,QF15bt94in,835948,265.0,263.8,475167.6,1253230.6,5,
VK3RMC C,146.7625,-0.6,,DV,Narre Warren Nth,145.3281339,-38.00118893,0,QF21px99jr,701029,227.5,222.0,37779.9,1334944.8,5,
VK3RMC,1273.6000,20,,FM,Narre Warren Nth,145.3281339,-38.00118893,0,QF21px99jr,701029,227.5,222.0,37779.9,1334944.8,5,
VK3RMC,147.3250,0.6,,FM,Narre Warren Nth,145.3281339,-38.00118893,0,QF21px99jr,701029,227.5,222.0,37779.9,1334944.8,5,
VK3RMC,439.3750,-5,,FM,Narre Warren Nth,145.3281339,-38.00118893,0,QF21px99jr,701029,227.5,222.0,37779.9,1334944.8,5,
VK3RMC,439.8750,-5,,FM,Narre Warren Nth,145.3281339,-38.00118893,0,QF21px99jr,701029,227.5,222.0,37779.9,1334944.8,5,
VK3RMG,439.9500,-5,,FM,Mt Broughton,145.4129889,-37.12047245,0,QF22qv91nc,637516,233.9,228.3,86376.9,1251487.0,5,
VK3RMH,438.3250,-5,,FM,Wattle Glen,145.1954617,-37.681545,0,QF22oh36kk,688634,230.4,225.0,24742.8,1312913.3,5,
VK3RMH,53.5500,-1,,FM,Wattle Glen,145.1954617,-37.681545,0,QF22oh36kk,688634,230.4,225.0,24742.8,1312913.3,5,
VK3RMK,147.0250,0.6,,FM,Mt Kerang,143.5512481,-36.31228552,0,QF13sq65db,748718,246.6,243.1,208987.5,1295578.9,5,
VK3RML,146.7000,-0.6,,FM,Ferny Creek,145.3363277,-37.87779574,0,QF22qc09ih,691910,228.3,222.8,33059.9,1323325.8,5,
VK3RMM A,1273.9750,20,,DV,Mt Macedon,144.5767796,-37.38344075,0,QF22go97fx,715926,235.1,230.3,59028.5,1320367.2,5,
VK3RMM AD,1298.5000,0,,DV,Mt Macedon,144.5767796,-37.38344075,0,QF22go97fx,715926,235.1,230.3,59028.5,1320367.2,5,
VK3RMM B,438.0500,-5.4,,DV,Mt Macedon,144.5767796,-37.38344075,0,QF22go97fx,715926,235.1,230.3,59028.5,1320367.2,5,
VK3RMM C,146.9625,-0.6,,DV,Mt Macedon,144.5767796,-37.38344075,0,QF22go97fx,715926,235.1,230.3,59028.5,1320367.2,5,
VK3RMM,147.2500,0.6,,FM,Mt Macedon,144.5767796,-37.38344075,0,QF22go97fx,715926,235.1,230.3,59028.5,1320367.2,5,
VK3RMM,439.8250,-5,91.5Hz,FM,Mt Macedon,144.5767796,-37.38344075,0,QF22go97fx,715926,235.1,230.3,59028.5,1320367.2,5,
VK3RMN,1273.4500,20,,FM,Kinglake,145.3162849,-37.5157077,0,QF22pl76wf,669216,231.1,225.6,45067.5,1291764.0,5,
VK3RMN,146.8500,-0.6,91.5Hz,FM,Kinglake,145.3162849,-37.5157077,0,QF22pl76wf,669216,231.1,225.6,45067.5,1291764.0,5,
VK3RMN,439.4500,-5,91.5Hz,FM,Kinglake,145.3162849,-37.5157077,0,QF22pl76wf,669216,231.1,225.6,45067.5,1291764.0,5,
VK3RMP,147.2750,0.6,91.5Hz,FM,Caveat,145.5009012,-37.06943015,0,QF22sw03ci,627878,233.9,228.2,95063.6,1242256.6,5,
VK3RMP,439.3500,-5,91.5Hz,FM,Caveat,145.5009012,-37.06943015,0,QF22sw03ci,627878,233.9,228.2,95063.6,1242256.6,5,
VK3RMR,53.6000,-1,,FM,Mt Lookout,146.3640652,-37.69681411,0,QF32eh32qs,609958,224.5,217.8,123578.7,1256552.3,5,
VK3RMS,147.3500,0.6,,FM,Olinda,145.36636,-37.85392842,0,QF22qd35xb,688195,228.3,222.8,35219.7,1319637.4,5,
VK3RMS,438.2250,-5,91.5Hz,FM,Olinda,145.36636,-37.85392842,0,QF22qd35xb,688195,228.3,222.8,35219.7,1319637.4,5,
VK3RMS,53.9000,-1,,FM,Olinda,145.36636,-37.85392842,0,QF22qd35xb,688195,228.3,222.8,35219.7,1319637.4,5,
VK3RMU,1273.5000,20,,FM,Mt St Leonard,145.5255499,-37.56753677,0,QF22sk33bs,657684,229.8,224.0,56148.4,1285585.2,5,
VK3RMU,147.3750,0.6,91.5Hz,FM,Mt St Leonard,145.5255499,-37.56753677,0,QF22sk33bs,657684,229.8,224.0,56148.4,1285585.2,5,
VK3RMU,439.8000,-5,,FM,Mt St Leonard,145.5255499,-37.56753677,0,QF22sk33bs,657684,229.8,224.0,56148.4,1285585.2,5,
VK3RMU,439.8000,-5,,P25 (NAC = 293),Mt St Leonard,145.5255499,-37.56753677,0,QF22sk33bs,657684,229.8,224.0,56148.4,1285585.2,5,
VK3RNE,147.0000,-0.6,,FM,Mt Big Ben,146.9409759,-36.40629398,0,QF33lo22wl,480039,232.9,224.9,234737.9,1108137.4,5,
VK3RNE,439.4250,-5,,FM,Mt Big Ben,146.9409759,-36.40629398,0,QF33lo22wl,480039,232.9,224.9,234737.9,1108137.4,5,
VK3RNP,438.6500,-5,91.5Hz,FM,Bannockburn,144.1624408,-38.04182726,0,QF21bw99lx,786029,231.9,227.4,75331.6,1400095.3,5,
VK3RNU,438.5250,-5,,FM,Mt Stanley,146.8029189,-36.44459478,0,QF33jn63ih,492654,233.3,225.6,222777.6,1118488.4,5,
VK3RON,146.7000,-0.6,,FM,Ouyen,142.3109495,-35.07432719,0,QF14dw72hd,827952,258.2,256.2,386254.0,1295339.5,5,
VK3ROW,147.2750,0.6,91.5Hz,FM,Beech Forest,143.5638956,-38.63325439,0,QF11si78qa,866399,230.2,226.1,153039.3,1484045.5,5,
VK3RPB,147.1000,0.6,,FM,Mt Porepunkah,146.9622989,-36.65728568,0,QF33li52lg,494896,230.1,222.1,218498.6,1130562.6,5,
VK3RPL,146.8250,-0.6,91.5Hz,FM,Portland,141.6318643,-38.38779431,0,QF01to56tw,996488,237.0,234.0,299582.9,1577890.5,5,
VK3RPL,439.9500,-5,91.5Hz,FM,Portland,141.6318643,-38.38779431,0,QF01to56tw,996488,237.0,234.0,299582.9,1577890.5,5,
VK3RPS,1273.6500,20,,FM,Mt Cottrell,144.6218721,-37.76315776,0,QF22hf46ou,735234,232.1,227.3,31131.0,1350726.0,5,
VK3RPS,147.2000,0.6,91.5Hz,FM,Mt Cottrell,144.6218721,-37.76315776,0,QF22hf46ou,735234,232.1,227.3,31131.0,1350726.0,5,
VK3RPS,439.7250,-5,91.5Hz,FM,Mt Cottrell,144.6218721,-37.76315776,0,QF22hf46ou,735234,232.1,227.3,31131.0,1350726.0,5,
VK3RPT,439.5250,-5,91.5Hz,FM,Pretty Sally,144.9655763,-37.38094974,0,QF22lo58un,686538,233.6,228.5,48045.3,1298608.4,5,
VK3RPU,439.8500,-5,91.5Hz,FM,Arthur's Seat,144.951503,-38.3560426,0,QF21lp44en,751522,226.7,221.6,60206.1,1386150.2,5,
VK3RRC,146.9750,-0.6,,FM,Riddells Creek,144.6648404,-37.44798127,0,QF22hn92sl,713015,234.3,229.4,48701.6,1320997.0,5,
VK3RRC,439.7000,-5,,FM,Riddells Creek,144.6648404,-37.44798127,0,QF22hn92sl,713015,234.3,229.4,48701.6,1320997.0,5,
VK3RRU,29.1400,0,,FM,Merbein,142.0790504,-34.16833223,0,QF15at99lo,843549,265.2,264.0,481133.8,1258553.2,5,
VK3RRU,438.5250,-5,,FM,Merbein,142.0790504,-34.16833223,0,QF15at99lo,843549,265.2,264.0,481133.8,1258553.2,5,
VK3RSA,439.6500,-5,91.5Hz,FM,Emerald,145.4441559,-37.93257786,0,QF22rb36he,688315,227.4,221.8,43794.2,1322870.6,5,
VK3RSB,439.5500,-5,91.5Hz,FM,Mt St Leonard,145.5255499,-37.56753677,0,QF22sk33bs,657684,229.8,224.0,56148.4,1285585.2,5,
VK3RSE,439.9000,-5,,FM,Glen Waverley,145.1734806,-37.89065521,0,QF22oc06tf,704093,228.9,223.6,19876.1,1332814.0,5,
VK3RSG,147.1000,0.6,,FM,Bass Hill,145.5509316,-38.48880391,0,QF21sm62cq,722114,223.1,217.6,90613.1,1368983.9,5,
VK3RSH,146.9000,-0.6,,FM,Swan Hill,143.5053682,-35.33001754,0,QF14sq00pt,724716,254.9,252.1,305183.4,1226176.8,5,
VK3RSP,146.6750,-0.6,,FM,Mt Martha,145.0176175,-38.29004657,0,QF21mr20cj,742400,226.9,221.7,53028.2,1376830.2,5,
VK3RSU,438.1000,-5.4,,DMR,Melbourne City,144.9694815,-37.81382239,0,QF22le64iq,713376,230.4,225.2,0.0,1336567.6,5,
VK3RSV,439.4250,-5,91.5Hz,FM,Noble Park,145.1886121,-37.96777939,0,QF22oa27pr,708293,228.3,223.0,25759.4,1338991.1,5,
VK3RTN,53.6750,-1,,FM,Mt Gordon,145.7123689,-37.51596865,0,QF22ul56le,641074,229.3,223.3,73410.1,1271403.2,5,
VK3RTU,439.5250,-5,,FM,Mt Taylor,147.5608071,-37.70561498,0,QF32sh70hp,538438,216.7,208.5,228651.4,1205695.1,5,
VK3RTV,446.500,803.5,,ATV,Olinda,145.36636,-37.85392842,0,QF22qd35xb,688195,228.3,222.8,35219.7,1319637.4,5,
VK3RTV,446.500,808.5,,ATV,Olinda,145.36636,-37.85392842,0,QF22qd35xb,688195,228.3,222.8,35219.7,1319637.4,5,
VK3RTV,446.500,831.5,,ATV,Olinda,145.36636,-37.85392842,0,QF22qd35xb,688195,228.3,222.8,35219.7,1319637.4,5,
VK3RTV,446.500,9963.5,,ATV,Olinda,145.36636,-37.85392842,0,QF22qd35xb,688195,228.3,222.8,35219.7,1319637.4,5,
VK3RUG,438.1750,-5,,FM,Devil's River,145.8416087,-37.20926566,0,QF22ws09xs,611579,231.2,225.0,102212.3,1236959.7,5,
VK3RVL,147.0500,0.6,,FM,Robinvale,142.7698951,-34.58748392,0,QF15jj29ja,781296,261.8,260.0,408987.0,1230047.7,5,
VK3RWA,147.1000,0.6,91.5Hz,FM,Ben Nevis,143.2010938,-37.22842369,0,QF12os45de,815742,240.5,236.8,169286.7,1389178.1,5,
VK3RWD,438.5750,-5,91.5Hz,FM,Drouin,145.8181877,-38.14430497,0,QF21vu85ei,678916,224.1,218.2,83099.1,1324179.8,5,
VK3RWG,147.2250,0.6,,FM,Mt Baw Baw,146.2748305,-37.83833516,0,QF32dd28xt,626415,223.9,217.4,114953.5,1274045.3,5,
VK3RWG,438.3750,-5,,FM,Mt Baw Baw,146.2748305,-37.83833516,0,QF32dd28xt,626415,223.9,217.4,114953.5,1274045.3,5,
VK3RWL,147.0500,0.6,,FM,Mt Warrnambool,142.7378532,-38.30493644,0,QF11iq86nt,907310,234.7,231.1,203290.0,1503849.4,5,
VK3RWL,439.8750,-5,,FM,Mt Warrnambool,142.7378532,-38.30493644,0,QF11iq86nt,907310,234.7,231.1,203290.0,1503849.4,5,
VK3RWM,146.8500,-0.6,,FM,Mt Arapiles,141.8359411,-36.75231676,0,QF03wf09hk,909887,246.8,244.0,301803.8,1442785.7,5,
VK3RWN A,1273.9000,20,,DV,Olinda,145.3642271,-37.85786446,0,QF22qd34qc,688612,228.3,222.8,35090.8,1320102.6,5,
VK3RWN AD,1298.3000,0,,DV,Olinda,145.3642271,-37.85786446,0,QF22qd34qc,688612,228.3,222.8,35090.8,1320102.6,5,
VK3RWN B,438.3000,-5.4,,DV,Olinda,145.3642271,-37.85786446,0,QF22qd34qc,688612,228.3,222.8,35090.8,1320102.6,5,
VK3RWN C,146.9125,-0.6,,DV,Olinda,145.3642271,-37.85786446,0,QF22qd34qc,688612,228.3,222.8,35090.8,1320102.6,5,
VK3RWU,438.6750,-5,91.5Hz,FM,Mt William,142.603725,-37.29498482,0,QF12hq29ke,867125,241.5,238.2,216820.4,1432060.1,5,
VK3RWU,53.6500,-1,91.5Hz,FM,Mt William,142.603725,-37.29498482,0,QF12hq29ke,867125,241.5,238.2,216820.4,1432060.1,5,
VK3RWZ,146.9500,-0.6,91.5Hz,FM,Mt William,142.601203,-37.29308085,0,QF12hq29dp,867246,241.6,238.2,217094.0,1432075.0,5,
VK3RYV,146.7250,-0.6,,FM,Briarty Hill,145.4762425,-37.73098542,0,QF22rg74dn,672161,228.7,223.1,45584.1,1302907.9,5,
VK3RYV,439.3000,-5,,FM,Briarty Hill,145.4762425,-37.73098542,0,QF22rg74dn,672161,228.7,223.1,45584.1,1302907.9,5,
VK3RZU,439.6750,-5,,DMR,Mt Buller,146.4344096,-37.14642475,0,QF32fu24du,565406,228.6,221.7,149246.6,1201645.5,5,
VK3RZU,439.6750,-5,,FM,Mt Buller,146.4344096,-37.14642475,0,QF32fu24du,565406,228.6,221.7,149246.6,1201645.5,5,
VK4RAG,147.1500,0.6,,FM,Spring Hill,153.0233264,-27.4603396,0,QG62mm29tm,731313,14.2,21.3,1373215.0,45573.5,5,
VK4RAG,438.6250,-5,,FM,Spring Hill,153.0233264,-27.4603396,0,QG62mm29tm,731313,14.2,21.3,1373215.0,45573.5,5,
VK4RAI,146.9000,-0.6,,FM,The Knobby,152.5916327,-27.50226347,0,QG62hl09xk,718035,11.0,18.2,1347475.7,61693.7,5,
VK4RAI,439.3250,-5,91.5Hz,FM,The Knobby,152.5916327,-27.50226347,0,QG62hl09xk,718035,11.0,18.2,1347475.7,61693.7,5,
VK4RAI,439.3250,-5,91.5Hz,P25 (NAC = 293),The Knobby,152.5916327,-27.50226347,0,QG62hl09xk,718035,11.0,18.2,1347475.7,61693.7,5,
VK4RAR,146.7000,-0.6,91.5Hz,FM,Mt Archer,150.5765568,-23.33725543,0,QG56gp99eb,1168732,356.8,1.4,1691720.9,560716.3,5,
VK4RAR,438.2250,-5,91.5Hz,FM,Mt Archer,150.5765568,-23.33725543,0,QG56gp99eb,1168732,356.8,1.4,1691720.9,560716.3,5,
VK4RAS B,439.9500,-5,,DV,Carborough Range,148.3127279,-21.92074782,0,QG48db79ma,1354105,347.1,351.0,1790798.2,814932.6,5,
VK4RAS,146.8750,-0.6,,FM,Carborough Range,148.3127279,-21.92074782,0,QG48db79ma,1354105,347.1,351.0,1790798.2,814932.6,5,
VK4RAT,146.7000,-0.6,,FM,Mt Stuart,146.7806848,-19.34383816,0,QH30jp37ql,1668026,343.6,346.7,2054632.9,1140757.7,5,
VK4RAT,438.2250,-5,91.5Hz,FM,Mt Stuart,146.7806848,-19.34383816,0,QH30jp37ql,1668026,343.6,346.7,2054632.9,1140757.7,5,
VK4RAT,444.250,805.75,,ATV,Mt Stuart,146.7806848,-19.34383816,0,QH30jp37ql,1668026,343.6,346.7,2054632.9,1140757.7,5,
VK4RAT,53.9500,-1,,FM,Mt Stuart,146.7806848,-19.34383816,0,QH30jp37ql,1668026,343.6,346.7,2054632.9,1140757.7,5,
VK4RAX,147.0750,0.6,,FM,Mt Cotton,153.2155683,-27.61725915,0,QG62oj51uu,719094,16.0,23.1,1368409.1,31909.6,5,
VK4RBA,439.9500,-5,123Hz,FM,Sunnybank,153.0607759,-27.61252899,0,QG62mj72hx,715791,14.8,22.0,1360765.5,28557.5,5,
VK4RBD C,146.6375,-0.6,,DV,Blackdown Tableland,149.1168305,-23.77406759,0,QG46nf44af,1137103,349.1,353.7,1605868.2,601832.5,5,
VK4RBD,146.9500,-0.6,91.5Hz,FM,Blackdown Tableland,149.1168305,-23.77406759,0,QG46nf44af,1137103,349.1,353.7,1605868.2,601832.5,5,
VK4RBG,147.8000,-0.6,,FM,Bundaberg,152.4262926,-24.84247743,0,QG65fd17dt,1007337,7.1,12.4,1602321.7,341382.8,5,
VK4RBG,53.7750,-1,,FM,Bundaberg,152.4262926,-24.84247743,0,QG65fd17dt,1007337,7.1,12.4,1602321.7,341382.8,5,
VK4RBK,439.9000,-5,,FM,Tolga,145.4472632,-17.22296332,0,QH22rs36ql,1931711,341.2,343.9,2282329.3,1414479.8,5,
VK4RBM,146.7750,-0.6,91.5Hz,FM,Blue Mountain,148.9678826,-21.60064568,0,QG48lj65du,1377114,350.2,354.1,1837885.8,808374.9,5,
VK4RBM,439.3000,-5,,FM,Blue Mountain,148.9678826,-21.60064568,0,QG48lj65du,1377114,350.2,354.1,1837885.8,808374.9,5,
VK4RBN,147.0000,-0.6,91.5Hz,FM,Mt Glorious,152.7480128,-27.31528699,0,QG62iq94sh,741266,11.9,18.9,1373153.8,68820.7,5,
VK4RBP,147.1000,0.6,,FM,Butchers Creek,145.6994147,-17.31681037,0,QH22uq33wx,1914356,341.9,344.6,2272585.6,1391495.8,5,
VK4RBP,439.7750,-5,,FM,Butchers Creek,145.6994147,-17.31681037,0,QH22uq33wx,1914356,341.9,344.6,2272585.6,1391495.8,5,
VK4RBP,439.9250,-5,,FM,Butchers Creek,145.6994147,-17.31681037,0,QH22uq33wx,1914356,341.9,344.6,2272585.6,1391495.8,5,
VK4RBP,53.7750,-1,,FM,Butchers Creek,145.6994147,-17.31681037,0,QH22uq33wx,1914356,341.9,344.6,2272585.6,1391495.8,5,
VK4RBQ,146.9500,-0.6,91.5Hz,FM,Mt Coot-tha,152.9471176,-27.46317516,0,QG62lm38pu,729307,13.7,20.7,1369051.0,46485.2,5,
VK4RBQ,439.3000,-5,,FM,Mt Coot-tha,152.9471176,-27.46317516,0,QG62lm38pu,729307,13.7,20.7,1369051.0,46485.2,5,
VK4RBR,147.9500,-0.6,,FM,Mt Gravatt,153.0917058,-27.52659402,0,QG62nl13ao,725768,14.9,22.0,1370473.8,38200.8,5,
VK4RBR,438.2750,-5,,FM,Mt Gravatt,153.0917058,-27.52659402,0,QG62nl13ao,725768,14.9,22.0,1370473.8,38200.8,5,
VK4RBR,53.9750,-1,,FM,Mt Gravatt,153.0917058,-27.52659402,0,QG62nl13ao,725768,14.9,22.0,1370473.8,38200.8,5,
VK4RBS,146.8750,-0.6,,FM,Alexandra Hills,153.2315197,-27.54396419,0,QG62ok79sk,727348,16.0,23.0,1376124.7,39877.0,5,
VK4RBS,439.7250,-5,91.5Hz,FM,Alexandra Hills,153.2315197,-27.54396419,0,QG62ok79sk,727348,16.0,23.0,1376124.7,39877.0,5,
VK4RBT,147.8000,-0.6,,FM,Mt Tambourine,153.2152258,-27.92257928,0,QG62ob58tn,686460,16.8,24.2,1339879.8,16258.2,5,
VK4RBU,146.8000,-0.6,,FM,Mt Goonaneman,152.1221314,-25.43309252,0,QG64bn46pb,939133,5.6,11.3,1530069.2,285745.8,5,
VK4RBU,438.7750,-5,,FM,Mt Goonaneman,152.1221314,-25.43309252,0,QG64bn46pb,939133,5.6,11.3,1530069.2,285745.8,5,
VK4RBW,439.7750,-5,,FM,Watalgan,151.9620524,-24.7013388,0,QG55xh51kq,1018655,4.3,9.6,1597829.2,367837.5,5,
VK4RBX C,146.7875,-0.6,,DV,The Knobby,152.5916327,-27.50226347,0,QG62hl09xk,718035,11.0,18.2,1347475.7,61693.7,5,
VK4RBX,146.6375,-0.6,,P25 (NAC = 293),The Knobby,152.5916327,-27.50226347,0,QG62hl09xk,718035,11.0,18.2,1347475.7,61693.7,5,
VK4RBX,438.4250,-5,123Hz,FM,The Knobby,152.5916327,-27.50226347,0,QG62hl09xk,718035,11.0,18.2,1347475.7,61693.7,5,
VK4RBX,53.9250,-1,,FM,The Knobby,152.5916327,-27.50226347,0,QG62hl09xk,718035,11.0,18.2,1347475.7,61693.7,5,
VK4RBY B,438.4500,-5,,DV,Black Mountain,149.0954654,-21.06403938,0,QG48nw14kp,1433993,351.1,354.8,1898738.6,854202.8,5,
VK4RBY C,146.6500,-0.6,,DV,Black Mountain,149.0954654,-21.06403938,0,QG48nw14kp,1433993,351.1,354.8,1898738.6,854202.8,5,
VK4RCA,146.9500,-0.6,,FM,Mt Haren,145.61219,-16.83652895,0,QH23td39lf,1968051,342.1,344.7,2325469.7,1441778.4,5,
VK4RCA,439.8500,-5,,FM,Cairns,145.7750359,-16.91550849,0,QH23vc30ag,1955041,342.5,345.2,2317220.0,1425422.9,5,
VK4RCC,146.6250,-0.6,,FM,Oceanview,152.8202094,-27.14555098,0,QG62ju85kb,761106,12.2,19.0,1393018.0,83752.2,5,
VK4RCM,146.7250,-0.6,91.5Hz,FM,Mt Boulder,152.805384,-26.25252758,0,QG63jr69pj,858085,10.8,16.9,1478898.1,181033.0,5,
VK4RCN B,438.3250,-5.4,,DV,Mt Haren,145.61219,-16.83652895,0,QH23td39lf,1968051,342.1,344.7,2325469.7,1441778.4,5,
VK4RCQ,147.0000,-0.6,,FM,Banana Range,150.314482,-24.450308,0,QG55dn71rw,1047427,355.0,0.0,1566101.8,467893.4,5,
VK4RCQ,439.8750,-5,,FM,Banana Range,150.314482,-24.450308,0,QG55dn71rw,1047427,355.0,0.0,1566101.8,467893.4,5,
VK4RCR,146.8250,-0.6,,FM,Braeside,151.9252206,-28.39088095,0,QG51xo16ae,611074,6.6,15.1,1229401.1,125613.5,5,
VK4RDD,146.7500,-0.6,,FM,O'Rourke's House,151.9918837,-27.69125793,0,QG52xh94ac,688862,6.5,14.0,1300245.4,107218.6,5,
VK4RDD,439.2750,-5,,FM,O'Rourke's House,151.9918837,-27.69125793,0,QG52xh94ac,688862,6.5,14.0,1300245.4,107218.6,5,
VK4RDK B,438.3125,-5.4,,DV,Mt Tamborine,153.1831131,-27.99672931,0,QG62oa10xs,677694,16.7,24.2,1331267.4,18467.4,5,
VK4RDS A,1273.2000,20,,DV,Wilkes Knob,152.912493,-26.77817495,0,QG63kf93lf,802819,12.2,18.7,1432928.0,121898.3,5,
VK4RDS B,438.5500,-5.2,,DV,Wilkes Knob,152.912493,-26.77817495,0,QG63kf93lf,802819,12.2,18.7,1432928.0,121898.3,5,
VK4RDS C,146.7375,-0.6,,DV,Wilkes Knob,152.912493,-26.77817495,0,QG63kf93lf,802819,12.2,18.7,1432928.0,121898.3,5,
VK4RDW B,438.3500,-5.4,,DV,Wongawallan,153.2598807,-27.88335908,0,QG62pc17ex,691841,17.0,24.4,1345918.7,19642.1,5,
VK4RED,147.2500,0.6,,FM,Dalby,151.2519763,-27.21024521,0,QG52ps09fm,738082,0.3,7.4,1314888.9,193069.1,5,
VK4REG,146.9500,-0.6,91.5Hz,FM,Mt Mowbullan,151.6007642,-26.88856258,0,QG53tc26cr,774633,2.9,9.7,1361896.0,180818.0,5,
VK4REG,438.6500,-5,91.5Hz,FM,Mt Mowbullan,151.6007642,-26.88856258,0,QG53tc26cr,774633,2.9,9.7,1361896.0,180818.0,5,
VK4REG,53.8250,-1,91.5Hz,FM,Mt Mowbullan,151.6007642,-26.88856258,0,QG53tc26cr,774633,2.9,9.7,1361896.0,180818.0,5,
VK4REP,147.0750,0.6,,FM,Middlemount,148.6745963,-22.80955075,0,QG47ie05wq,1250321,347.9,352.1,1700696.4,713477.7,5,
VK4RET,146.6750,-0.6,91.5Hz,FM,Mt Kiangarow,151.5489115,-26.83066391,0,QG53se50up,780817,2.5,9.2,1365481.6,188816.0,5,
VK4RET,438.7000,-5,91.5Hz,FM,Mt Kiangarow,151.5489115,-26.83066391,0,QG53se50up,780817,2.5,9.2,1365481.6,188816.0,5,
VK4RGA,146.9000,-0.6,91.5Hz,FM,Kroombit Tops,150.9396977,-24.35662603,0,QG55lp24sj,1054529,358.5,3.6,1596094.4,443310.9,5,
VK4RGA,147.3750,0.6,91.5Hz,FM,Kroombit Tops,150.9396977,-24.35662603,0,QG55lp24sj,1054529,358.5,3.6,1596094.4,443310.9,5,
VK4RGA,53.7250,-1,,FM,Kroombit Tops,150.9396977,-24.35662603,0,QG55lp24sj,1054529,358.5,3.6,1596094.4,443310.9,5,
VK4RGC,146.7000,-0.6,123Hz,FM,Springbrook,153.2888591,-28.23486197,0,QG61ps43pp,655308,18.2,25.9,1315003.6,46204.3,5,
VK4RGC,438.6000,-5,123Hz,FM,Springbrook,153.2888591,-28.23486197,0,QG61ps43pp,655308,18.2,25.9,1315003.6,46204.3,5,
VK4RGL,439.8000,-5,91.5Hz,FM,Lady Larcom,151.1252439,-23.80434418,0,QG56ne56aw,1115407,359.6,4.4,1660062.1,490441.3,5,
VK4RGT,146.6250,-0.6,91.5Hz,FM,Maurice Hill,151.2425543,-23.93597675,0,QG56ob95ci,1100804,0.2,5.0,1650306.0,472390.3,5,
VK4RGT,438.0500,-5,,FM,Maurice Hill,151.2425543,-23.93597675,0,QG56ob95ci,1100804,0.2,5.0,1650306.0,472390.3,5,
VK4RGY,146.7750,-0.6,,FM,Gympie,152.6714233,-26.1877767,0,QG63it04nw,862951,9.8,15.9,1479019.2,190387.6,5,
VK4RGY,439.9500,-5,,FM,Gympie,152.6714233,-26.1877767,0,QG63it04nw,862951,9.8,15.9,1479019.2,190387.6,5,
VK4RHB,146.6500,-0.6,,FM,Ghost Hill,152.8374443,-25.31061322,0,QG64kq05lk,961537,9.9,15.4,1573221.6,284471.2,5,
VK4RHR,146.9250,-0.6,,FM,Hodgson Range,148.0335589,-22.69269225,0,QG47ah43as,1276813,345.1,349.1,1701765.0,764878.9,5,
VK4RHR,438.5000,-5,,FM,Hodgson Range,148.0335589,-22.69269225,0,QG47ah43as,1276813,345.1,349.1,1701765.0,764878.9,5,
VK4RHT,146.6750,-0.6,,FM,Hann Tableland,145.2534593,-16.9145725,0,QH23pc00jm,1970270,340.9,343.6,2316147.3,1454353.6,5,
VK4RKC,145.6250,0,,FM,Oceanview,152.8202094,-27.14555098,0,QG62ju85kb,761106,12.2,19.0,1393018.0,83752.2,5,
VK4RKC,147.9000,-0.6,,FM,Oceanview,152.8202094,-27.14555098,0,QG62ju85kb,761106,12.2,19.0,1393018.0,83752.2,5,
VK4RKC,29.6600,-100,,FM,Oceanview,152.8202094,-27.14555098,0,QG62ju85kb,761106,12.2,19.0,1393018.0,83752.2,5,
VK4RKC,446.500,-,,ATV,Oceanview,152.8202094,-27.14555098,0,QG62ju85kb,761106,12.2,19.0,1393018.0,83752.2,5,
VK4RKP,146.7250,-0.6,,FM,Mt Crosby,152.7979195,-27.52745194,0,QG62jl53sj,719206,12.6,19.8,1355372.4,46000.1,5,
VK4RKP,444.250,805.75,,ATV,Mt Crosby,152.7979195,-27.52745194,0,QG62jl53sj,719206,12.6,19.8,1355372.4,46000.1,5,
VK4RLB,1273.3500,20,,FM,Logan,153.1001913,-27.6274108,0,QG62ni29ak,715135,15.2,22.3,1361414.2,27185.0,5,
VK4RLB,147.6250,-0.6,,FM,Logan,153.1001913,-27.6274108,0,QG62ni29ak,715135,15.2,22.3,1361414.2,27185.0,5,
VK4RLB,29.1200,0,88.5Hz,FM,Logan,153.1001913,-27.6274108,0,QG62ni29ak,715135,15.2,22.3,1361414.2,27185.0,5,
VK4RLB,438.7500,-5,,FM,Logan,153.1001913,-27.6274108,0,QG62ni29ak,715135,15.2,22.3,1361414.2,27185.0,5,
VK4RLB,53.7250,-1,,FM,Logan,153.1001913,-27.6274108,0,QG62ni29ak,715135,15.2,22.3,1361414.2,27185.0,5,
VK4RLW,146.9750,-0.6,91.5Hz,FM,Spring Mountain,152.8790286,-27.71792408,0,QG62kg57lq,700290,13.6,21.0,1341425.8,24623.8,5,
VK4RLW,438.5000,-5,91.5Hz,FM,Spring Mountain,152.8790286,-27.71792408,0,QG62kg57lq,700290,13.6,21.0,1341425.8,24623.8,5,
VK4RMC,1273.5000,20,,FM,Mt Coot-tha,152.9471176,-27.46317516,0,QG62lm38pu,729307,13.7,20.7,1369051.0,46485.2,5,
VK4RMC,439.9750,-5,,DMR,Mt Coot-tha,152.9471176,-27.46317516,0,QG62lm38pu,729307,13.7,20.7,1369051.0,46485.2,5,
VK4RMG,446.500,836.5,,ATV,Oceanview,152.8202094,-27.14555098,0,QG62ju85kb,761106,12.2,19.0,1393018.0,83752.2,5,
VK4RMI,146.7000,-0.6,,FM,Four Mile Hill,139.5583114,-20.71273734,0,PG99sg68xw,1855669,318.8,320.9,1966134.5,1581836.5,5,
VK4RMK,147.0000,-0.6,,FM,Mt Blackwood,148.9433422,-21.03163824,0,QG48lx32ej,1439791,350.5,354.2,1899249.1,864718.6,5,
VK4RMM,147.1250,0.6,,FM,Stanthorpe,151.9469144,-28.65358139,0,QG51xi33pd,582386,7.1,16.0,1205358.8,139591.0,5,
VK4RMP,146.8000,-0.6,,FM,Midge Point,148.6766306,-20.64762154,0,QG49ii14en,1486052,349.7,353.2,1936111.9,915300.8,5,
VK4RNC,446.500,-,,ATV,Wilkes Knob,152.910371,-26.77726996,0,QG63kf93fk,802876,12.2,18.7,1432911.8,122023.3,5,
VK4RNL,147.2750,0.6,,FM,Doonan,152.9924871,-26.46213195,0,QG63lm99cc,838719,12.3,18.5,1467386.9,156173.8,5,
VK4RNL,439.3750,-5,,FM,Doonan,152.9924871,-26.46213195,0,QG63lm99cc,838719,12.3,18.5,1467386.9,156173.8,5,
VK4ROM,146.6500,-0.6,,FM,Grafton Range,148.8421778,-26.57539992,0,QG43kk11bv,839791,343.7,349.5,1298280.0,441816.2,5,
VK4RPU,146.7500,-0.6,,FM,Mt Perry,151.6880069,-25.19148493,0,QG54ut24nb,962853,2.9,8.4,1537049.0,326810.0,5,
VK4RPU,29.6300,-100,,FM,Mt Perry,151.6880069,-25.19148493,0,QG54ut24nb,962853,2.9,8.4,1537049.0,326810.0,5,
VK4RPU,438.7500,-5,,FM,Mt Perry,151.6880069,-25.19148493,0,QG54ut24nb,962853,2.9,8.4,1537049.0,326810.0,5,
VK4RRC,146.9250,-0.6,,FM,Wamuran,152.8231054,-27.03671622,0,QG62jx81se,772990,12.0,18.7,1403626.0,95308.4,5,
VK4RRC,438.3250,-5,91.5Hz,FM,Wamuran,152.8231054,-27.03671622,0,QG62jx81se,772990,12.0,18.7,1403626.0,95308.4,5,
VK4RRC,53.6250,-1,,FM,Wamuran,152.8231054,-27.03671622,0,QG62jx81se,772990,12.0,18.7,1403626.0,95308.4,5,
VK4RRR,146.9750,-0.6,,FM,Mt Seaview,148.7107986,-21.44095148,0,QG48in54he,1398808,349.3,353.0,1850267.1,837107.4,5,
VK4RSA B,438.2750,-5.4,,DV,Sarina,149.1695496,-21.49752105,0,QG48om00io,1385397,351.2,355.0,1853217.5,808164.3,5,
VK4RSA,146.6750,-0.6,,FM,Sarina,149.1695496,-21.49752105,0,QG48om00io,1385397,351.2,355.0,1853217.5,808164.3,5,
VK4RSA,147.0750,0.6,,P25 (NAC = 293),Sarina,149.1695496,-21.49752105,0,QG48om00io,1385397,351.2,355.0,1853217.5,808164.3,5,
VK4RSA,439.6250,-5,,FM,Sarina,149.1695496,-21.49752105,0,QG48om00io,1385397,351.2,355.0,1853217.5,808164.3,5,
VK4RSA,53.8000,-1,,FM,Sarina,149.1695496,-21.49752105,0,QG48om00io,1385397,351.2,355.0,1853217.5,808164.3,5,
VK4RSC,1273.3000,20,91.5Hz,FM,Wilkes Knob,152.912493,-26.77817495,0,QG63kf93lf,802819,12.2,18.7,1432928.0,121898.3,5,
VK4RSC,146.8500,-0.6,91.5Hz,FM,Wilkes Knob,152.912493,-26.77817495,0,QG63kf93lf,802819,12.2,18.7,1432928.0,121898.3,5,
VK4RSC,438.0750,-5,91.5Hz,FM,Wilkes Knob,152.912493,-26.77817495,0,QG63kf93lf,802819,12.2,18.7,1432928.0,121898.3,5,
VK4RSL,146.8250,-0.6,91.5Hz,FM,Noosa Heads,153.0975279,-26.38926797,0,QG63no16qn,848743,12.9,19.0,1479530.6,164139.2,5,
VK4RSL,438.1750,-5,91.5Hz,FM,Noosa Heads,153.0975279,-26.38926797,0,QG63no16qn,848743,12.9,19.0,1479530.6,164139.2,5,
VK4RSM,439.3000,-5,91.5Hz,FM,Spring Mountain,152.8790286,-27.71792408,0,QG62kg57lq,700290,13.6,21.0,1341425.8,24623.8,5,
VK4RSN,53.7000,-1,,FM,Wilkes Knob,152.912493,-26.77817495,0,QG63kf93lf,802819,12.2,18.7,1432928.0,121898.3,5,
VK4RSP,146.8250,-0.6,,FM,Roddas Lookout,148.1542224,-24.14237405,0,QG45bu85mt,1118058,343.8,348.3,1545705.4,641638.4,5,
VK4RSS,438.5750,-5,91.5Hz,FM,Ocean View,152.8293951,-27.13369494,0,QG62ju97mv,762573,12.2,19.0,1394610.8,84763.5,5,
VK4RTQ,147.2250,-1.6,,P25 (NAC = 293),Mt Kynoch,151.9558648,-27.50616557,0,QG52xl48qm,708905,6.0,13.4,1316626.7,116236.0,5,
VK4RTQ,438.0250,-5,91.5Hz,FM,Mt Kynoch,151.9558648,-27.50616557,0,QG52xl48qm,708905,6.0,13.4,1316626.7,116236.0,5,
VK4RTQ,439.4875,-5,,DMR,Mt Kynoch,151.9558648,-27.50616557,0,QG52xl48qm,708905,6.0,13.4,1316626.7,116236.0,5,
VK4RTV,446.500,-,,ATV,Oceanview,152.8202094,-27.14555098,0,QG62ju85kb,761106,12.2,19.0,1393018.0,83752.2,5,
VK4RUS B,438.4500,-5,,DV,Sarina,149.2376578,-21.39424773,0,QG48oo85mj,1395779,351.5,355.3,1865848.2,814952.1,5,
VK4RWM,147.1750,0.6,,FM,North Ipswich,152.7582875,-27.59031207,0,QG62jj08xh,711590,12.4,19.7,1347384.8,43046.0,5,
VK4RWM,438.3750,-5,91.5Hz,FM,North Ipswich,152.7582875,-27.59031207,0,QG62jj08xh,711590,12.4,19.7,1347384.8,43046.0,5,
VK4RWM,439.9250,-5,91.5Hz,FM,North Ipswich,152.7582875,-27.59031207,0,QG62jj08xh,711590,12.4,19.7,1347384.8,43046.0,5,
VK4RWN A,1273.1000,20,,DV,Springbrook,153.2888591,-28.23486197,0,QG61ps43pp,655308,18.2,25.9,1315003.6,46204.3,5,
VK4RWN AD,1298.3000,0,,DV,Springbrook,153.2888591,-28.23486197,0,QG61ps43pp,655308,18.2,25.9,1315003.6,46204.3,5,
VK4RWN B,438.2250,-5.4,,DV,Springbrook,153.2888591,-28.23486197,0,QG61ps43pp,655308,18.2,25.9,1315003.6,46204.3,5,
VK4RWN C,146.8375,-0.6,,DV,Springbrook,153.2888591,-28.23486197,0,QG61ps43pp,655308,18.2,25.9,1315003.6,46204.3,5,
VK4RWS,438.6750,-5,91.5Hz,FM,Blue Mountain,148.9678826,-21.60064568,0,QG48lj65du,1377114,350.2,354.1,1837885.8,808374.9,5,
VK4RXZ,439.9000,-5,,FM,Maleny,152.7997949,-26.79724575,0,QG63je58xp,798605,11.5,18.0,1425610.4,121672.9,5,
VK4RZA,438.1000,-5,91.5Hz,FM,Springbrook,153.2903511,-28.23262898,0,QG61ps44ue,655587,18.2,25.9,1315290.7,46059.7,5,
VK4RZB,1273.4000,20,91.5Hz,FM,Mt Coot-tha,152.9540427,-27.47974406,0,QG62lm44lu,727668,13.7,20.8,1367831.2,44538.8,5,
VK4RZB,438.2000,-5,91.5Hz,FM,Mt Coot-tha,152.9540427,-27.47974406,0,QG62lm44lu,727668,13.7,20.8,1367831.2,44538.8,5,
VK4RZC,438.1250,-5,91.5Hz,FM,Wilkes Knob,152.9154499,-26.77894393,0,QG63kf93ub,802794,12.2,18.7,1432998.0,121778.7,5,
VK4RZD,438.0500,-5,91.5Hz,FM,Mt Perseverance,152.1613356,-27.41336554,0,QG62bo90it,721365,7.5,14.8,1335293.3,102200.1,5,
VK5RAC,146.7500,-0.6,,FM,Pillaworta Hill,135.9540644,-34.39262403,0,PF75xo45ls,1406932,263.3,262.8,895629.9,1781435.1,5,
VK5RAC,439.8500,-5,,FM,Pillaworta Hill,135.9540644,-34.39262403,0,PF75xo45ls,1406932,263.3,262.8,895629.9,1781435.1,5,
VK5RAD,147.0000,-0.6,,FM,Crafers,138.6987726,-34.99845193,0,PF95ia30ui,1155787,260.3,259.2,643197.3,1575180.5,5,
VK5RAD,439.9250,-5,,FM,Crafers,138.6987726,-34.99845193,0,PF95ia30ui,1155787,260.3,259.2,643197.3,1575180.5,5,
VK5RAE,146.9750,-0.6,,FM,Mt Arden,137.9788059,-32.15191253,0,PF87xu73km,1249798,275.1,275.2,894982.5,1528866.0,5,
VK5RAH,146.7750,-0.6,,FM,Lobethal,138.8712497,-34.88277789,0,PF95kc48nd,1139506,260.9,259.8,636531.3,1555383.6,5,
VK5RBK,146.7250,-0.6,,FM,Mount Barker,138.9218588,-35.07098492,0,PF94lw02ox,1135870,259.8,258.6,621602.7,1560555.0,5,
VK5RBT,147.3500,0.6,,FM,Willalooka,140.4596726,-36.41602667,0,QF03fo50dd,1018806,250.8,248.8,429732.2,1517931.8,5,
VK5RBV,146.8250,-0.6,,FM,Mt Kitchener,139.005935,-34.5719765,0,PF95mk02rr,1126368,262.6,261.6,645613.6,1529335.2,5,
VK5RBV,439.8000,-5,,FM,Mt Kitchener,139.005935,-34.5719765,0,PF95mk02rr,1126368,262.6,261.6,645613.6,1529335.2,5,
VK5RCT,438.3250,-5,91.5Hz,FM,Moonta,137.6536304,-34.04730666,0,PF85tw88kp,1252057,265.3,264.7,780972.8,1621186.4,5,
VK5RDC,446.500,828.5,,ATV,The Bluff,138.1645445,-33.10593712,0,PF96bv94rn,1214312,270.4,270.1,808525.4,1541600.3,5,
VK5REP,146.8000,-0.6,,FM,Coolanie,136.7798231,-33.6054379,0,PF86jj34nq,1336239,267.2,266.8,875396.9,1681299.2,5,
VK5REX B,438.2250,-5.4,,DV,Winter Hill,135.8281648,-34.70165131,0,PF75vh91jo,1417715,261.9,261.3,890632.1,1803865.0,5,
VK5REX C,146.9625,-0.6,,DV,Winter Hill,135.8281648,-34.70165131,0,PF75vh91jo,1417715,261.9,261.3,890632.1,1803865.0,5,
VK5RHO,1273.3750,20,,FM,Anstey Hill,138.7494496,-34.8419086,0,PF95id97ww,1150479,261.1,260.1,648363.0,1563423.7,5,
VK5RHO,146.8500,-0.6,,FM,Anstey Hill,138.7494496,-34.8419086,0,PF95id97ww,1150479,261.1,260.1,648363.0,1563423.7,5,
VK5RHO,439.8750,-5,,FM,Anstey Hill,138.7494496,-34.8419086,0,PF95id97ww,1150479,261.1,260.1,648363.0,1563423.7,5,
VK5RKN,147.3750,0.6,,FM,Mt Benson,139.8114862,-37.03279016,0,PF92vx72jd,1091719,248.0,245.9,464654.6,1604725.5,5,
VK5RLD,147.3250,0.6,,FM,Moorook,140.3333241,-34.2500003,0,QF05ds90xa,1004353,264.5,263.6,575142.2,1403994.3,5,
VK5RLH,146.9250,-0.6,,FM,Bumbunga Hill,138.1304025,-33.90360264,0,PF96bc53pd,1208949,266.2,265.6,754518.4,1574340.8,5,
VK5RLZ,10350.00,-140,,ATV,Elizabeth,138.6490742,-34.74244786,0,PF95hg71vt,1159366,261.7,260.7,662046.4,1566985.3,5,
VK5RLZ,1273.5500,20,,FM,Elizabeth,138.6490742,-34.74244786,0,PF95hg71vt,1159366,261.7,260.7,662046.4,1566985.3,5,
VK5RLZ,146.6250,-0.6,,FM,Elizabeth,138.6490742,-34.74244786,0,PF95hg71vt,1159366,261.7,260.7,662046.4,1566985.3,5,
VK5RLZ,2415.000,-1165,,ATV,Elizabeth,138.6490742,-34.74244786,0,PF95hg71vt,1159366,261.7,260.7,662046.4,1566985.3,5,
VK5RLZ,439.9750,-5,91.5Hz,FM,Elizabeth,138.6490742,-34.74244786,0,PF95hg71vt,1159366,261.7,260.7,662046.4,1566985.3,5,
VK5RLZ,53.7750,-1,,FM,Elizabeth,138.6490742,-34.74244786,0,PF95hg71vt,1159366,261.7,260.7,662046.4,1566985.3,5,
VK5RLZ,5815.000,-80,,ATV,Elizabeth,138.6490742,-34.74244786,0,PF95hg71vt,1159366,261.7,260.7,662046.4,1566985.3,5,
VK5RMB,146.8750,-0.6,,FM,Mt Beevor,139.0347262,-34.92910361,0,PF95mb47ea,1124788,260.6,259.5,621177.0,1544273.7,5,
VK5RMG,146.9000,-0.6,,FM,The Bluff,140.570599,-37.72577138,0,QF02gg85lt,1051659,242.9,240.4,387656.7,1598173.5,5,
VK5RMK B,438.0750,-5.4,,DV,Renmark,140.7154301,-34.1585558,0,QF05iu51uw,969289,265.2,264.2,558136.6,1368017.0,5,
VK5RMN,146.7000,-0.6,,FM,The Bluff,138.1627721,-33.08640426,0,PF96bv99mg,1214764,270.5,270.2,810103.3,1541083.4,5,
VK5RNC,146.6500,-0.6,,FM,Naracoorte,140.7704499,-36.97904119,0,QF03ja25ka,1008073,247.0,244.6,383144.1,1532624.2,5,
VK5ROC,439.9500,-5,,FM,Lower Light,138.3750029,-34.54665609,0,PF95ek58at,1184258,262.8,261.9,694955.8,1580832.2,5,
VK5ROH,439.8250,-5,,FM,Blue Lake,140.7763492,-37.83314882,0,QF02je30db,1039118,242.0,239.4,369149.4,1591923.2,5,
VK5RSA,438.0250,-5,,FM,Adelaide CBD,138.6033836,-34.92782315,0,PF95hb27jh,1164159,260.7,259.6,654700.7,1579588.9,5,
VK5RSB,1273.5000,20,,FM,Summertown,138.7169783,-34.94923151,0,PF95ib62ae,1153885,260.5,259.5,644596.7,1571286.6,5,
VK5RSB,439.9000,-5,91.5Hz,FM,Summertown,138.7169783,-34.94923151,0,PF95ib62ae,1153885,260.5,259.5,644596.7,1571286.6,5,
VK5RSB,53.7500,-1,,FM,Summertown,138.7169783,-34.94923151,0,PF95ib62ae,1153885,260.5,259.5,644596.7,1571286.6,5,
VK5RSC,1273.4500,20,,FM,Mt Terrible,138.5017764,-35.33110131,0,PF94gq00fm,1175935,258.5,257.3,640916.0,1607725.6,5,
VK5RSC,147.6750,-118.055,141.3Hz,FM,Mt Terrible,138.5017764,-35.33110131,0,PF94gq00fm,1175935,258.5,257.3,640916.0,1607725.6,5,
VK5RSC,29.6200,-100,,FM,Mt Terrible,138.5017764,-35.33110131,0,PF94gq00fm,1175935,258.5,257.3,640916.0,1607725.6,5,
VK5RSC,29.6200,118.055,141.3Hz,FM,Mt Terrible,138.5017764,-35.33110131,0,PF94gq00fm,1175935,258.5,257.3,640916.0,1607725.6,5,
VK5RSC,438.0750,-5,,FM,Mt Terrible,138.5017764,-35.33110131,0,PF94gq00fm,1175935,258.5,257.3,640916.0,1607725.6,5,
VK5RSC,439.8250,-5,,FM,Mt Terrible,138.5017764,-35.33110131,0,PF94gq00fm,1175935,258.5,257.3,640916.0,1607725.6,5,
VK5RSE,146.8000,-0.6,,FM,Mt Graham,140.4468159,-37.5246726,0,QF02fl34ob,1054246,244.3,241.9,400263.1,1592603.8,5,
VK5RSV,146.6750,-0.6,,FM,Willunga Hill,138.5980211,-35.2731902,0,PF94hr14sk,1166738,258.8,257.6,636162.7,1597011.8,5,
VK5RVH B,438.5250,-5,,DV,Brown Hill,138.6463647,-35.50572521,0,PF94hl78np,1164476,257.5,256.2,620459.4,1604969.5,5,
VK5RWH,1286.250,-842,,ATV,O'Halloran Hill,138.5540057,-35.05194309,0,PF94gw67lm,1169267,260.0,258.9,651588.5,1589655.5,5,
VK5RWN A,1273.7000,20,,DV,Banksia Park,138.748772,-34.81375852,0,PF95ie94uq,1150445,261.3,260.2,650092.8,1562128.1,5,
VK5RWN AD,1299.7000,0,,DV,Banksia Park,138.748772,-34.81375852,0,PF95ie94uq,1150445,261.3,260.2,650092.8,1562128.1,5,
VK5RWN B,438.4000,-5.4,,DV,Banksia Park,138.748772,-34.81375852,0,PF95ie94uq,1150445,261.3,260.2,650092.8,1562128.1,5,
VK5RWN C,146.9375,-0.6,,DV,Banksia Park,138.748772,-34.81375852,0,PF95ie94uq,1150445,261.3,260.2,650092.8,1562128.1,5,
VK6RAA,146.8250,-0.6,,FM,Mt Barker,117.6470546,-34.65574682,0,OF85ti72po,3077814,258.8,258.7,2472069.5,3437154.3,5,
VK6RAA,439.9500,-5,,FM,Mt Barker,117.6470546,-34.65574682,0,OF85ti72po,3077814,258.8,258.7,2472069.5,3437154.3,5,
VK6RAK,147.0000,-0.6,,FM,Kalgoorlie,121.4602164,-30.81674951,0,PF09re53fx,2810975,268.6,268.8,2291195.2,3076076.1,5,
VK6RAL,146.7250,-0.6,,FM,Mt Clarence,117.8947009,-35.02478333,0,OF84wx74ib,3049902,258.1,258.0,2439181.1,3416778.3,5,
VK6RAL,439.9500,-5,,FM,Mt Clarence,117.8947009,-35.02478333,0,OF84wx74ib,3049902,258.1,258.0,2439181.1,3416778.3,5,
VK6RAP,146.7000,-0.6,,FM,Roleystone,116.0515497,-32.10005215,0,OF87av65ex,3275956,263.5,263.6,2704507.6,3584602.4,5,
VK6RAP,439.8000,-5,123Hz,FM,Roleystone,116.0515497,-32.10005215,0,OF87av65ex,3275956,263.5,263.6,2704507.6,3584602.4,5,
VK6RAP,53.8000,-1,,FM,Roleystone,116.0515497,-32.10005215,0,OF87av65ex,3275956,263.5,263.6,2704507.6,3584602.4,5,
VK6RAV B,438.9250,-5,,DV,Hoddy Well,116.4889882,-31.63104189,0,OF88fi88qn,3247802,264.6,264.7,2685772.1,3545566.8,5,
VK6RAV,147.2750,0.6,,FM,Hoddy Well,116.4889882,-31.63104189,0,OF88fi88qn,3247802,264.6,264.7,2685772.1,3545566.8,5,
VK6RAV,438.5250,-5,,FM,Hoddy Well,116.4889882,-31.63104189,0,OF88fi88qn,3247802,264.6,264.7,2685772.1,3545566.8,5,
VK6RAW,147.0000,-0.6,,FM,Fairfield,117.5215985,-33.79398496,0,OF86se29ok,3104008,260.6,260.6,2511293.0,3445379.3,5,
VK6RBN,147.3500,0.6,,FM,Chapman Hill,115.3701635,-33.81446999,0,OF76qe44km,3299794,259.9,259.9,2699989.3,3644603.3,5,
VK6RBN,438.6750,-5,,FM,Chapman Hill,115.3701635,-33.81446999,0,OF76qe44km,3299794,259.9,259.9,2699989.3,3644603.3,5,
VK6RBY,146.6500,-0.6,,FM,Harvey,115.9260233,-33.10002042,0,OF76xv15cx,3263954,261.5,261.5,2676552.1,3593425.8,5,
VK6RBY,438.6500,-5,,FM,Harvey,115.9260233,-33.10002042,0,OF76xv15cx,3263954,261.5,261.5,2676552.1,3593425.8,5,
VK6RCT,147.2000,0.6,,FM,Yandan Hill,115.5981692,-30.75836347,0,OF79tf17sx,3354393,265.9,266.1,2802162.3,3636554.2,5,
VK6RCT,438.5250,-5,,FM,Yandan Hill,115.5981692,-30.75836347,0,OF79tf17sx,3354393,265.9,266.1,2802162.3,3636554.2,5,
VK6REC,147.1750,0.6,,FM,Wooroloo,116.3623984,-31.79286947,0,OF88ee39lr,3255211,264.3,264.3,2689994.4,3556698.7,5,
VK6REX,146.8500,-0.6,,FM,Exmouth,114.150467,-21.78225418,0,OG78bf82bg,3863528,280.5,281.0,3444782.1,3974241.7,5,
VK6RFM,146.9500,-0.6,,FM,Attadale,115.7876059,-32.02670632,0,OF77vx43mo,3302078,263.6,263.6,2730672.8,3609845.6,5,
VK6RGF,438.1250,-5,,FM,Kalgoorlie,121.4727815,-30.7658329,0,PF09rf66re,2811262,268.8,268.9,2292611.5,3075073.6,5,
VK6RGN,147.0000,-0.6,,FM,Geraldton,114.6774446,-28.68293663,0,OG71ih16hc,3507291,269.3,269.6,2983107.5,3750459.9,5,
VK6RHF,29.6800,-100,179.9Hz,FM,Leeming,116.0707907,-32.1861746,0,OF87at85lh,3272036,263.4,263.4,2699312.8,3582419.7,5,
VK6RKN,147.3250,0.6,,FM,Kellerberrin,117.7098468,-31.62278019,0,OF88uj50em,3135506,265.2,265.3,2579361.9,3429895.6,5,
VK6RLM,146.7500,-0.6,,FM,Roleystone,116.0492017,-32.10161319,0,OF87av55vo,3276132,263.5,263.6,2704649.8,3584817.0,5,
VK6RLM,438.5250,-5,,FM,Roleystone,116.0492017,-32.10161319,0,OF87av55vo,3276132,263.5,263.6,2704649.8,3584817.0,5,
VK6RLX B,438.1500,-5.4,,DV,Gosnells,115.9880326,-32.07444561,0,OF77xw82nd,3282440,263.5,263.6,2711128.4,3590708.7,5,
VK6RLX C,146.8625,-1.6,,DV,Gosnells,115.9880326,-32.07444561,0,OF77xw82nd,3282440,263.5,263.6,2711128.4,3590708.7,5,
VK6RMJ,147.1500,0.6,,FM,Manjimup,115.9853383,-34.2203672,0,OF75xs87fc,3236102,259.3,259.2,2632226.5,3588205.8,5,
VK6RMS,147.2500,0.6,,FM,Mt Saddleback,116.4508615,-32.96485495,0,OF87fa48ck,3218874,261.9,262.0,2635445.5,3544593.4,5,
VK6RMS,438.5250,-5,,FM,Mt Saddleback,116.4508615,-32.96485495,0,OF87fa48ck,3218874,261.9,262.0,2635445.5,3544593.4,5,
VK6RMW,146.9000,-0.6,,FM,Mt William,116.0238753,-32.9379848,0,OF87ab24uv,3258585,261.8,261.9,2674005.4,3584557.9,5,
VK6RNA,438.7250,-5,123Hz,FM,Wanneroo,115.8193574,-31.7553979,0,OF78vf88hq,3306178,264.1,264.2,2739163.1,3608278.7,5,
VK6RNC,146.6250,-0.6,,FM,Wanneroo,115.8135675,-31.75646198,0,OF78vf78pk,3306683,264.1,264.2,2739625.9,3608820.5,5,
VK6RNR,146.6750,-0.6,,FM,Northampton,114.6507602,-28.23660544,0,OG71hs83cf,3525979,270.1,270.4,3008740.5,3760254.4,5,
VK6RNS,439.9250,-5,,FM,Whiteman Park,115.9329413,-31.73334944,0,OF78xg13wx,3296304,264.2,264.3,2730135.4,3597655.1,5,
VK6ROO,146.7750,-0.6,,FM,Geraldton,114.6014832,-28.77635946,0,OG71hf23eq,3510995,269.1,269.4,2984872.9,3756369.6,5,
VK6ROT,147.0750,0.6,,FM,Rottnest Is,115.5248241,-32.00002293,0,OF77sx29xx,3326919,263.5,263.6,2754830.2,3634782.0,5,
VK6ROT,439.7000,-5,,FM,Rottnest Is,115.5248241,-32.00002293,0,OF77sx29xx,3326919,263.5,263.6,2754830.2,3634782.0,5,
VK6ROX B,438.1250,-5.4,,DV,East Fremantle,115.7752544,-32.0453516,0,OF77vw39ac,3302739,263.5,263.6,2730991.7,3610920.4,5,
VK6RRR,438.2000,-5.4,,DMR,Kalamunda,116.0407893,-31.96828816,0,OF88aa47vo,3280284,263.8,263.9,2710868.4,3586227.8,5,
VK6RTH,146.8000,-0.6,,FM,Tic Hill,116.0639376,-31.82576784,0,OF88ae71qt,3281828,264.1,264.2,2714769.5,3584758.8,5,
VK6RTH,438.2250,-5,,FM,Tic Hill,116.0639376,-31.82576784,0,OF88ae71qt,3281828,264.1,264.2,2714769.5,3584758.8,5,
VK6RTP,146.6250,-0.6,,FM,Tom Price,117.7611628,-22.71923716,0,OG87vg17ij,3486635,281.9,282.4,3088878.3,3588029.4,5,
VK6RWN A,1273.9000,20,,DV,Roleystone,116.0515497,-32.10005215,0,OF87av65ex,3275956,263.5,263.6,2704507.6,3584602.4,5,
VK6RWN AD,1298.3000,0,,DV,Roleystone,116.0515497,-32.10005215,0,OF87av65ex,3275956,263.5,263.6,2704507.6,3584602.4,5,
VK6RWN B,438.1750,-5.4,,DV,Roleystone,116.0515497,-32.10005215,0,OF87av65ex,3275956,263.5,263.6,2704507.6,3584602.4,5,
VK6RWN C,146.8375,-0.6,,DV,Roleystone,116.0515497,-32.10005215,0,OF87av65ex,3275956,263.5,263.6,2704507.6,3584602.4,5,
VK6RWR,146.7000,-0.6,,FM,Wickham,117.1309256,-20.67371835,0,OG89nh58rh,3654992,284.7,285.3,3284979.9,3720280.2,5,
VK7RAA,147.0000,-0.6,,FM,Mt Barrow,147.4220554,-41.37726594,0,QE38ro09pk,897725,200.7,195.8,448177.3,1584154.6,5,
VK7RAA,53.8750,-1,,FM,Mt Barrow,147.4220554,-41.37726594,0,QE38ro09pk,897725,200.7,195.8,448177.3,1584154.6,5,
VK7RAB,438.5500,-5,,FM,Mt Arthur,147.2880332,-41.27753224,0,QE38pr43nj,892051,201.7,196.7,433090.7,1577836.9,5,
VK7RAC,147.3750,0.6,,FM,Table Cape,145.720715,-40.95226883,0,QE29ub61lk,923747,210.1,205.5,354395.2,1598888.7,5,
VK7RAC,438.6500,-5,141.3Hz,FM,Table Cape,145.720715,-40.95226883,0,QE29ub61lk,923747,210.1,205.5,354395.2,1598888.7,5,
VK7RAC,53.8250,-1,,FM,Table Cape,145.720715,-40.95226883,0,QE29ub61lk,923747,210.1,205.5,354395.2,1598888.7,5,
VK7RAD,146.7000,-0.6,141.3Hz,FM,Queens Domain,147.3103875,-42.84651833,0,QE37pd76fu,1052945,197.7,193.6,593118.2,1740722.6,5,
VK7RAD,147.9750,-0.6,141.3Hz,FM,Queens Domain,147.3103875,-42.84651833,0,QE37pd76fu,1052945,197.7,193.6,593118.2,1740722.6,5,
VK7RAD,53.8250,-1,,FM,Queens Domain,147.3103875,-42.84651833,0,QE37pd76fu,1052945,197.7,193.6,593118.2,1740722.6,5,
VK7RAF,146.6500,-0.6,123Hz,FM,Mt Faulkner,147.1915097,-42.79223288,0,QE37oe29xu,1050691,198.3,194.2,584129.0,1738267.5,5,
VK7RAF,438.5500,-5,,FM,Mt Faulkner,147.1915097,-42.79223288,0,QE37oe29xu,1050691,198.3,194.2,584129.0,1738267.5,5,
VK7RAK,146.8000,-0.6,,FM,Gagebrook,147.2664268,-42.74027497,0,QE37pg12xi,1043126,198.1,194.0,580802.1,1730776.3,5,
VK7RAK,438.7000,-5,,FM,Gagebrook,147.2664268,-42.74027497,0,QE37pg12xi,1043126,198.1,194.0,580802.1,1730776.3,5,
VK7RAL,439.9000,-5,141.3Hz,FM,Companion Hill,145.7281878,-41.34121685,0,QE28up78jc,959763,208.6,204.2,397017.4,1637177.2,5,
VK7RBH,438.0500,-5,,FM,Ben Lomond,147.6588142,-41.53306696,0,QE38tl92bb,906286,199.1,194.3,472971.3,1593564.9,5,
VK7RBI,147.3000,0,114.8Hz,FM,Alonnah,147.2450586,-43.31158781,0,QE36oq95jf,1103360,197.0,193.1,640124.6,1791299.4,5,
VK7RCH,438.5750,-5,123Hz,FM,Grey Mountain,147.1161356,-43.09150637,0,QE36nv38wa,1083970,198.0,194.0,613628.2,1771653.4,5,
VK7RCH,53.7000,-1,,FM,Grey Mountain,147.1161356,-43.09150637,0,QE36nv38wa,1083970,198.0,194.0,613628.2,1771653.4,5,
VK7RCR C,146.9625,-0.6,,DV,Lenah Valley,147.2779011,-42.86164982,0,QE37pd33ie,1055438,197.8,193.7,593778.8,1743184.8,5,
VK7RCR,147.8750,-1.8,123Hz,FM,Lenah Valley,147.2779011,-42.86164982,0,QE37pd33ie,1055438,197.8,193.7,593778.8,1743184.8,5,
VK7RCR,438.5250,-5,91.5Hz,FM,Lenah Valley,147.2779011,-42.86164982,0,QE37pd33ie,1055438,197.8,193.7,593778.8,1743184.8,5,
VK7RDR,439.7750,-5,91.5Hz,FM,Dazzler Range,146.7193139,-41.2352298,0,QE38is63hn,908463,204.5,199.8,408549.0,1591585.2,5,
VK7RDS,439.7500,-5,,FM,Mt Nelson,147.3164265,-42.91953487,0,QE37pb79xh,1060397,197.5,193.5,600899.0,1748223.5,5,
VK7REC,146.9000,-0.6,,FM,Snow Hill,147.8356447,-41.91581919,0,QE38wc00ge,941025,197.3,192.7,517197.4,1628902.6,5,
VK7REC,439.7000,-5,,FM,Snow Hill,147.8356447,-41.91581919,0,QE38wc00ge,941025,197.3,192.7,517197.4,1628902.6,5,
VK7RHF,29.6800,-100,91.5Hz,FM,Mt Nelson,147.3148845,-42.91984588,0,QE37pb79sf,1060473,197.5,193.5,600888.1,1748297.4,5,
VK7RHT,146.8500,-0.6,,FM,Snug Tiers,147.209459,-43.09265209,0,QE36ov57ds,1081452,197.6,193.6,616138.7,1769252.8,5,
VK7RIN,438.5000,-5,,FM,Barren Tier,146.7551898,-42.01830202,0,QE37jx05oo,985317,202.0,197.7,491134.1,1670688.7,5,
VK7RMD,146.6250,-0.6,,FM,Mt Duncan,146.0356037,-41.19458418,0,QE38at43gh,932427,207.8,203.2,386377.9,1611239.6,5,
VK7RMD,29.6300,-100,,FM,Mt Duncan,146.0356037,-41.19458418,0,QE38at43gh,932427,207.8,203.2,386377.9,1611239.6,5,
VK7RMD,438.6000,-5,141.3Hz,FM,Mt Duncan,146.0356037,-41.19458418,0,QE38at43gh,932427,207.8,203.2,386377.9,1611239.6,5,
VK7RMD,53.8000,-1,,FM,Mt Duncan,146.0356037,-41.19458418,0,QE38at43gh,932427,207.8,203.2,386377.9,1611239.6,5,
VK7RML,439.9500,-5,141.3Hz,FM,Mt Lloyd,146.960276,-42.84472642,0,QE37ld57fg,1062990,199.1,195.1,583642.5,1750207.0,5,
VK7RNW,146.7500,-0.6,,FM,Ulverstone West,146.1209519,-41.12599595,0,QE38bu49ms,922214,207.7,203.0,380836.6,1601276.6,5,
VK7RRR B,438.1250,-5.4,,DV,Richmond,147.4216618,-42.74250123,0,QE37rg01ot,1038977,197.4,193.3,585595.1,1726826.1,5,
VK7RTC,439.8250,-5,91.5Hz,FM,Mt Wellington,147.2362127,-42.89486475,0,QE37oc85if,1060080,197.9,193.8,596095.6,1747794.0,5,
VK7RTV,146.7750,-0.6,,FM,Stowport,145.9078094,-41.12580503,0,QE28wu89wt,931495,208.6,204.0,376464.6,1609058.2,5,
VK7RTV,446.500,803.5,,ATV,Gawler,146.1547788,-41.2006548,0,QE38bt81nu,927912,207.2,202.6,389585.1,1607552.3,5,
VK7RTV,53.7750,-1,,FM,Gawler,146.1547788,-41.2006548,0,QE38bt81nu,927912,207.2,202.6,389585.1,1607552.3,5,
VK7RWC,147.0750,0.6,123Hz,FM,Mt Read,145.541521,-41.84420647,0,QE28sd47xj,1015510,207.7,203.5,450167.4,1694157.5,5,
VK8RAD A,1293.4000,-20,,DV,Palmerston,130.8983075,-12.40001798,0,PH57ko73tx,3145506,314.3,315.6,3143917.6,2872142.9,5,
VK8RAD AD,1274.0500,0,,DV,Palmerston,130.8983075,-12.40001798,0,PH57ko73tx,3145506,314.3,315.6,3143917.6,2872142.9,5,
VK8RAD B,438.7500,-5,,DV,Palmerston,130.8983075,-12.40001798,0,PH57ko73tx,3145506,314.3,315.6,3143917.6,2872142.9,5,
VK8RAD C,146.7000,-0.6,,DV,Palmerston,130.8983075,-12.40001798,0,PH57ko73tx,3145506,314.3,315.6,3143917.6,2872142.9,5,
VK8RCA,146.9500,-0.6,91.5Hz,FM,West Gap,133.8565777,-23.72220535,0,PG66wg26sq,2028456,299.1,300.4,1886778.5,1977694.7,5,
VK8RDA,146.9000,-0.6,123Hz,FM,Darwin,130.984368,-12.48079358,0,PH57lm84co,3132719,314.3,315.6,3131952.8,2859232.6,5,
VK8RDA,438.2750,-5,91.5Hz,FM,Darwin,130.984368,-12.48079358,0,PH57lm84co,3132719,314.3,315.6,3131952.8,2859232.6,5,
VK8RIT,438.5250,-5,91.5Hz,FM,West Gap,133.8565777,-23.72220535,0,PG66wg26sq,2028456,299.1,300.4,1886778.5,1977694.7,5,
VK8RPD,146.9500,-0.6,,FM,Moil,130.8848445,-12.3863669,0,PH57ko67eg,3147596,314.3,315.5,3145892.5,2874234.8,5,
VK8RTE,147.0000,-0.6,123Hz,FM,Larrakeyah,130.8332332,-12.45598413,0,PH57jn90xn,3144921,314.1,315.4,3141147.4,2873606.8,5,
VK8RWI,146.8000,-0.6,123Hz,FM,Marrara,130.9213526,-12.41712108,0,PH57ln09nv,3142479,314.3,315.6,3141170.7,2869006.9,5,
VK8RWI,439.9750,-5,91.5Hz,FM,Marrara,130.9213526,-12.41712108,0,PH57ln09nv,3142479,314.3,315.6,3141170.7,2869006.9,5,
