CH No,Frequency,Dup,Offset,TS,Mode,Name,SKIP,TONE,Repeater Tone,TSQL Frequency,DTCS Code,DTCS Polarity,DV SQL,DV SQL Code,Your Call Sign,RPT1 Call Sign,RPT2 Call Sign
0,147.0500,DUP+,0.600,,FM,Lawsn1,OFF,TSQL,123Hz,123Hz,,,,,,VK2RBM 2,,
1,438.3750,DUP-,5.000,,FM,Lawsn1,OFF,TSQL,123Hz,123Hz,,,,,,VK2RBM 7,,
2,146.6250,DUP-,0.600,,FM,Byron,PSkip,TSQL,123Hz,123Hz,,,,,,VK2RBB 2,,
3,147.3500,DUP+,0.600,,FM,Coorb,PSkip,OFF,,,,,,,,VK2RBO 2,,
4,146.7500,DUP-,0.600,,FM,FranLO,PSkip,TSQL,123Hz,123Hz,,,,,,VK2RCB 2,,
5,146.8500,DUP-,0.600,,FM,Bruxnr,PSkip,OFF,,,,,,,,VK2RCH 2,,
6,147.0000,DUP-,0.600,,FM,TelePt,PSkip,OFF,,,,,,,,VK2RCN 2,,
7,146.6750,DUP-,0.600,,FM,Graft,PSkip,TSQL,123Hz,123Hz,,,,,,VK2RCV 2,,
8,146.6500,DUP-,0.600,,FM,Dorrig,PSkip,OFF,,,,,,,,VK2RDO 2,,
9,146.6750,DUP-,0.600,,FM,Mount Ganghat,PSkip,TSQL,123Hz,123Hz,,,,,,VK2REE 2,,
10,147.2500,DUP+,0.600,,FM,Woodbn,PSkip,TSQL,123Hz,123Hz,,,,,,VK2REH 2,,
11,147.1000,DUP+,0.600,,FM,CbTree,PSkip,OFF,,,,,,,,VK2RGL 2,,
12,147.2000,DUP+,0.600,,FM,CbTree,PSkip,OFF,,,,,,,,VK2RGLA2,,
13,146.8750,DUP-,0.600,,FM,YarahP,PSkip,OFF,,,,,,,,VK2RMY 2,,
14,146.9000,DUP-,0.600,,FM,SgarL,PSkip,OFF,,,,,,,,VK2RNC 2,,
15,146.9750,DUP-,0.600,,FM,SgarL1,PSkip,OFF,,,,,,,,VK2RNCA2,,
16,146.7000,DUP-,0.600,,FM,MdlBro,PSkip,TSQL,91.5Hz,91.5Hz,,,,,,VK2RPM 2,,
17,146.8000,DUP-,0.600,,FM,Lismor,PSkip,TSQL,123Hz,123Hz,,,,,,VK2RSC 2,,
18,147.1250,DUP+,0.600,,FM,Scadns,PSkip,OFF,,,,,,,,VK2RSR 2,,
19,147.3250,DUP+,0.600,,FM,Lawsn2,PSkip,OFF,,,,,,,,VK2RTS 2,,
20,146.7750,DUP-,0.600,,FM,SugarL,PSkip,OFF,,,,,,,,VK2RTZ 2,,
21,147.1500,DUP+,0.600,,FM,Nwcsle,PSkip,OFF,,,,,,,,VK2RWH 2,,
22,147.1500,DUP+,0.600,,FM,KurraJ,PSkip,OFF,,,,,,,,VK2RWK 2,,
23,147.0750,DUP+,0.600,,FM,Moona,PSkip,OFF,,,,,,,,VK2RWR 2,,
24,439.2750,DUP-,5.000,,FM,Booral,PSkip,OFF,,,,,,,,VK2RAI 7,,
25,438.4250,DUP-,5.000,,FM,TelePt,PSkip,TSQL,123Hz,123Hz,,,,,,VK2RCN 7,,
26,438.3250,DUP-,5.000,,FM,Mt Ganghat,PSkip,OFF,,,,,,,,VK2REE 7,,
27,438.1250,DUP-,5.000,,FM,Wyee,PSkip,OFF,,,,,,,,VK2RHK 7,,
28,438.1250,DUP-,5.000,,FM,Bruxner Park,PSkip,TSQL,123Hz,123Hz,,,,,,VK2RMG 7,,
29,438.0750,DUP-,5.000,,FM,YarahP,PSkip,OFF,,,,,,,,VK2RMY 7,,
30,438.0250,DUP-,5.000,,FM,SgarL,PSkip,OFF,,,,,,,,VK2RNC 7,,
31,438.6750,DUP-,5.000,,FM,SgarL1,PSkip,OFF,,,,,,,,VK2RNCA7,,
32,439.7000,DUP-,5.000,,FM,Bolwarra Heights,PSkip,TSQL,91.5Hz,91.5Hz,,,,,,VK2ROJ 7,,
33,438.6750,DUP-,5.000,,FM,Nardi,PSkip,TSQL,123Hz,123Hz,,,,,,VK2RPL 7,,
34,438.5250,DUP-,5.000,,FM,MdlBro,PSkip,TSQL,123Hz,123Hz,,,,,,VK2RPM 7,,
35,439.9500,DUP-,5.000,,FM,Lismor,PSkip,TSQL,123Hz,123Hz,,,,,,VK2RSC 7,,
36,438.6250,DUP-,5.000,,FM,Merewether,PSkip,OFF,,,,,,,,VK2RUM 7,,
37,439.6250,DUP-,5.000,,FM,Nwcsle,PSkip,OFF,,,,,,,,VK2RWH 7,,
38,439.8250,DUP-,5.000,,FM,KurraJ,PSkip,TSQL,91.5Hz,91.5Hz,,,,,,VK2RWK 7,,
