CH No,Frequency,Dup,Offset,TS,Mode,Name,SKIP,TONE,Repeater Tone,TSQL Frequency,DTCS Code,DTCS Polarity,DV SQL,DV SQL Code,Your Call Sign,RPT1 Call Sign,RPT2 Call Sign
0,147.0000,DUP-,0.600,,FM,Mt Barrow,PSkip,OFF,,,,,,,,VK7RAA 2,,
1,147.3750,DUP+,0.600,,FM,Table Cape,PSkip,OFF,,,,,,,,VK7RAC 2,,
2,146.7000,DUP-,0.600,,FM,Queens Domain,PSkip,TSQL,141.3Hz,141.3Hz,,,,,,VK7RAD 2,,
3,147.9750,DUP-,0.600,,FM,Queens Domain,PSkip,TSQL,141.3Hz,141.3Hz,,,,,,VK7RADA2,,
4,146.6500,DUP-,0.600,,FM,Mt Faulkner,PSkip,TSQL,123Hz,123Hz,,,,,,VK7RAF 2,,
5,146.8000,DUP-,0.600,,FM,Gagebrook,PSkip,OFF,,,,,,,,VK7RAK 2,,
6,147.3000,DUP+,0.000,,FM,Alonnah,PSkip,TSQL,114.8Hz,114.8Hz,,,,,,VK7RBI 2,,
7,147.8750,DUP-,1.800,,FM,Lenah Valley,PSkip,TSQL,123Hz,123Hz,,,,,,VK7RCR 2,,
8,146.9000,DUP-,0.600,,FM,Snow Hill,PSkip,OFF,,,,,,,,VK7REC 2,,
9,146.8500,DUP-,0.600,,FM,Snug Tiers,PSkip,OFF,,,,,,,,VK7RHT 2,,
10,146.6250,DUP-,0.600,,FM,Mt Duncan,PSkip,OFF,,,,,,,,VK7RMD 2,,
11,146.7500,DUP-,0.600,,FM,Ulverstone West,PSkip,OFF,,,,,,,,VK7RNW 2,,
12,146.7750,DUP-,0.600,,FM,Stowport,PSkip,OFF,,,,,,,,VK7RTV 2,,
13,147.0750,DUP+,0.600,,FM,Mt Read,PSkip,TSQL,123Hz,123Hz,,,,,,VK7RWC 2,,
14,438.5500,DUP-,5.000,,FM,Mt Arthur,PSkip,OFF,,,,,,,,VK7RAB 7,,
15,438.6500,DUP-,5.000,,FM,Table Cape,PSkip,TSQL,141.3Hz,141.3Hz,,,,,,VK7RAC 7,,
16,438.5500,DUP-,5.000,,FM,Mt Faulkner,PSkip,OFF,,,,,,,,VK7RAF 7,,
17,438.7000,DUP-,5.000,,FM,Gagebrook,PSkip,OFF,,,,,,,,VK7RAK 7,,
18,439.9000,DUP-,5.000,,FM,Companion Hill,PSkip,TSQL,141.3Hz,141.3Hz,,,,,,VK7RAL 7,,
19,438.0500,DUP-,5.000,,FM,Ben Lomond,PSkip,OFF,,,,,,,,VK7RBH 7,,
20,438.5750,DUP-,5.000,,FM,Grey Mountain,PSkip,TSQL,123Hz,123Hz,,,,,,VK7RCH 7,,
21,438.5250,DUP-,5.000,,FM,Lenah Valley,PSkip,TSQL,91.5Hz,91.5Hz,,,,,,VK7RCR 7,,
22,439.7750,DUP-,5.000,,FM,Dazzler Range,PSkip,TSQL,91.5Hz,91.5Hz,,,,,,VK7RDR 7,,
23,439.7500,DUP-,5.000,,FM,Mt Nelson,PSkip,OFF,,,,,,,,VK7RDS 7,,
24,439.7000,DUP-,5.000,,FM,Snow Hill,PSkip,OFF,,,,,,,,VK7REC 7,,
25,438.5000,DUP-,5.000,,FM,Barren Tier,PSkip,OFF,,,,,,,,VK7RIN 7,,
26,438.6000,DUP-,5.000,,FM,Mt Duncan,PSkip,TSQL,141.3Hz,141.3Hz,,,,,,VK7RMD 7,,
27,439.9500,DUP-,5.000,,FM,Mt Lloyd,PSkip,TSQL,141.3Hz,141.3Hz,,,,,,VK7RML 7,,
28,439.8250,DUP-,5.000,,FM,Mt Wellington,PSkip,TSQL,91.5Hz,91.5Hz,,,,,,VK7RTC 7,,
