CH No,Frequency,Dup,Offset,TS,Mode,Name,SKIP,TONE,Repeater Tone,TSQL Frequency,DTCS Code,DTCS Polarity,DV SQL,DV SQL Code,Your Call Sign,RPT1 Call Sign,RPT2 Call Sign
0,147.0250,DUP+,0.600,,FM,Paddo,OFF,TSQL,91.5Hz,91.5Hz,,,,,,VK2ROT 2,,
1,438.5750,DUP-,5.000,,FM,Paddo,OFF,TSQL,91.5Hz,91.5Hz,,,,,,VK2ROT 7,,
2,438.1125,DUP-,5.400,,FM,Sydney CBD,OFF,TSQL,91.5Hz,91.5Hz,,,,,,VK2ROZ 7,,
3,439.8000,DUP-,5.000,,FM,Sydney,OFF,TSQL,91.5Hz,91.5Hz,,,,,,VK2RCG 7,,
4,438.4500,DUP-,5.000,,FM,Carlingford,OFF,TSQL,91.5Hz,91.5Hz,,,,,,VK2RCF 7,,
5,147.0000,DUP-,0.600,,FM,Dural,OFF,OFF,,,,,,,,VK2RWI 2,,
6,438.5250,DUP-,5.000,,FM,Dural,OFF,OFF,,,,,,,,VK2RWI 7,,
7,438.6000,DUP-,5.000,,FM,Dural1,OFF,OFF,,,,,,,,VK2RWIA7,,
8,439.9000,DUP-,5.000,,FM,Dural2,OFF,OFF,,,,,,,,VK2RWIB7,,
9,146.8500,DUP-,0.600,,FM,Maddns,OFF,OFF,,,,,,,,VK2RMP 2,,
10,438.7250,DUP-,5.000,,FM,Maddns,OFF,TSQL,123Hz,123Hz,,,,,,VK2RMP 7,,
11,146.7250,DUP-,0.600,,FM,Someb,PSkip,TSQL,91.5Hz,91.5Hz,,,,,,VK2RAG 2,,
12,147.1250,DUP+,0.600,,FM,Someb1,PSkip,TSQL,91.5Hz,91.5Hz,,,,,,VK2RAGA2,,
13,147.0750,DUP+,0.600,,FM,Lalor,PSkip,TSQL,123Hz,123Hz,,,,,,VK2RCZ 2,,
14,146.9250,DUP-,0.600,,FM,NRyde,PSkip,OFF,,,,,,,,VK2RGR 2,,
15,146.8000,DUP-,0.600,,FM,HCote,PSkip,OFF,,,,,,,,VK2RLE 2,,
16,146.8750,DUP-,0.600,,FM,THills,PSkip,OFF,,,,,,,,VK2RMB 2,,
17,147.2500,DUP+,0.600,,FM,Asqith,PSkip,OFF,,,,,,,,VK2RNS 2,,
18,147.2750,DUP+,0.600,,FM,Razor,PSkip,OFF,,,,,,,,VK2RRR 2,,
19,147.2250,DUP+,0.600,,FM,Lewshm,PSkip,OFF,,,,,,,,VK2RST 2,,
20,147.1500,DUP+,0.600,,FM,Chats1,PSkip,TSQL,91.5Hz,91.5Hz,,,,,,VK2RWC 2,,
21,147.1750,DUP+,0.600,,FM,portable,PSkip,OFF,,,,,,,,VK2RWS 2,,
22,438.0750,DUP-,5.000,,FM,Someb,PSkip,TSQL,91.5Hz,91.5Hz,,,,,,VK2RAG 7,,
23,439.5250,DUP-,5.000,,FM,Someb1,PSkip,TSQL,91.5Hz,91.5Hz,,,,,,VK2RAGA7,,
24,439.7250,DUP-,5.000,,FM,Someb2,PSkip,TSQL,91.5Hz,91.5Hz,,,,,,VK2RAGB7,,
25,439.9500,DUP-,5.000,,FM,Someb3,PSkip,TSQL,91.5Hz,91.5Hz,,,,,,VK2RAGC7,,
26,438.6500,DUP-,5.000,,FM,Campbelltown,PSkip,TSQL,91.5Hz,91.5Hz,,,,,,VK2RCT 7,,
27,439.4250,DUP-,5.000,,FM,Lalor,PSkip,OFF,,,,,,,,VK2RCZ 7,,
28,438.6500,DUP-,5.000,,FM,Woy Woy,PSkip,TSQL,91.5Hz,91.5Hz,,,,,,VK2RDC 7,,
29,439.4750,DUP-,5.000,,FM,Glenwood,PSkip,OFF,,,,,,,,VK2RGW 7,,
30,438.5500,DUP-,5.000,,FM,Hurstville,PSkip,TSQL,91.5Hz,91.5Hz,,,,,,VK2RHC 7,,
31,439.7500,DUP-,5.000,,FM,Horsley Park,PSkip,OFF,,,,,,,,VK2RHP 7,,
32,438.3500,DUP-,5.400,,FM,Chats,PSkip,TSQL,91.5Hz,91.5Hz,,,,,,VK2RHT 7,,
33,438.4250,DUP-,5.000,,FM,HCote,PSkip,OFF,,,,,,,,VK2RLE 7,,
34,438.1750,DUP-,5.000,,FM,THills,PSkip,TSQL,91.5Hz,91.5Hz,,,,,,VK2RMB 7,,
35,439.5750,DUP-,5.000,,FM,Mt Riverview,PSkip,TSQL,123Hz,123Hz,,,,,,VK2RMR 7,,
36,439.8500,DUP-,5.000,,FM,Werri,PSkip,OFF,,,,,,,,VK2RNG 7,,
37,439.9750,DUP-,5.000,,FM,Asqith,PSkip,OFF,,,,,,,,VK2RNS 7,,
38,439.9250,DUP-,5.000,,FM,Artarmon,PSkip,OFF,,,,,,,,VK2RON 7,,
39,439.6000,DUP-,5.000,,FM,Razor,PSkip,TSQL,91.5Hz,91.5Hz,,,,,,VK2RRR 7,,
40,438.4750,DUP-,5.000,,FM,Lewisham,PSkip,OFF,,,,,,,,VK2RRS 7,,
41,438.1000,DUP-,5.000,,FM,North Ryde,PSkip,OFF,,,,,,,,VK2RRW 7,,
42,439.3250,DUP-,5.000,,FM,Sans Souci,PSkip,TSQL,91.5Hz,91.5Hz,,,,,,VK2RSV 7,,
43,439.7750,DUP-,5.000,,FM,Blaxland,PSkip,OFF,,,,,,,,VK2RSW 7,,
44,439.3000,DUP-,5.000,,FM,Kariong,PSkip,OFF,,,,,,,,VK2RTG 7,,
45,438.2750,DUP-,5.400,,FM,Berowra North,PSkip,TSQL,91.5Hz,91.5Hz,,,,,,VK2RWS 7,,
