CH No,Frequency,Dup,Offset,TS,Mode,Name,SKIP,TONE,Repeater Tone,TSQL Frequency,DTCS Code,DTCS Polarity,DV SQL,DV SQL Code,Your Call Sign,RPT1 Call Sign,RPT2 Call Sign
0,146.7750,DUP-,0.600,,FM,Renies,PSkip,TSQL,123Hz,123Hz,,,,,,VK3RAG 2,,
1,146.7500,DUP-,0.600,,FM,Bunyng,PSkip,TSQL,91.5Hz,91.5Hz,,,,,,VK3RBA 2,,
2,147.2000,DUP+,0.600,,FM,Dimbol,PSkip,OFF,,,,,,,,VK3RBQ 2,,
3,146.6500,DUP-,0.600,,FM,GreenH,PSkip,TSQL,91.5Hz,91.5Hz,,,,,,VK3RBT 2,,
4,146.6750,DUP-,0.600,,FM,Torumb,PSkip,OFF,,,,,,,,VK3RCA 2,,
5,147.1500,DUP+,0.600,,FM,Alex,PSkip,OFF,,,,,,,,VK3RCV 2,,
6,147.1250,DUP+,0.600,,FM,Delegt,PSkip,OFF,,,,,,,,VK3RDG 2,,
7,146.8500,DUP-,0.600,,FM,Major,PSkip,OFF,,,,,,,,VK3RDU 2,,
8,146.9000,DUP-,0.600,,FM,MntNow,PSkip,OFF,,,,,,,,VK3REB 2,,
9,146.6500,DUP-,0.600,,FM,MntCan,PSkip,OFF,,,,,,,,VK3REG 2,,
10,147.1500,DUP+,0.600,,FM,MarHil,PSkip,OFF,,,,,,,,VK3REM 2,,
11,146.8750,DUP-,0.600,,FM,GreenH,PSkip,TSQL,91.5Hz,91.5Hz,,,,,,VK3RGH 2,,
12,147.0250,DUP+,0.600,,FM,Mt Fatigue,PSkip,TSQL,123Hz,123Hz,,,,,,VK3RGS 2,,
13,146.6500,DUP-,0.600,,FM,Wombat,PSkip,TSQL,123Hz,123Hz,,,,,,VK3RGV 2,,
14,147.0500,DUP+,0.600,,FM,Hotham,PSkip,OFF,,,,,,,,VK3RHO 2,,
15,146.8000,DUP-,0.600,,FM,Tassie,PSkip,OFF,,,,,,,,VK3RLV 2,,
16,146.8000,DUP-,0.600,,FM,Mildra,PSkip,OFF,,,,,,,,VK3RMA 2,,
17,147.0250,DUP+,0.600,,FM,Kerang,PSkip,OFF,,,,,,,,VK3RMK 2,,
18,147.2750,DUP+,0.600,,FM,Caveat,PSkip,TSQL,91.5Hz,91.5Hz,,,,,,VK3RMP 2,,
19,147.0000,DUP-,0.600,,FM,BigBen,PSkip,OFF,,,,,,,,VK3RNE 2,,
20,146.7000,DUP-,0.600,,FM,Ouyen,PSkip,OFF,,,,,,,,VK3RON 2,,
21,147.2750,DUP+,0.600,,FM,BeechF,PSkip,TSQL,91.5Hz,91.5Hz,,,,,,VK3ROW 2,,
22,147.1000,DUP+,0.600,,FM,Bright,PSkip,OFF,,,,,,,,VK3RPB 2,,
23,146.8250,DUP-,0.600,,FM,Portld,PSkip,TSQL,91.5Hz,91.5Hz,,,,,,VK3RPL 2,,
24,147.1000,DUP+,0.600,,FM,BassH,PSkip,OFF,,,,,,,,VK3RSG 2,,
25,146.9000,DUP-,0.600,,FM,SwanHl,PSkip,OFF,,,,,,,,VK3RSH 2,,
26,147.0500,DUP+,0.600,,FM,RobinV,PSkip,OFF,,,,,,,,VK3RVL 2,,
27,147.1000,DUP+,0.600,,FM,BenNev,PSkip,TSQL,91.5Hz,91.5Hz,,,,,,VK3RWA 2,,
28,147.2250,DUP+,0.600,,FM,BawSq,PSkip,OFF,,,,,,,,VK3RWG 2,,
29,147.0500,DUP+,0.600,,FM,Warnum,PSkip,OFF,,,,,,,,VK3RWL 2,,
30,146.8500,DUP-,0.600,,FM,Arapls,PSkip,OFF,,,,,,,,VK3RWM 2,,
31,146.9500,DUP-,0.600,,FM,Wiliam,PSkip,TSQL,91.5Hz,91.5Hz,,,,,,VK3RWZ 2,,
32,439.2750,DUP-,5.000,,FM,Bunyng,PSkip,TSQL,91.5Hz,91.5Hz,,,,,,VK3RBA 7,,
33,439.8250,DUP-,5.000,,FM,Bambill South,PSkip,OFF,,,,,,,,VK3RBL 7,,
34,438.3500,DUP-,5.000,,FM,Burrumbeet,PSkip,TSQL,91.5Hz,91.5Hz,,,,,,VK3RBN 7,,
35,438.0250,DUP-,5.000,,FM,Specimen Hill,PSkip,OFF,,,,,,,,VK3RBO 7,,
36,439.7000,DUP-,5.000,,FM,Horsham,PSkip,TSQL,91.5Hz,91.5Hz,,,,,,VK3RBP 7,,
37,438.4750,DUP-,5.000,,FM,Mt Hollowback,PSkip,TSQL,91.5Hz,91.5Hz,,,,,,VK3RBU 7,,
38,438.0250,DUP-,5.000,,FM,Ouyen,PSkip,OFF,,,,,,,,VK3RCP 7,,
39,438.4250,DUP-,5.000,,FM,Mt Moliagul,PSkip,OFF,,,,,,,,VK3RCU 7,,
40,438.0750,DUP-,5.000,,FM,Major,PSkip,OFF,,,,,,,,VK3RDU 7,,
41,439.8750,DUP-,5.000,,FM,Major,PSkip,OFF,,,,,,,,VK3RDUA7,,
42,438.0250,DUP-,5.000,,FM,MntCan,PSkip,OFF,,,,,,,,VK3REG 7,,
43,439.3250,DUP-,5.000,,FM,GreenH,PSkip,TSQL,91.5Hz,91.5Hz,,,,,,VK3RGH 7,,
44,438.3750,DUP-,5.000,,FM,Mt Fatigue,PSkip,OFF,,,,,,,,VK3RGS 7,,
45,439.7750,DUP-,5.000,,FM,Wombat,PSkip,TSQL,123Hz,123Hz,,,,,,VK3RGV 7,,
46,438.3750,DUP-,5.000,,FM,Hotham,PSkip,OFF,,,,,,,,VK3RHO 7,,
47,438.1250,DUP-,5.000,,FM,Paps,PSkip,OFF,,,,,,,,VK3RLE 7,,
48,438.3750,DUP-,5.000,,FM,Tassie,PSkip,OFF,,,,,,,,VK3RLV 7,,
49,439.9500,DUP-,5.000,,FM,Mt Broughton,PSkip,OFF,,,,,,,,VK3RMG 7,,
50,439.3500,DUP-,5.000,,FM,Caveat,PSkip,TSQL,91.5Hz,91.5Hz,,,,,,VK3RMP 7,,
51,439.4250,DUP-,5.000,,FM,BigBen,PSkip,OFF,,,,,,,,VK3RNE 7,,
52,438.5250,DUP-,5.000,,FM,Mt Stanley,PSkip,OFF,,,,,,,,VK3RNU 7,,
53,439.9500,DUP-,5.000,,FM,Portld,PSkip,TSQL,91.5Hz,91.5Hz,,,,,,VK3RPL 7,,
54,438.5250,DUP-,5.000,,FM,Merbein,PSkip,OFF,,,,,,,,VK3RRU 7,,
55,439.5250,DUP-,5.000,,FM,MntTay,PSkip,OFF,,,,,,,,VK3RTU 7,,
56,438.1750,DUP-,5.000,,FM,Devil's River,PSkip,OFF,,,,,,,,VK3RUG 7,,
57,438.5750,DUP-,5.000,,FM,Drouin,PSkip,TSQL,91.5Hz,91.5Hz,,,,,,VK3RWD 7,,
58,438.3750,DUP-,5.000,,FM,BawSq,PSkip,OFF,,,,,,,,VK3RWG 7,,
59,439.8750,DUP-,5.000,,FM,Warnum,PSkip,OFF,,,,,,,,VK3RWL 7,,
60,438.6750,DUP-,5.000,,FM,Mt William,PSkip,TSQL,91.5Hz,91.5Hz,,,,,,VK3RWU 7,,
61,439.6750,DUP-,5.000,,FM,Mt Buller,PSkip,OFF,,,,,,,,VK3RZU 7,,
