Group No,Group Name,Name,Sub Name,Repeater Call Sign,Gateway Call Sign,Frequency,Dup,Offset,Mode,TONE,Repeater Tone,RPT1USE,Position,Latitude,Longitude,UTC Offset
3,AusDV,Sydney,Sydney,VK2RBV B,VK2RBV G,438.7750,DUP-,5.000,DV,OFF,,YES,Approximate,-33.86429172,151.2115417,+10:00
3,AusDV,Someb1,Gosford ,VK2RAG B,VK2RAG G,438.3250,DUP-,5.400,DV,OFF,,NO,Approximate,-33.36007822,151.2912145,+10:00
3,AusDV,Someb,Gosford ,VK2RAG C,VK2RAG G,146.6375,DUP-,0.600,DV,OFF,,NO,Approximate,-33.36007822,151.2912145,+10:00
3,AusDV,Maddens Plains,Illawarr,VK2RDS B,VK2RDS G,439.8625,DUP-,5.000,DV,OFF,,NO,Approximate,-34.26338381,150.9545937,+10:00
3,AusDV,Maddens Plains,Illawarr,VK2RDS C,VK2RDS G,146.7625,DUP-,0.600,DV,OFF,,NO,Approximate,-34.26338381,150.9545937,+10:00
3,AusDV,Terrey Hills,Sydney (,VK2RWN B,VK2RWN G,438.4000,DUP-,5.400,DV,OFF,,NO,Approximate,-33.69290793,151.2223514,+10:00
3,AusDV,Terrey Hills,Sydney (,VK2RWN C,VK2RWN G,146.9625,DUP-,0.600,DV,OFF,,NO,Approximate,-33.69290793,151.2223514,+10:00
3,AusDV,Isaacs Ridge,Canberra,VK1RWN C,VK1RWN G,146.6625,DUP-,0.600,DV,OFF,,NO,Approximate,-35.36458523,149.1187502,+10:00
3,AusDV,Berwick,Berwick ,VK3RMC C,VK3RMC G,146.7625,DUP-,0.600,DV,OFF,,NO,Approximate,-38.00118893,145.3281339,+10:00
3,AusDV,Macdon,Melbourn,VK3RMM B,VK3RMM G,438.0500,DUP-,5.400,DV,OFF,,NO,Approximate,-37.38344075,144.5767796,+10:00
3,AusDV,Macdon,Melbourn,VK3RMM C,VK3RMM G,146.9625,DUP-,0.600,DV,OFF,,NO,Approximate,-37.38344075,144.5767796,+10:00
3,AusDV,Olinda,Melbourn,VK3RWN B,VK3RWN G,438.3000,DUP-,5.400,DV,OFF,,NO,Approximate,-37.85786446,145.3642271,+10:00
3,AusDV,Olinda,Melbourn,VK3RWN C,VK3RWN G,146.9125,DUP-,0.600,DV,OFF,,NO,Approximate,-37.85786446,145.3642271,+10:00
3,AusDV,Bunyng,Ballarat,VK3RBA B,VK3RBA G,439.9875,DUP-,5.000,DV,OFF,,NO,Approximate,-37.65292977,143.9264646,+10:00
3,AusDV,Bendigo,Bendigo ,VK3RCE B,VK3RCE G,438.9125,DUP+,0.000,DV,OFF,,NO,Approximate,-36.73384772,144.3038831,+10:00
3,AusDV,Horsham,Wimmera ,VK3RDK C,VK3RDK G,146.6375,DUP-,0.600,DV,OFF,,NO,Approximate,-36.71861355,142.2047202,+10:00
3,AusDV,Wombat,Sheppart,VK3RGV B,VK3RGV G,438.2000,DUP-,5.400,DV,OFF,,NO,Approximate,-36.84930833,145.6730699,+10:00
3,AusDV,The Knobby,Ipswich ,VK4RBX C,VK4RBX G,146.7875,DUP-,0.600,DV,OFF,,NO,Approximate,-27.50226347,152.5916327,+10:00
3,AusDV,Mt Tamborine,Gold Coa,VK4RDK B,VK4RDK G,438.3125,DUP-,5.400,DV,OFF,,NO,Approximate,-27.99672931,153.1831131,+10:00
3,AusDV,Wongawallan,Gold Coa,VK4RDW B,VK4RDW G,438.3500,DUP-,5.400,DV,OFF,,NO,Approximate,-27.88335908,153.2598807,+10:00
3,AusDV,Springbrook,Gold Coa,VK4RWN B,VK4RWN G,438.2250,DUP-,5.400,DV,OFF,,NO,Approximate,-28.23486197,153.2888591,+10:00
3,AusDV,Springbrook,Gold Coa,VK4RWN C,VK4RWN G,146.8375,DUP-,0.600,DV,OFF,,NO,Approximate,-28.23486197,153.2888591,+10:00
3,AusDV,Carborough Range,Moronbah,VK4RAS B,VK4RAS G,439.9500,DUP-,5.000,DV,OFF,,NO,Approximate,-21.92074782,148.3127279,+10:00
3,AusDV,Blackdown Tablel,Blackwat,VK4RBD C,VK4RBD G,146.6375,DUP-,0.600,DV,OFF,,NO,Approximate,-23.77406759,149.1168305,+10:00
3,AusDV,Black Mountain,Mackay,VK4RBY B,VK4RBY G,438.4500,DUP-,5.000,DV,OFF,,NO,Approximate,-21.06403938,149.0954654,+10:00
3,AusDV,Black Mountain,Mackay,VK4RBY C,VK4RBY G,146.6500,DUP-,0.600,DV,OFF,,NO,Approximate,-21.06403938,149.0954654,+10:00
3,AusDV,Mt Haren,Cairns (,VK4RCN B,VK4RCN G,438.3250,DUP-,5.400,DV,OFF,,NO,Approximate,-16.83652895,145.61219,+10:00
3,AusDV,Wilkes Knob,Maleny (,VK4RDS B,VK4RDS G,438.5500,DUP-,5.200,DV,OFF,,NO,Approximate,-26.77817495,152.912493,+10:00
3,AusDV,Wilkes Knob,Maleny (,VK4RDS C,VK4RDS G,146.7375,DUP-,0.600,DV,OFF,,NO,Approximate,-26.77817495,152.912493,+10:00
3,AusDV,Sarina,Mackay 1,VK4RSA B,VK4RSA G,438.2750,DUP-,5.400,DV,OFF,,NO,Approximate,-21.49752105,149.1695496,+10:00
3,AusDV,Sarina,Sarina,VK4RUS B,VK4RUS G,438.4500,DUP-,5.000,DV,OFF,,NO,Approximate,-21.39424773,149.2376578,+10:00
3,AusDV,Winter Hill,Port Lin,VK5REX B,VK5REX G,438.2250,DUP-,5.400,DV,OFF,,NO,Approximate,-34.70165131,135.8281648,+09:30
3,AusDV,Winter Hill,Port Lin,VK5REX C,VK5REX G,146.9625,DUP-,0.600,DV,OFF,,NO,Approximate,-34.70165131,135.8281648,+09:30
3,AusDV,Renmark,Renmark,VK5RMK B,VK5RMK G,438.0750,DUP-,5.400,DV,OFF,,NO,Approximate,-34.1585558,140.7154301,+09:30
3,AusDV,Brown Hill,Victor H,VK5RVH B,VK5RVH G,438.5250,DUP-,5.000,DV,OFF,,NO,Approximate,-35.50572521,138.6463647,+09:30
3,AusDV,Banksia Park,Adelaide,VK5RWN B,VK5RWN G,438.4000,DUP-,5.400,DV,OFF,,NO,Approximate,-34.81375852,138.748772,+09:30
3,AusDV,Banksia Park,Adelaide,VK5RWN C,VK5RWN G,146.9375,DUP-,0.600,DV,OFF,,NO,Approximate,-34.81375852,138.748772,+09:30
3,AusDV,Palmerston,Darwin (,VK8RAD B,VK8RAD G,438.7500,DUP-,5.000,DV,OFF,,NO,Approximate,-12.40001798,130.8983075,+09:30
3,AusDV,Palmerston,Darwin (,VK8RAD C,VK8RAD G,146.7000,DUP-,0.600,DV,OFF,,NO,Approximate,-12.40001798,130.8983075,+09:30
3,AusDV,Hoddy Well,Avon Eas,VK6RAV B,VK6RAV G,438.9250,DUP-,5.000,DV,OFF,,NO,Approximate,-31.63104189,116.4889882,+08:00
3,AusDV,Gosnells,Gosnells,VK6RLX B,VK6RLX G,438.1500,DUP-,5.400,DV,OFF,,NO,Approximate,-32.07444561,115.9880326,+08:00
3,AusDV,Gosnells,Gosnells,VK6RLX C,VK6RLX G,146.8625,DUP-,1.600,DV,OFF,,NO,Approximate,-32.07444561,115.9880326,+08:00
3,AusDV,East Fremantle,Fremantl,VK6ROX B,VK6ROX G,438.1250,DUP-,5.400,DV,OFF,,NO,Approximate,-32.0453516,115.7752544,+08:00
3,AusDV,Roleystone,Perth (G,VK6RWN B,VK6RWN G,438.1750,DUP-,5.400,DV,OFF,,NO,Approximate,-32.10005215,116.0515497,+08:00
3,AusDV,Roleystone,Perth (G,VK6RWN C,VK6RWN G,146.8375,DUP-,0.600,DV,OFF,,NO,Approximate,-32.10005215,116.0515497,+08:00
3,AusDV,LenahV,Hobart,VK7RCR C,VK7RCR G,146.9625,DUP-,0.600,DV,OFF,,NO,Approximate,-42.86164982,147.2779011,+10:00
3,AusDV,Richmond,SE Tasma,VK7RRR B,VK7RRR G,438.1250,DUP-,5.400,DV,OFF,,NO,Approximate,-42.74250123,147.4216618,+10:00
3,AusDV,portable,Statewid,VK3RSD B,VK3RSD G,438.2750,DUP-,5.400,DV,OFF,,NO,Approximate,,,+10:00
3,AusDV,portable,Statewid,VK3RSD C,VK3RSD G,146.8875,DUP-,0.600,DV,OFF,,NO,Approximate,,,+10:00
3,AusDV,portable,Nation w,VK3RWW B,VK3RWW G,438.1500,DUP-,5.400,DV,OFF,,NO,Approximate,,,+10:00
3,AusDV,portable,Nation w,VK3RWWAB,VK3RWW G,438.3000,DUP-,5.400,DV,OFF,,NO,Approximate,,,+10:00
3,AusDV,DHAP,,VK2HDX B,VK2HDX G,438.9500,DUP+,0.000,DV,OFF,,NO,Approximate,,,+10:00
3,AusDV,DHAP,,VK2PSF B,VK2PSF G,438.9500,DUP+,0.000,DV,OFF,,NO,Approximate,,,+10:00
3,AusDV,dv4dst,,VK2PSF D,VK2PSF G,441.0750,DUP+,0.000,DV,OFF,,NO,Approximate,,,+10:00
