CH No,Frequency,Dup,Offset,TS,Mode,Name,SKIP,TONE,Repeater Tone,TSQL Frequency,DTCS Code,DTCS Polarity,DV SQL,DV SQL Code,Your Call Sign,RPT1 Call Sign,RPT2 Call Sign
0,146.9000,DUP-,0.600,,FM,Tidbin,PSkip,OFF,,,,,,,,VK1RAC 2,,
1,147.1750,DUP+,0.600,,FM,BullsH,PSkip,OFF,,,,,,,,VK1RBH 2,,
2,146.7250,DUP-,0.600,,FM,Issacs,PSkip,TSQL,91.5Hz,91.5Hz,,,,,,VK1RBM 2,,
3,146.9500,DUP-,0.600,,FM,Ginini,PSkip,TSQL,91.5Hz,91.5Hz,,,,,,VK1RGI 2,,
4,146.7250,DUP-,0.600,,FM,SHill,PSkip,OFF,,,,,,,,VK2RAD 2,,
5,146.7000,DUP-,0.600,,FM,Cbolas,PSkip,TSQL,91.5Hz,91.5Hz,,,,,,VK2RAO 2,,
6,147.2750,DUP+,0.600,,FM,AcacPl,PSkip,OFF,,,,,,,,VK2RAP 2,,
7,147.2250,DUP+,0.600,,FM,Albury,PSkip,OFF,,,,,,,,VK2RAY 2,,
8,146.7750,DUP-,0.600,,FM,Bethun,PSkip,TSQL,91.5Hz,91.5Hz,,,,,,VK2RBE 2,,
9,147.0000,DUP-,0.600,,FM,Darlng,PSkip,OFF,,,,,,,,VK2RBH 2,,
10,146.7750,DUP-,0.600,,FM,NomTop,PSkip,OFF,,,,,,,,VK2RBK 2,,
11,146.7250,DUP-,0.600,,FM,Balran,PSkip,OFF,,,,,,,,VK2RBL 2,,
12,146.7750,DUP-,0.600,,FM,Tabulm,PSkip,OFF,,,,,,,,VK2RBR 2,,
13,146.8000,DUP-,0.600,,FM,NeedlMn,PSkip,OFF,,,,,,,,VK2RCC 2,,
14,146.7250,DUP-,0.600,,FM,BurroH,PSkip,OFF,,,,,,,,VK2RCD 2,,
15,147.2000,DUP+,0.600,,FM,Lindsy,PSkip,OFF,,,,,,,,VK2RCW 2,,
16,146.6500,DUP-,0.600,,FM,Bindo,PSkip,OFF,,,,,,,,VK2RDX 2,,
17,146.8250,DUP-,0.600,,FM,Galore,PSkip,TSQL,91.5Hz,91.5Hz,,,,,,VK2RGA 2,,
18,146.8500,DUP-,0.600,,FM,SqrNob,PSkip,TSQL,91.5Hz,91.5Hz,,,,,,VK2RGF 2,,
19,146.6250,DUP-,0.600,,FM,MtGray,PSkip,OFF,,,,,,,,VK2RGN 2,,
20,146.6750,DUP-,0.600,,FM,SBark,PSkip,OFF,,,,,,,,VK2RLH 2,,
21,146.8750,DUP-,0.600,,FM,Prishr,PSkip,OFF,,,,,,,,VK2RLJ 2,,
22,146.6500,DUP-,0.600,,FM,THiHi,PSkip,OFF,,,,,,,,VK2RMI 2,,
23,147.3750,DUP+,0.600,,FM,McKen,PSkip,TSQL,123Hz,123Hz,,,,,,VK2RMM 2,,
24,146.8500,DUP-,0.600,,FM,Baldwn,PSkip,OFF,,,,,,,,VK2RMO 2,,
25,146.9500,DUP-,0.600,,FM,Rumbee,PSkip,OFF,,,,,,,,VK2RNE 2,,
26,146.6250,DUP-,0.600,,FM,Kaput,PSkip,OFF,,,,,,,,VK2RNW 2,,
27,146.9000,DUP-,0.600,,FM,Boona,PSkip,OFF,,,,,,,,VK2RRT 2,,
28,147.0250,DUP+,0.600,,FM,TableT,PSkip,OFF,,,,,,,,VK2RSM 2,,
29,146.8000,DUP-,0.600,,FM,Kendal,PSkip,TSQL,91.5Hz,91.5Hz,,,,,,VK2RTD 2,,
30,146.7500,DUP-,0.600,,FM,Mt Crawney,PSkip,OFF,,,,,,,,VK2RTM 2,,
31,147.2000,DUP+,0.600,,FM,GwynH,PSkip,TSQL,123Hz,123Hz,,,,,,VK2RWB 2,,
32,146.7500,DUP-,0.600,,FM,WOF,PSkip,TSQL,91.5Hz,91.5Hz,,,,,,VK2RWG 2,,
33,147.1000,DUP+,0.600,,FM,Warrad,PSkip,OFF,,,,,,,,VK2RWM 2,,
34,147.2250,DUP+,0.600,,FM,BaldM,PSkip,OFF,,,,,,,,VK2RYL 2,,
35,146.8750,DUP-,0.600,,FM,Muswel,PSkip,TSQL,123Hz,123Hz,,,,,,VK2RZL 2,,
36,439.9500,DUP-,5.000,,FM,Issacs,PSkip,TSQL,91.5Hz,91.5Hz,,,,,,VK1RBM 7,,
37,438.0500,DUP-,5.000,,FM,Ginini,PSkip,TSQL,91.5Hz,91.5Hz,,,,,,VK1RGI 7,,
38,438.4750,DUP-,5.000,,FM,MtCraw,PSkip,OFF,,,,,,,,VK2RAB 7,,
39,438.6500,DUP-,5.000,,FM,SHill,PSkip,OFF,,,,,,,,VK2RAD 7,,
40,438.7250,DUP-,5.000,,FM,Cbolas,PSkip,OFF,,,,,,,,VK2RAO 7,,
41,438.5750,DUP-,5.000,,FM,Albury,PSkip,OFF,,,,,,,,VK2RAY 7,,
42,439.9000,DUP-,5.000,,FM,NomTop,PSkip,OFF,,,,,,,,VK2RBK 7,,
43,439.3000,DUP-,5.000,,FM,Lindsy,PSkip,OFF,,,,,,,,VK2RCW 7,,
44,439.9500,DUP-,5.000,,FM,Burroway Hill,PSkip,OFF,,,,,,,,VK2RDD 7,,
45,438.3250,DUP-,5.000,,FM,MtGray,PSkip,OFF,,,,,,,,VK2RGN 7,,
46,438.6250,DUP-,5.000,,FM,Goulburn,PSkip,OFF,,,,,,,,VK2RGNA7,,
47,439.9500,DUP-,5.000,,FM,MtGray,PSkip,OFF,,,,,,,,VK2RGNB7,,
48,439.8500,DUP-,5.000,,FM,Newbridge,PSkip,OFF,,,,,,,,VK2RLH 7,,
49,438.4500,DUP-,5.000,,FM,Prishr,PSkip,OFF,,,,,,,,VK2RLJ 7,,
50,438.5750,DUP-,5.000,,FM,Kaput,PSkip,OFF,,,,,,,,VK2RNW 7,,
51,439.9000,DUP-,5.000,,FM,TableT,PSkip,OFF,,,,,,,,VK2RSM 7,,
52,438.0250,DUP-,5.000,,FM,Willans Hill,PSkip,TSQL,91.5Hz,91.5Hz,,,,,,VK2RTW 7,,
53,439.8000,DUP-,5.000,,FM,Wagga Wagga,PSkip,TSQL,91.5Hz,91.5Hz,,,,,,VK2RTWA7,,
54,439.6500,DUP-,5.000,,FM,GwynH,PSkip,TSQL,123Hz,123Hz,,,,,,VK2RWB 7,,
55,438.3250,DUP-,5.000,,FM,Warrad,PSkip,OFF,,,,,,,,VK2RWM 7,,
