CH No,Frequency,Dup,Offset,TS,Mode,Name,SKIP,TONE,Repeater Tone,TSQL Frequency,DTCS Code,DTCS Polarity,DV SQL,DV SQL Code,Your Call Sign,RPT1 Call Sign,RPT2 Call Sign
0,146.8250,DUP-,0.600,,FM,MtBark,PSkip,OFF,,,,,,,,VK6RAA 2,,
1,147.0000,DUP-,0.600,,FM,Kal,PSkip,OFF,,,,,,,,VK6RAK 2,,
2,146.7250,DUP-,0.600,,FM,Albany,PSkip,OFF,,,,,,,,VK6RAL 2,,
3,146.7000,DUP-,0.600,,FM,PerSE1,PSkip,OFF,,,,,,,,VK6RAP 2,,
4,147.2750,DUP+,0.600,,FM,Hoddy Well,PSkip,OFF,,,,,,,,VK6RAV 2,,
5,147.0000,DUP-,0.600,,FM,Katnng,PSkip,OFF,,,,,,,,VK6RAW 2,,
6,147.3500,DUP+,0.600,,FM,Busltn,PSkip,OFF,,,,,,,,VK6RBN 2,,
7,146.6500,DUP-,0.600,,FM,Bunbry,PSkip,OFF,,,,,,,,VK6RBY 2,,
8,147.2000,DUP+,0.600,,FM,Cataby,PSkip,OFF,,,,,,,,VK6RCT 2,,
9,147.1750,DUP+,0.600,,FM,Avon C,PSkip,OFF,,,,,,,,VK6REC 2,,
10,146.8500,DUP-,0.600,,FM,Exmoth,PSkip,OFF,,,,,,,,VK6REX 2,,
11,146.9500,DUP-,0.600,,FM,Bicton,PSkip,OFF,,,,,,,,VK6RFM 2,,
12,147.0000,DUP-,0.600,,FM,Grldtn,PSkip,OFF,,,,,,,,VK6RGN 2,,
13,147.3250,DUP+,0.600,,FM,Keller,PSkip,OFF,,,,,,,,VK6RKN 2,,
14,146.7500,DUP-,0.600,,FM,PerSE2,PSkip,OFF,,,,,,,,VK6RLM 2,,
15,147.1500,DUP+,0.600,,FM,Manji,PSkip,OFF,,,,,,,,VK6RMJ 2,,
16,147.2500,DUP+,0.600,,FM,MtSdbk,PSkip,OFF,,,,,,,,VK6RMS 2,,
17,146.9000,DUP-,0.600,,FM,MtWilm,PSkip,OFF,,,,,,,,VK6RMW 2,,
18,146.6250,DUP-,0.600,,FM,PerNth,PSkip,OFF,,,,,,,,VK6RNC 2,,
19,146.6750,DUP-,0.600,,FM,NthHmp,PSkip,OFF,,,,,,,,VK6RNR 2,,
20,146.7750,DUP-,0.600,,FM,Geldtn,PSkip,OFF,,,,,,,,VK6ROO 2,,
21,147.0750,DUP+,0.600,,FM,Rotto,PSkip,OFF,,,,,,,,VK6ROT 2,,
22,146.8000,DUP-,0.600,,FM,PerNE,PSkip,OFF,,,,,,,,VK6RTH 2,,
23,146.6250,DUP-,0.600,,FM,TomPrc,PSkip,OFF,,,,,,,,VK6RTP 2,,
24,146.7000,DUP-,0.600,,FM,WickHm,PSkip,OFF,,,,,,,,VK6RWR 2,,
25,439.9500,DUP-,5.000,,FM,MtBark,PSkip,OFF,,,,,,,,VK6RAA 7,,
26,439.9500,DUP-,5.000,,FM,Albany,PSkip,OFF,,,,,,,,VK6RAL 7,,
27,439.8000,DUP-,5.000,,FM,PerSE1,PSkip,TSQL,123Hz,123Hz,,,,,,VK6RAP 7,,
28,438.5250,DUP-,5.000,,FM,Hoddy Well,PSkip,OFF,,,,,,,,VK6RAV 7,,
29,438.6750,DUP-,5.000,,FM,Busltn,PSkip,OFF,,,,,,,,VK6RBN 7,,
30,438.6500,DUP-,5.000,,FM,Bunbry,PSkip,OFF,,,,,,,,VK6RBY 7,,
31,438.5250,DUP-,5.000,,FM,Cataby,PSkip,OFF,,,,,,,,VK6RCT 7,,
32,438.1250,DUP-,5.000,,FM,Kalgoorlie,PSkip,OFF,,,,,,,,VK6RGF 7,,
33,438.5250,DUP-,5.000,,FM,PerSE2,PSkip,OFF,,,,,,,,VK6RLM 7,,
34,438.5250,DUP-,5.000,,FM,Boddington,PSkip,OFF,,,,,,,,VK6RMS 7,,
35,438.7250,DUP-,5.000,,FM,Wanneroo,PSkip,TSQL,123Hz,123Hz,,,,,,VK6RNA 7,,
36,439.9250,DUP-,5.000,,FM,Whiteman Park,PSkip,OFF,,,,,,,,VK6RNS 7,,
37,439.7000,DUP-,5.000,,FM,Rotto,PSkip,OFF,,,,,,,,VK6ROT 7,,
38,438.2250,DUP-,5.000,,FM,PerNE,PSkip,OFF,,,,,,,,VK6RTH 7,,
