CH No,Frequency,Dup,Offset,TS,Mode,Name,SKIP,TONE,Repeater Tone,TSQL Frequency,DTCS Code,DTCS Polarity,DV SQL,DV SQL Code,Your Call Sign,RPT1 Call Sign,RPT2 Call Sign
0,146.9250,DUP-,0.600,,FM,Jervis,PSkip,OFF,,,,,,,,VK1RJB 2,,
1,147.2500,DUP+,0.600,,FM,Nimtbl,PSkip,OFF,,,,,,,,VK2RHH 2,,
2,146.8250,DUP-,0.600,,FM,HRange,PSkip,OFF,,,,,,,,VK2RHR 2,,
3,146.7000,DUP-,0.600,,FM,NowraH,PSkip,TSQL,123Hz,123Hz,,,,,,VK2RMU 2,,
4,147.0750,DUP+,0.600,,FM,Wandra,PSkip,OFF,,,,,,,,VK2RMW 2,,
5,147.1000,DUP+,0.600,,FM,SHigh,PSkip,OFF,,,,,,,,VK2RSH 2,,
6,146.8250,DUP-,0.600,,FM,WolumP,PSkip,OFF,,,,,,,,VK2RWP 2,,
7,438.0250,DUP-,5.000,,FM,HRange,PSkip,OFF,,,,,,,,VK2RHR 7,,
8,438.3000,DUP-,5.000,,FM,Kiama,PSkip,OFF,,,,,,,,VK2RIW 7,,
9,438.1250,DUP-,5.000,,FM,NowraH,PSkip,TSQL,123Hz,123Hz,,,,,,VK2RMU 7,,
10,439.3750,DUP-,5.000,,FM,Alpine,PSkip,OFF,,,,,,,,VK2RSH 7,,
11,439.9000,DUP-,5.000,,FM,WolumP,PSkip,OFF,,,,,,,,VK2RWP 7,,
