Group No,Group Name,Name,Sub Name,Repeater Call Sign,Gateway Call Sign,Frequency,Dup,Offset,Mode,TONE,Repeater Tone,RPT1USE,Position,Latitude,Longitude,UTC Offset
24,Simplex,APRSAU,,APRSAU,,145.1750,OFF,0.000,FM,OFF,,NO,Approximate,,,+10:00
24,Simplex,Wicen,,APRWIC,,145.2000,OFF,0.000,FM,OFF,,NO,Approximate,,,+10:00
24,Simplex,APRISS,,APRISS,,145.8250,OFF,0.000,FM,OFF,,NO,Approximate,,,+10:00
24,Simplex,APRSAR,,APRSAR,,144.9300,OFF,0.000,FM,OFF,,NO,Approximate,,,+10:00
24,Simplex,APRSBR,,APRSBR,,145.5750,OFF,0.000,FM,OFF,,NO,Approximate,,,+10:00
24,Simplex,APRSCN,,APRSCN,,144.6400,OFF,0.000,FM,OFF,,NO,Approximate,,,+10:00
24,Simplex,APRSCR,,APRSCR,,144.8000,OFF,0.000,FM,OFF,,NO,Approximate,,,+10:00
24,Simplex,APRSEU,,APRSEU,,144.8000,OFF,0.000,FM,OFF,,NO,Approximate,,,+10:00
24,Simplex,APRSJP,,APRSJP,,144.6600,OFF,0.000,FM,OFF,,NO,Approximate,,,+10:00
24,Simplex,APRSKO,,APRSKO,,144.6200,OFF,0.000,FM,OFF,,NO,Approximate,,,+10:00
24,Simplex,APRSNZ,,APRSNZ,,144.5750,OFF,0.000,FM,OFF,,NO,Approximate,,,+10:00
24,Simplex,APRSTH,,APRSTH,,144.5250,OFF,0.000,FM,OFF,,NO,Approximate,,,+10:00
24,Simplex,APRSUS,,APRSUS,,144.3900,OFF,0.000,FM,OFF,,NO,Approximate,,,+10:00
24,Simplex,APRSVE,,APRSVE,,145.0100,OFF,0.000,FM,OFF,,NO,Approximate,,,+10:00
24,Simplex,S27125,,S27125,,432.7125,OFF,0.000,FM,OFF,,NO,Approximate,,,+10:00
24,Simplex,S7025,,S7025,,147.0250,OFF,0.000,FM,OFF,,NO,Approximate,,,+10:00
24,Simplex,S7625,,S7625,,147.6250,OFF,0.000,FM,OFF,,NO,Approximate,,,+10:00
24,Simplex,S81125,,S81125,,438.1125,OFF,0.000,FM,OFF,,NO,Approximate,,,+10:00
24,Simplex,W3800,,W3800,,433.8000,OFF,0.000,FM,OFF,,NO,Approximate,,,+10:00
24,Simplex,W7125,,W7125,,147.1250,OFF,0.000,FM,OFF,,NO,Approximate,,,+10:00
24,Simplex,W7150,,W7150,,147.1500,OFF,0.000,FM,OFF,,NO,Approximate,,,+10:00
24,Simplex,W7175,,W7175,,147.1750,OFF,0.000,FM,OFF,,NO,Approximate,,,+10:00
24,Simplex,W7750,,W7500,,147.5000,OFF,0.000,FM,OFF,,NO,Approximate,,,+10:00
24,Simplex,W7725,,W7725,,147.7250,OFF,0.000,FM,OFF,,NO,Approximate,,,+10:00
24,Simplex,W7750,,W7750,,147.7500,OFF,0.000,FM,OFF,,NO,Approximate,,,+10:00
24,Simplex,W7775,,W7775,,147.7750,OFF,0.000,FM,OFF,,NO,Approximate,,,+10:00
24,Simplex,W8275,,W8275,,438.2750,OFF,0.000,FM,OFF,,NO,Approximate,,,+10:00
24,Simplex,W8625,,W8625,,438.6250,OFF,0.000,FM,OFF,,NO,Approximate,,,+10:00
24,Simplex,W8800,,W8800,,438.8000,OFF,0.000,FM,OFF,,NO,Approximate,,,+10:00
24,Simplex,W9925,,W9925,,439.9250,OFF,0.000,FM,OFF,,NO,Approximate,,,+10:00
24,Simplex,W9975,,W9975,,439.9750,OFF,0.000,FM,OFF,,NO,Approximate,,,+10:00
24,Simplex,WICENP,,WicenPkt,,145.2000,OFF,0.000,FM,OFF,,NO,Approximate,,,+10:00
