CH No,Frequency,Dup,Offset,TS,Mode,Name,SKIP,TONE,Repeater Tone,TSQL Frequency,DTCS Code,DTCS Polarity,DV SQL,DV SQL Code,Your Call Sign,RPT1 Call Sign,RPT2 Call Sign
0,147.0250,DUP+,0.600,,FM,Paddo,OFF,TSQL,91.5Hz,91.5Hz,,,,,,VK2ROT 2,,
1,438.5750,DUP-,5.000,,FM,Paddo,OFF,TSQL,91.5Hz,91.5Hz,,,,,,VK2ROT 7,,
2,438.1125,DUP-,5.400,,FM,Sydney CBD,OFF,TSQL,91.5Hz,91.5Hz,,,,,,VK2ROZ 7,,
3,439.8000,DUP-,5.000,,FM,Sydney,OFF,TSQL,91.5Hz,91.5Hz,,,,,,VK2RCG 7,,
4,438.4500,DUP-,5.000,,FM,Carlingford,OFF,TSQL,91.5Hz,91.5Hz,,,,,,VK2RCF 7,,
5,147.0000,DUP-,0.600,,FM,Dural,OFF,OFF,,,,,,,,VK2RWI 2,,
6,438.5250,DUP-,5.000,,FM,Dural,OFF,OFF,,,,,,,,VK2RWI 7,,
7,438.6000,DUP-,5.000,,FM,Dural1,OFF,OFF,,,,,,,,VK2RWIA7,,
8,439.9000,DUP-,5.000,,FM,Dural2,OFF,OFF,,,,,,,,VK2RWIB7,,
9,146.8500,DUP-,0.600,,FM,Maddns,OFF,OFF,,,,,,,,VK2RMP 2,,
10,438.7250,DUP-,5.000,,FM,Maddns,OFF,TSQL,123Hz,123Hz,,,,,,VK2RMP 7,,
11,147.0500,DUP+,0.600,,FM,Lawsn1,OFF,TSQL,123Hz,123Hz,,,,,,VK2RBM 2,,
12,438.3750,DUP-,5.000,,FM,Lawsn1,OFF,TSQL,123Hz,123Hz,,,,,,VK2RBM 7,,
13,146.7250,DUP-,0.600,,FM,Someb,PSkip,TSQL,91.5Hz,91.5Hz,,,,,,VK2RAG 2,,
14,147.1250,DUP+,0.600,,FM,Someb1,PSkip,TSQL,91.5Hz,91.5Hz,,,,,,VK2RAGA2,,
15,147.0750,DUP+,0.600,,FM,Lalor,PSkip,TSQL,123Hz,123Hz,,,,,,VK2RCZ 2,,
16,146.9250,DUP-,0.600,,FM,NRyde,PSkip,OFF,,,,,,,,VK2RGR 2,,
17,146.8000,DUP-,0.600,,FM,HCote,PSkip,OFF,,,,,,,,VK2RLE 2,,
18,146.8750,DUP-,0.600,,FM,THills,PSkip,OFF,,,,,,,,VK2RMB 2,,
19,147.2500,DUP+,0.600,,FM,Asqith,PSkip,OFF,,,,,,,,VK2RNS 2,,
20,147.2750,DUP+,0.600,,FM,Razor,PSkip,OFF,,,,,,,,VK2RRR 2,,
21,147.2250,DUP+,0.600,,FM,Lewshm,PSkip,OFF,,,,,,,,VK2RST 2,,
22,147.1500,DUP+,0.600,,FM,Chats1,PSkip,TSQL,91.5Hz,91.5Hz,,,,,,VK2RWC 2,,
23,147.1750,DUP+,0.600,,FM,portable,PSkip,OFF,,,,,,,,VK2RWS 2,,
24,438.0750,DUP-,5.000,,FM,Someb,PSkip,TSQL,91.5Hz,91.5Hz,,,,,,VK2RAG 7,,
25,439.5250,DUP-,5.000,,FM,Someb1,PSkip,TSQL,91.5Hz,91.5Hz,,,,,,VK2RAGA7,,
26,439.7250,DUP-,5.000,,FM,Someb2,PSkip,TSQL,91.5Hz,91.5Hz,,,,,,VK2RAGB7,,
27,439.9500,DUP-,5.000,,FM,Someb3,PSkip,TSQL,91.5Hz,91.5Hz,,,,,,VK2RAGC7,,
28,438.6500,DUP-,5.000,,FM,Campbelltown,PSkip,TSQL,91.5Hz,91.5Hz,,,,,,VK2RCT 7,,
29,439.4250,DUP-,5.000,,FM,Lalor,PSkip,OFF,,,,,,,,VK2RCZ 7,,
30,438.6500,DUP-,5.000,,FM,Woy Woy,PSkip,TSQL,91.5Hz,91.5Hz,,,,,,VK2RDC 7,,
31,439.4750,DUP-,5.000,,FM,Glenwood,PSkip,OFF,,,,,,,,VK2RGW 7,,
32,438.5500,DUP-,5.000,,FM,Hurstville,PSkip,TSQL,91.5Hz,91.5Hz,,,,,,VK2RHC 7,,
33,439.7500,DUP-,5.000,,FM,Horsley Park,PSkip,OFF,,,,,,,,VK2RHP 7,,
34,438.3500,DUP-,5.400,,FM,Chats,PSkip,TSQL,91.5Hz,91.5Hz,,,,,,VK2RHT 7,,
35,438.4250,DUP-,5.000,,FM,HCote,PSkip,OFF,,,,,,,,VK2RLE 7,,
36,438.1750,DUP-,5.000,,FM,THills,PSkip,TSQL,91.5Hz,91.5Hz,,,,,,VK2RMB 7,,
37,439.5750,DUP-,5.000,,FM,Mt Riverview,PSkip,TSQL,123Hz,123Hz,,,,,,VK2RMR 7,,
38,439.8500,DUP-,5.000,,FM,Werri,PSkip,OFF,,,,,,,,VK2RNG 7,,
39,439.9750,DUP-,5.000,,FM,Asqith,PSkip,OFF,,,,,,,,VK2RNS 7,,
40,439.9250,DUP-,5.000,,FM,Artarmon,PSkip,OFF,,,,,,,,VK2RON 7,,
41,439.6000,DUP-,5.000,,FM,Razor,PSkip,TSQL,91.5Hz,91.5Hz,,,,,,VK2RRR 7,,
42,438.4750,DUP-,5.000,,FM,Lewisham,PSkip,OFF,,,,,,,,VK2RRS 7,,
43,438.1000,DUP-,5.000,,FM,North Ryde,PSkip,OFF,,,,,,,,VK2RRW 7,,
44,439.3250,DUP-,5.000,,FM,Sans Souci,PSkip,TSQL,91.5Hz,91.5Hz,,,,,,VK2RSV 7,,
45,439.7750,DUP-,5.000,,FM,Blaxland,PSkip,OFF,,,,,,,,VK2RSW 7,,
46,439.3000,DUP-,5.000,,FM,Kariong,PSkip,OFF,,,,,,,,VK2RTG 7,,
47,438.2750,DUP-,5.400,,FM,Berowra North,PSkip,TSQL,91.5Hz,91.5Hz,,,,,,VK2RWS 7,,
48,146.9250,DUP-,0.600,,FM,Jervis,PSkip,OFF,,,,,,,,VK1RJB 2,,
49,147.2500,DUP+,0.600,,FM,Nimtbl,PSkip,OFF,,,,,,,,VK2RHH 2,,
50,146.8250,DUP-,0.600,,FM,HRange,PSkip,OFF,,,,,,,,VK2RHR 2,,
51,146.7000,DUP-,0.600,,FM,NowraH,PSkip,TSQL,123Hz,123Hz,,,,,,VK2RMU 2,,
52,147.0750,DUP+,0.600,,FM,Wandra,PSkip,OFF,,,,,,,,VK2RMW 2,,
53,147.1000,DUP+,0.600,,FM,SHigh,PSkip,OFF,,,,,,,,VK2RSH 2,,
54,146.8250,DUP-,0.600,,FM,WolumP,PSkip,OFF,,,,,,,,VK2RWP 2,,
55,438.0250,DUP-,5.000,,FM,HRange,PSkip,OFF,,,,,,,,VK2RHR 7,,
56,438.3000,DUP-,5.000,,FM,Kiama,PSkip,OFF,,,,,,,,VK2RIW 7,,
57,438.1250,DUP-,5.000,,FM,NowraH,PSkip,TSQL,123Hz,123Hz,,,,,,VK2RMU 7,,
58,439.3750,DUP-,5.000,,FM,Alpine,PSkip,OFF,,,,,,,,VK2RSH 7,,
59,439.9000,DUP-,5.000,,FM,WolumP,PSkip,OFF,,,,,,,,VK2RWP 7,,
60,146.6250,DUP-,0.600,,FM,Byron,PSkip,TSQL,123Hz,123Hz,,,,,,VK2RBB 2,,
61,147.3500,DUP+,0.600,,FM,Coorb,PSkip,OFF,,,,,,,,VK2RBO 2,,
62,146.7500,DUP-,0.600,,FM,FranLO,PSkip,TSQL,123Hz,123Hz,,,,,,VK2RCB 2,,
63,146.8500,DUP-,0.600,,FM,Bruxnr,PSkip,OFF,,,,,,,,VK2RCH 2,,
64,147.0000,DUP-,0.600,,FM,TelePt,PSkip,OFF,,,,,,,,VK2RCN 2,,
65,146.6750,DUP-,0.600,,FM,Graft,PSkip,TSQL,123Hz,123Hz,,,,,,VK2RCV 2,,
66,146.6500,DUP-,0.600,,FM,Dorrig,PSkip,OFF,,,,,,,,VK2RDO 2,,
67,146.6750,DUP-,0.600,,FM,Mount Ganghat,PSkip,TSQL,123Hz,123Hz,,,,,,VK2REE 2,,
68,147.2500,DUP+,0.600,,FM,Woodbn,PSkip,TSQL,123Hz,123Hz,,,,,,VK2REH 2,,
69,147.1000,DUP+,0.600,,FM,CbTree,PSkip,OFF,,,,,,,,VK2RGL 2,,
70,147.2000,DUP+,0.600,,FM,CbTree,PSkip,OFF,,,,,,,,VK2RGLA2,,
71,146.8750,DUP-,0.600,,FM,YarahP,PSkip,OFF,,,,,,,,VK2RMY 2,,
72,146.9000,DUP-,0.600,,FM,SgarL,PSkip,OFF,,,,,,,,VK2RNC 2,,
73,146.9750,DUP-,0.600,,FM,SgarL1,PSkip,OFF,,,,,,,,VK2RNCA2,,
74,146.7000,DUP-,0.600,,FM,MdlBro,PSkip,TSQL,91.5Hz,91.5Hz,,,,,,VK2RPM 2,,
75,146.8000,DUP-,0.600,,FM,Lismor,PSkip,TSQL,123Hz,123Hz,,,,,,VK2RSC 2,,
76,147.1250,DUP+,0.600,,FM,Scadns,PSkip,OFF,,,,,,,,VK2RSR 2,,
77,147.3250,DUP+,0.600,,FM,Lawsn2,PSkip,OFF,,,,,,,,VK2RTS 2,,
78,146.7750,DUP-,0.600,,FM,SugarL,PSkip,OFF,,,,,,,,VK2RTZ 2,,
79,147.1500,DUP+,0.600,,FM,Nwcsle,PSkip,OFF,,,,,,,,VK2RWH 2,,
80,147.1500,DUP+,0.600,,FM,KurraJ,PSkip,OFF,,,,,,,,VK2RWK 2,,
81,147.0750,DUP+,0.600,,FM,Moona,PSkip,OFF,,,,,,,,VK2RWR 2,,
82,439.2750,DUP-,5.000,,FM,Booral,PSkip,OFF,,,,,,,,VK2RAI 7,,
83,438.4250,DUP-,5.000,,FM,TelePt,PSkip,TSQL,123Hz,123Hz,,,,,,VK2RCN 7,,
84,438.3250,DUP-,5.000,,FM,Mt Ganghat,PSkip,OFF,,,,,,,,VK2REE 7,,
85,438.1250,DUP-,5.000,,FM,Wyee,PSkip,OFF,,,,,,,,VK2RHK 7,,
86,438.1250,DUP-,5.000,,FM,Bruxner Park,PSkip,TSQL,123Hz,123Hz,,,,,,VK2RMG 7,,
87,438.0750,DUP-,5.000,,FM,YarahP,PSkip,OFF,,,,,,,,VK2RMY 7,,
88,438.0250,DUP-,5.000,,FM,SgarL,PSkip,OFF,,,,,,,,VK2RNC 7,,
89,438.6750,DUP-,5.000,,FM,SgarL1,PSkip,OFF,,,,,,,,VK2RNCA7,,
90,439.7000,DUP-,5.000,,FM,Bolwarra Heights,PSkip,TSQL,91.5Hz,91.5Hz,,,,,,VK2ROJ 7,,
91,438.6750,DUP-,5.000,,FM,Nardi,PSkip,TSQL,123Hz,123Hz,,,,,,VK2RPL 7,,
92,438.5250,DUP-,5.000,,FM,MdlBro,PSkip,TSQL,123Hz,123Hz,,,,,,VK2RPM 7,,
93,439.9500,DUP-,5.000,,FM,Lismor,PSkip,TSQL,123Hz,123Hz,,,,,,VK2RSC 7,,
94,438.6250,DUP-,5.000,,FM,Merewether,PSkip,OFF,,,,,,,,VK2RUM 7,,
95,439.6250,DUP-,5.000,,FM,Nwcsle,PSkip,OFF,,,,,,,,VK2RWH 7,,
96,439.8250,DUP-,5.000,,FM,KurraJ,PSkip,TSQL,91.5Hz,91.5Hz,,,,,,VK2RWK 7,,
97,146.9000,DUP-,0.600,,FM,Tidbin,PSkip,OFF,,,,,,,,VK1RAC 2,,
98,147.1750,DUP+,0.600,,FM,BullsH,PSkip,OFF,,,,,,,,VK1RBH 2,,
99,146.7250,DUP-,0.600,,FM,Issacs,PSkip,TSQL,91.5Hz,91.5Hz,,,,,,VK1RBM 2,,
100,146.9500,DUP-,0.600,,FM,Ginini,PSkip,TSQL,91.5Hz,91.5Hz,,,,,,VK1RGI 2,,
101,146.7250,DUP-,0.600,,FM,SHill,PSkip,OFF,,,,,,,,VK2RAD 2,,
102,146.7000,DUP-,0.600,,FM,Cbolas,PSkip,TSQL,91.5Hz,91.5Hz,,,,,,VK2RAO 2,,
103,147.2750,DUP+,0.600,,FM,AcacPl,PSkip,OFF,,,,,,,,VK2RAP 2,,
104,147.2250,DUP+,0.600,,FM,Albury,PSkip,OFF,,,,,,,,VK2RAY 2,,
105,146.7750,DUP-,0.600,,FM,Bethun,PSkip,TSQL,91.5Hz,91.5Hz,,,,,,VK2RBE 2,,
106,147.0000,DUP-,0.600,,FM,Darlng,PSkip,OFF,,,,,,,,VK2RBH 2,,
107,146.7750,DUP-,0.600,,FM,NomTop,PSkip,OFF,,,,,,,,VK2RBK 2,,
108,146.7250,DUP-,0.600,,FM,Balran,PSkip,OFF,,,,,,,,VK2RBL 2,,
109,146.7750,DUP-,0.600,,FM,Tabulm,PSkip,OFF,,,,,,,,VK2RBR 2,,
110,146.8000,DUP-,0.600,,FM,NeedlMn,PSkip,OFF,,,,,,,,VK2RCC 2,,
111,146.7250,DUP-,0.600,,FM,BurroH,PSkip,OFF,,,,,,,,VK2RCD 2,,
112,147.2000,DUP+,0.600,,FM,Lindsy,PSkip,OFF,,,,,,,,VK2RCW 2,,
113,146.6500,DUP-,0.600,,FM,Bindo,PSkip,OFF,,,,,,,,VK2RDX 2,,
114,146.8250,DUP-,0.600,,FM,Galore,PSkip,TSQL,91.5Hz,91.5Hz,,,,,,VK2RGA 2,,
115,146.8500,DUP-,0.600,,FM,SqrNob,PSkip,TSQL,91.5Hz,91.5Hz,,,,,,VK2RGF 2,,
116,146.6250,DUP-,0.600,,FM,MtGray,PSkip,OFF,,,,,,,,VK2RGN 2,,
117,146.6750,DUP-,0.600,,FM,SBark,PSkip,OFF,,,,,,,,VK2RLH 2,,
118,146.8750,DUP-,0.600,,FM,Prishr,PSkip,OFF,,,,,,,,VK2RLJ 2,,
119,146.6500,DUP-,0.600,,FM,THiHi,PSkip,OFF,,,,,,,,VK2RMI 2,,
120,147.3750,DUP+,0.600,,FM,McKen,PSkip,TSQL,123Hz,123Hz,,,,,,VK2RMM 2,,
121,146.8500,DUP-,0.600,,FM,Baldwn,PSkip,OFF,,,,,,,,VK2RMO 2,,
122,146.9500,DUP-,0.600,,FM,Rumbee,PSkip,OFF,,,,,,,,VK2RNE 2,,
123,146.6250,DUP-,0.600,,FM,Kaput,PSkip,OFF,,,,,,,,VK2RNW 2,,
124,146.9000,DUP-,0.600,,FM,Boona,PSkip,OFF,,,,,,,,VK2RRT 2,,
125,147.0250,DUP+,0.600,,FM,TableT,PSkip,OFF,,,,,,,,VK2RSM 2,,
126,146.8000,DUP-,0.600,,FM,Kendal,PSkip,TSQL,91.5Hz,91.5Hz,,,,,,VK2RTD 2,,
127,146.7500,DUP-,0.600,,FM,Mt Crawney,PSkip,OFF,,,,,,,,VK2RTM 2,,
128,147.2000,DUP+,0.600,,FM,GwynH,PSkip,TSQL,123Hz,123Hz,,,,,,VK2RWB 2,,
129,146.7500,DUP-,0.600,,FM,WOF,PSkip,TSQL,91.5Hz,91.5Hz,,,,,,VK2RWG 2,,
130,147.1000,DUP+,0.600,,FM,Warrad,PSkip,OFF,,,,,,,,VK2RWM 2,,
131,147.2250,DUP+,0.600,,FM,BaldM,PSkip,OFF,,,,,,,,VK2RYL 2,,
132,146.8750,DUP-,0.600,,FM,Muswel,PSkip,TSQL,123Hz,123Hz,,,,,,VK2RZL 2,,
133,439.9500,DUP-,5.000,,FM,Issacs,PSkip,TSQL,91.5Hz,91.5Hz,,,,,,VK1RBM 7,,
134,438.0500,DUP-,5.000,,FM,Ginini,PSkip,TSQL,91.5Hz,91.5Hz,,,,,,VK1RGI 7,,
135,438.4750,DUP-,5.000,,FM,MtCraw,PSkip,OFF,,,,,,,,VK2RAB 7,,
136,438.6500,DUP-,5.000,,FM,SHill,PSkip,OFF,,,,,,,,VK2RAD 7,,
137,438.7250,DUP-,5.000,,FM,Cbolas,PSkip,OFF,,,,,,,,VK2RAO 7,,
138,438.5750,DUP-,5.000,,FM,Albury,PSkip,OFF,,,,,,,,VK2RAY 7,,
139,439.9000,DUP-,5.000,,FM,NomTop,PSkip,OFF,,,,,,,,VK2RBK 7,,
140,439.3000,DUP-,5.000,,FM,Lindsy,PSkip,OFF,,,,,,,,VK2RCW 7,,
141,439.9500,DUP-,5.000,,FM,Burroway Hill,PSkip,OFF,,,,,,,,VK2RDD 7,,
142,438.3250,DUP-,5.000,,FM,MtGray,PSkip,OFF,,,,,,,,VK2RGN 7,,
143,438.6250,DUP-,5.000,,FM,Goulburn,PSkip,OFF,,,,,,,,VK2RGNA7,,
144,439.9500,DUP-,5.000,,FM,MtGray,PSkip,OFF,,,,,,,,VK2RGNB7,,
145,439.8500,DUP-,5.000,,FM,Newbridge,PSkip,OFF,,,,,,,,VK2RLH 7,,
146,438.4500,DUP-,5.000,,FM,Prishr,PSkip,OFF,,,,,,,,VK2RLJ 7,,
147,438.5750,DUP-,5.000,,FM,Kaput,PSkip,OFF,,,,,,,,VK2RNW 7,,
148,439.9000,DUP-,5.000,,FM,TableT,PSkip,OFF,,,,,,,,VK2RSM 7,,
149,438.0250,DUP-,5.000,,FM,Willans Hill,PSkip,TSQL,91.5Hz,91.5Hz,,,,,,VK2RTW 7,,
150,439.8000,DUP-,5.000,,FM,Wagga Wagga,PSkip,TSQL,91.5Hz,91.5Hz,,,,,,VK2RTWA7,,
151,439.6500,DUP-,5.000,,FM,GwynH,PSkip,TSQL,123Hz,123Hz,,,,,,VK2RWB 7,,
152,438.3250,DUP-,5.000,,FM,Warrad,PSkip,OFF,,,,,,,,VK2RWM 7,,
