CH No,Frequency,Dup,Offset,TS,Mode,Name,SKIP,TONE,Repeater Tone,TSQL Frequency,DTCS Code,DTCS Polarity,DV SQL,DV SQL Code,Your Call Sign,RPT1 Call Sign,RPT2 Call Sign
0,146.7500,DUP-,0.600,,FM,Pillaworta Hill,PSkip,OFF,,,,,,,,VK5RAC 2,,
1,147.0000,DUP-,0.600,,FM,Crafers,PSkip,OFF,,,,,,,,VK5RAD 2,,
2,146.9750,DUP-,0.600,,FM,Mt Arden,PSkip,OFF,,,,,,,,VK5RAE 2,,
3,146.7750,DUP-,0.600,,FM,Lobethal,PSkip,OFF,,,,,,,,VK5RAH 2,,
4,146.7250,DUP-,0.600,,FM,Mount Barker,PSkip,OFF,,,,,,,,VK5RBK 2,,
5,147.3500,DUP+,0.600,,FM,Willalooka,PSkip,OFF,,,,,,,,VK5RBT 2,,
6,146.8250,DUP-,0.600,,FM,Mt Kitchener,PSkip,OFF,,,,,,,,VK5RBV 2,,
7,146.8000,DUP-,0.600,,FM,Coolanie,PSkip,OFF,,,,,,,,VK5REP 2,,
8,146.8500,DUP-,0.600,,FM,Anstey Hill,PSkip,OFF,,,,,,,,VK5RHO 2,,
9,147.3750,DUP+,0.600,,FM,Kingst,PSkip,OFF,,,,,,,,VK5RKN 2,,
10,147.3250,DUP+,0.600,,FM,Moorook,PSkip,OFF,,,,,,,,VK5RLD 2,,
11,146.9250,DUP-,0.600,,FM,Bumbunga Hill,PSkip,OFF,,,,,,,,VK5RLH 2,,
12,146.6250,DUP-,0.600,,FM,Elizabeth,PSkip,OFF,,,,,,,,VK5RLZ 2,,
13,146.8750,DUP-,0.600,,FM,Mt Beevor,PSkip,OFF,,,,,,,,VK5RMB 2,,
14,146.9000,DUP-,0.600,,FM,MtgVHF,PSkip,OFF,,,,,,,,VK5RMG 2,,
15,146.7000,DUP-,0.600,,FM,The Bluff,PSkip,OFF,,,,,,,,VK5RMN 2,,
16,146.6500,DUP-,0.600,,FM,Ncte,PSkip,OFF,,,,,,,,VK5RNC 2,,
17,29.6200,DUP+,118.055,,FM,Mt Terrible,PSkip,TSQL,141.3Hz,141.3Hz,,,,,,VK5RSC 2,,
18,146.8000,DUP-,0.600,,FM,MtGrah,PSkip,OFF,,,,,,,,VK5RSE 2,,
19,146.6750,DUP-,0.600,,FM,Willunga Hill,PSkip,OFF,,,,,,,,VK5RSV 2,,
20,146.9500,DUP-,0.600,,FM,ASpr2,PSkip,TSQL,91.5Hz,91.5Hz,,,,,,VK8RCA 2,,
21,146.9000,DUP-,0.600,,FM,Darwin,PSkip,TSQL,123Hz,123Hz,,,,,,VK8RDA 2,,
22,146.9500,DUP-,0.600,,FM,Moil,PSkip,OFF,,,,,,,,VK8RPD 2,,
23,147.0000,DUP-,0.600,,FM,Larrakeyah,PSkip,TSQL,123Hz,123Hz,,,,,,VK8RTE 2,,
24,146.8000,DUP-,0.600,,FM,Marrara,PSkip,TSQL,123Hz,123Hz,,,,,,VK8RWI 2,,
25,439.8500,DUP-,5.000,,FM,Pillaworta Hill,PSkip,OFF,,,,,,,,VK5RAC 7,,
26,439.9250,DUP-,5.000,,FM,Crafers,PSkip,OFF,,,,,,,,VK5RAD 7,,
27,439.8000,DUP-,5.000,,FM,Mt Kitchener,PSkip,OFF,,,,,,,,VK5RBV 7,,
28,438.3250,DUP-,5.000,,FM,Moonta,PSkip,TSQL,91.5Hz,91.5Hz,,,,,,VK5RCT 7,,
29,439.8750,DUP-,5.000,,FM,Anstey Hill,PSkip,OFF,,,,,,,,VK5RHO 7,,
30,439.9750,DUP-,5.000,,FM,Elizabeth,PSkip,TSQL,91.5Hz,91.5Hz,,,,,,VK5RLZ 7,,
31,439.9500,DUP-,5.000,,FM,Lower Light,PSkip,OFF,,,,,,,,VK5ROC 7,,
32,439.8250,DUP-,5.000,,FM,MtgUHF,PSkip,OFF,,,,,,,,VK5ROH 7,,
33,438.0250,DUP-,5.000,,FM,AdlCBD,PSkip,OFF,,,,,,,,VK5RSA 7,,
34,439.9000,DUP-,5.000,,FM,Sumtwn,PSkip,TSQL,91.5Hz,91.5Hz,,,,,,VK5RSB 7,,
35,438.0750,DUP-,5.000,,FM,Mt Terrible,PSkip,OFF,,,,,,,,VK5RSC 7,,
36,439.8250,DUP-,5.000,,FM,Mt Terrible,PSkip,OFF,,,,,,,,VK5RSCA7,,
37,438.2750,DUP-,5.000,,FM,Darwin,PSkip,TSQL,91.5Hz,91.5Hz,,,,,,VK8RDA 7,,
38,438.5250,DUP-,5.000,,FM,ASpr70,PSkip,TSQL,91.5Hz,91.5Hz,,,,,,VK8RIT 7,,
39,439.9750,DUP-,5.000,,FM,Marrara,PSkip,TSQL,91.5Hz,91.5Hz,,,,,,VK8RWI 7,,
