CH No,Frequency,Dup,Offset,TS,Mode,Name,SKIP,TONE,Repeater Tone,TSQL Frequency,DTCS Code,DTCS Polarity,DV SQL,DV SQL Code,Your Call Sign,RPT1 Call Sign,RPT2 Call Sign
0,147.2000,DUP+,0.600,,FM,portable,PSkip,OFF,,,,,,,,VK5RBP 2,,
1,147.3000,DUP+,0.600,,FM,portable,PSkip,OFF,,,,,,,,VK5RWI 2,,
2,438.2000,DUP-,5.000,,FM,portable,PSkip,OFF,,,,,,,,VK5RBP 7,,
3,146.8750,DUP-,0.600,,FM,portable,PSkip,OFF,,,,,,,,VK6RIC 2,,
4,147.0250,DUP+,0.600,,FM,portable,PSkip,OFF,,,,,,,,VK6RPT 2,,
5,147.6250,DUP-,0.600,,FM,portable,PSkip,OFF,,,,,,,,VK6RPTA2,,
6,146.9750,DUP-,0.600,,FM,portable,PSkip,OFF,,,,,,,,VK6RSH 2,,
7,439.9500,DUP-,5.000,,FM,portable,PSkip,OFF,,,,,,,,VK6RAR 7,,
8,438.0250,DUP-,5.000,,FM,portable,PSkip,OFF,,,,,,,,VK6RPT 7,,
9,432.7125,OFF,0.000,,FM,S27125,PSkip,OFF,,,,,,,,S27125,,
10,147.0250,OFF,0.000,,FM,S7025,PSkip,OFF,,,,,,,,S7025,,
11,147.6250,OFF,0.000,,FM,S7625,PSkip,OFF,,,,,,,,S7625,,
12,438.1125,OFF,0.000,,FM,S81125,PSkip,OFF,,,,,,,,S81125,,
13,433.8000,OFF,0.000,,FM,W3800,PSkip,OFF,,,,,,,,W3800,,
14,147.1250,OFF,0.000,,FM,W7125,PSkip,OFF,,,,,,,,W7125,,
15,147.1500,OFF,0.000,,FM,W7150,PSkip,OFF,,,,,,,,W7150,,
16,147.1750,OFF,0.000,,FM,W7175,PSkip,OFF,,,,,,,,W7175,,
17,147.5000,OFF,0.000,,FM,W7750,PSkip,OFF,,,,,,,,W7500,,
18,147.7250,OFF,0.000,,FM,W7725,PSkip,OFF,,,,,,,,W7725,,
19,147.7500,OFF,0.000,,FM,W7750,PSkip,OFF,,,,,,,,W7750,,
20,147.7750,OFF,0.000,,FM,W7775,PSkip,OFF,,,,,,,,W7775,,
21,438.2750,OFF,0.000,,FM,W8275,PSkip,OFF,,,,,,,,W8275,,
22,438.6250,OFF,0.000,,FM,W8625,PSkip,OFF,,,,,,,,W8625,,
23,438.8000,OFF,0.000,,FM,W8800,PSkip,OFF,,,,,,,,W8800,,
24,439.9250,OFF,0.000,,FM,W9925,PSkip,OFF,,,,,,,,W9925,,
25,439.9750,OFF,0.000,,FM,W9975,PSkip,OFF,,,,,,,,W9975,,
26,147.1250,DUP+,0.600,,FM,portable,PSkip,OFF,,,,,,,,VK1RWP 2,,
27,147.1500,DUP+,0.600,,FM,portable,PSkip,OFF,,,,,,,,VK1RWPA2,,
28,147.1750,DUP+,0.600,,FM,portable,PSkip,OFF,,,,,,,,VK1RWPB2,,
29,147.1250,DUP+,0.600,,FM,portable,PSkip,OFF,,,,,,,,VK2RAV 2,,
30,147.1500,DUP+,0.600,,FM,portable,PSkip,OFF,,,,,,,,VK2RAVA2,,
31,147.1750,DUP+,0.600,,FM,portable,PSkip,OFF,,,,,,,,VK2RAVB2,,
32,147.1750,DUP+,0.600,,FM,portable,PSkip,OFF,,,,,,,,VK2REP 2,,
33,147.1750,DUP+,0.600,,FM,portable,PSkip,OFF,,,,,,,,VK2RFI 2,,
34,146.9250,DUP-,0.600,,FM,portable,PSkip,OFF,,,,,,,,VK3RPW 2,,
35,146.9750,DUP-,0.600,,FM,portable,PSkip,OFF,,,,,,,,VK3RSR 2,,
36,146.9250,DUP-,0.600,,FM,portable,PSkip,OFF,,,,,,,,VK3RWE 2,,
37,147.3000,DUP+,0.600,,FM,portable,PSkip,OFF,,,,,,,,VK3RWEA2,,
38,146.9250,DUP-,0.600,,FM,portable,PSkip,OFF,,,,,,,,VK3RWI 2,,
39,146.9250,DUP-,0.600,,FM,portable,PSkip,OFF,,,,,,,,VK3RWP 2,,
40,147.3000,DUP+,0.600,,FM,portable,PSkip,OFF,,,,,,,,VK3RWPA2,,
41,146.9250,DUP-,0.600,,FM,portable,PSkip,OFF,,,,,,,,VK3RWR 2,,
42,147.3000,DUP+,0.600,,FM,portable,PSkip,OFF,,,,,,,,VK3RWRA2,,
43,147.1500,DUP+,0.600,,FM,portable,PSkip,OFF,,,,,,,,VK4RWI 2,,
44,145.2000,OFF,0.000,,FM,WICENP,PSkip,OFF,,,,,,,,WicenPkt,,
45,439.9250,DUP-,5.000,,FM,portable,PSkip,OFF,,,,,,,,VK1RWP 7,,
46,439.9750,DUP-,5.000,,FM,portable,PSkip,OFF,,,,,,,,VK1RWPA7,,
47,439.9250,DUP-,5.000,,FM,portable,PSkip,OFF,,,,,,,,VK2RAF 7,,
48,439.8750,DUP-,5.000,,FM,portable,PSkip,OFF,,,,,,,,VK2RAH 7,,
49,439.5250,DUP-,5.000,,FM,portable,PSkip,OFF,,,,,,,,VK2RAV 7,,
50,439.6250,DUP-,5.000,,FM,portable,PSkip,OFF,,,,,,,,VK2RFI 7,,
51,438.2750,DUP-,5.000,,FM,portable,PSkip,OFF,,,,,,,,VK3RPW 7,,
52,438.6250,DUP-,5.000,,FM,portable,PSkip,OFF,,,,,,,,VK3RPWA7,,
53,439.9750,DUP-,5.000,,FM,portable,PSkip,OFF,,,,,,,,VK3RSS 7,,
54,438.2750,DUP-,5.000,,FM,portable,PSkip,OFF,,,,,,,,VK3RWE 7,,
55,438.6250,DUP-,5.000,,FM,portable,PSkip,OFF,,,,,,,,VK3RWEA7,,
56,438.2750,DUP-,5.000,,FM,portable,PSkip,OFF,,,,,,,,VK3RWI 7,,
57,438.6250,DUP-,5.000,,FM,portable,PSkip,OFF,,,,,,,,VK3RWIA7,,
58,438.6250,DUP-,5.000,,FM,portable,PSkip,OFF,,,,,,,,VK3RWP 7,,
59,439.9250,DUP-,5.000,,FM,portable,PSkip,OFF,,,,,,,,VK3RWPA7,,
60,439.9750,DUP-,5.000,,FM,portable,PSkip,OFF,,,,,,,,VK3RWPB7,,
61,438.2750,DUP-,5.000,,FM,portable,PSkip,OFF,,,,,,,,VK3RWR 7,,
62,438.6250,DUP-,5.000,,FM,portable,PSkip,OFF,,,,,,,,VK3RWRA7,,
63,438.6250,DUP-,5.000,,FM,portable,PSkip,OFF,,,,,,,,VK4RWI 7,,
