Group No,Group Name,Name,Sub Name,Repeater Call Sign,Gateway Call Sign,Frequency,Dup,Offset,Mode,TONE,Repeater Tone,RPT1USE,Position,Latitude,Longitude,UTC Offset
22,FMAusSE,Paddo,Sydney,VK2ROT 2,,147.0250,DUP+,0.600,FM,TSQL,91.5Hz,YES,Approximate,-33.88656055,151.2291117,+10:00
22,FMAusSE,Paddo,Sydney F,VK2ROT 7,,438.5750,DUP-,5.000,FM,TSQL,91.5Hz,YES,Approximate,-33.88656055,151.2291117,+10:00
22,FMAusSE,Sydney CBD,Rozelle ,VK2ROZ 7,,438.1125,DUP-,5.400,FM,TSQL,91.5Hz,YES,Approximate,-33.86429172,151.2115417,+10:00
22,FMAusSE,Sydney,Sydney c,VK2RCG 7,,439.8000,DUP-,5.000,FM,TSQL,91.5Hz,YES,Approximate,-33.86429172,151.2115417,+10:00
22,FMAusSE,Carlingford,Sydney F,VK2RCF 7,,438.4500,DUP-,5.000,FM,TSQL,91.5Hz,YES,Approximate,-33.77565327,151.0527875,+10:00
22,FMAusSE,Dural,Sydney,VK2RWI 2,,147.0000,DUP-,0.600,FM,OFF,,YES,Approximate,-33.69874235,151.0554635,+10:00
22,FMAusSE,Dural,Sydney,VK2RWI 7,,438.5250,DUP-,5.000,FM,OFF,,YES,Approximate,-33.69874235,151.0554635,+10:00
22,FMAusSE,Dural1,Sydney 6,VK2RWIA7,,438.6000,DUP-,5.000,FM,OFF,,YES,Approximate,-33.69874235,151.0554635,+10:00
22,FMAusSE,Dural2,Sydney 6,VK2RWIB7,,439.9000,DUP-,5.000,FM,OFF,,YES,Approximate,-33.69874235,151.0554635,+10:00
22,FMAusSE,Maddns,Wollongo,VK2RMP 2,,146.8500,DUP-,0.600,FM,OFF,,YES,Approximate,-34.26338381,150.9545937,+10:00
22,FMAusSE,Maddns,Wollongo,VK2RMP 7,,438.7250,DUP-,5.000,FM,TSQL,123Hz,YES,Approximate,-34.26338381,150.9545937,+10:00
22,FMAusSE,Lawsn1,Blue Mou,VK2RBM 2,,147.0500,DUP+,0.600,FM,TSQL,123Hz,YES,Approximate,-33.71943279,150.4315849,+10:00
22,FMAusSE,Lawsn1,Blue Mou,VK2RBM 7,,438.3750,DUP-,5.000,FM,TSQL,123Hz,YES,Approximate,-33.71943279,150.4315849,+10:00
22,FMAusSE,Someb,Gosford,VK2RAG 2,,146.7250,DUP-,0.600,FM,TSQL,91.5Hz,NO,Approximate,-33.36007822,151.2912145,+10:00
22,FMAusSE,Someb1,Gosford ,VK2RAGA2,,147.1250,DUP+,0.600,FM,TSQL,91.5Hz,NO,Approximate,-33.36007822,151.2912145,+10:00
22,FMAusSE,Lalor,Sydney W,VK2RCZ 2,,147.0750,DUP+,0.600,FM,TSQL,123Hz,NO,Approximate,-33.74733787,150.8335528,+10:00
22,FMAusSE,NRyde,Sydney N,VK2RGR 2,,146.9250,DUP-,0.600,FM,OFF,,NO,Approximate,-33.79830756,151.1269075,+10:00
22,FMAusSE,HCote,Sydney,VK2RLE 2,,146.8000,DUP-,0.600,FM,OFF,,NO,Approximate,-34.04032914,151.0361648,+10:00
22,FMAusSE,THills,Sydney,VK2RMB 2,,146.8750,DUP-,0.600,FM,OFF,,NO,Approximate,-33.69299394,151.2220794,+10:00
22,FMAusSE,Asqith,Sydney,VK2RNS 2,,147.2500,DUP+,0.600,FM,OFF,,NO,Approximate,-33.68987894,151.1006775,+10:00
22,FMAusSE,Razor,SW Sydne,VK2RRR 2,,147.2750,DUP+,0.600,FM,OFF,,NO,Approximate,-34.13894445,150.6649263,+10:00
22,FMAusSE,Lewshm,Sydney S,VK2RST 2,,147.2250,DUP+,0.600,FM,OFF,,NO,Approximate,-33.89453142,151.1453516,+10:00
22,FMAusSE,Chats1,Sydney W,VK2RWC 2,,147.1500,DUP+,0.600,FM,TSQL,91.5Hz,NO,Approximate,-33.7980051,151.1789745,+10:00
22,FMAusSE,portable,Statewid,VK2RWS 2,,147.1750,DUP+,0.600,FM,OFF,,NO,Approximate,-33.62087566,151.1469258,+10:00
22,FMAusSE,Someb,Gosford ,VK2RAG 7,,438.0750,DUP-,5.000,FM,TSQL,91.5Hz,NO,Approximate,-33.36007822,151.2912145,+10:00
22,FMAusSE,Someb1,Gosford ,VK2RAGA7,,439.5250,DUP-,5.000,FM,TSQL,91.5Hz,NO,Approximate,-33.36007822,151.2912145,+10:00
22,FMAusSE,Someb2,Gosford ,VK2RAGB7,,439.7250,DUP-,5.000,FM,TSQL,91.5Hz,NO,Approximate,-33.36007822,151.2912145,+10:00
22,FMAusSE,Someb3,Central ,VK2RAGC7,,439.9500,DUP-,5.000,FM,TSQL,91.5Hz,NO,Approximate,-33.36007822,151.2912145,+10:00
22,FMAusSE,Campbelltown,Campbell,VK2RCT 7,,438.6500,DUP-,5.000,FM,TSQL,91.5Hz,NO,Approximate,-34.04251997,150.7847849,+10:00
22,FMAusSE,Lalor,West Syd,VK2RCZ 7,,439.4250,DUP-,5.000,FM,OFF,,NO,Approximate,-33.74733787,150.8335528,+10:00
22,FMAusSE,Woy Woy,Woy Woy,VK2RDC 7,,438.6500,DUP-,5.000,FM,TSQL,91.5Hz,NO,Approximate,-33.49825824,151.315176,+10:00
22,FMAusSE,Glenwood,West Syd,VK2RGW 7,,439.4750,DUP-,5.000,FM,OFF,,NO,Approximate,-33.74782455,150.9485289,+10:00
22,FMAusSE,Hurstville,Sydney,VK2RHC 7,,438.5500,DUP-,5.000,FM,TSQL,91.5Hz,NO,Approximate,-33.96426012,151.0939495,+10:00
22,FMAusSE,Horsley Park,Sydney,VK2RHP 7,,439.7500,DUP-,5.000,FM,OFF,,NO,Approximate,-33.86154777,150.8549472,+10:00
22,FMAusSE,Chats,Sydney F,VK2RHT 7,,438.3500,DUP-,5.400,FM,TSQL,91.5Hz,NO,Approximate,-33.7977301,151.1791975,+10:00
22,FMAusSE,HCote,Sydney F,VK2RLE 7,,438.4250,DUP-,5.000,FM,OFF,,NO,Approximate,-34.04032914,151.0361648,+10:00
22,FMAusSE,THills,Sydney F,VK2RMB 7,,438.1750,DUP-,5.000,FM,TSQL,91.5Hz,NO,Approximate,-33.69299394,151.2220794,+10:00
22,FMAusSE,Mt Riverview,Blue Mou,VK2RMR 7,,439.5750,DUP-,5.000,FM,TSQL,123Hz,NO,Approximate,-33.73078557,150.6304766,+10:00
22,FMAusSE,Werri,Western ,VK2RNG 7,,439.8500,DUP-,5.000,FM,OFF,,NO,Approximate,-33.76559905,150.7406808,+10:00
22,FMAusSE,Asqith,Northern,VK2RNS 7,,439.9750,DUP-,5.000,FM,OFF,,NO,Approximate,-33.68987894,151.1006775,+10:00
22,FMAusSE,Artarmon,Sydney m,VK2RON 7,,439.9250,DUP-,5.000,FM,OFF,,NO,Approximate,-33.80534607,151.1814115,+10:00
22,FMAusSE,Razor,SW Sydne,VK2RRR 7,,439.6000,DUP-,5.000,FM,TSQL,91.5Hz,NO,Approximate,-34.13894445,150.6649263,+10:00
22,FMAusSE,Lewisham,Sydney N,VK2RRS 7,,438.4750,DUP-,5.000,FM,OFF,,NO,Approximate,-33.89453142,151.1453516,+10:00
22,FMAusSE,North Ryde,Northern,VK2RRW 7,,438.1000,DUP-,5.000,FM,OFF,,NO,Approximate,-33.78340956,151.1315523,+10:00
22,FMAusSE,Sans Souci,Sydney S,VK2RSV 7,,439.3250,DUP-,5.000,FM,TSQL,91.5Hz,NO,Approximate,-34.00513772,151.1305966,+10:00
22,FMAusSE,Blaxland,Lower Bl,VK2RSW 7,,439.7750,DUP-,5.000,FM,OFF,,NO,Approximate,-33.75030147,150.6335239,+10:00
22,FMAusSE,Kariong,Gosford ,VK2RTG 7,,439.3000,DUP-,5.000,FM,OFF,,NO,Approximate,-33.43952126,151.2972948,+10:00
22,FMAusSE,Berowra North,Sydney F,VK2RWS 7,,438.2750,DUP-,5.400,FM,TSQL,91.5Hz,NO,Approximate,-33.62087566,151.1469258,+10:00
22,FMAusSE,Jervis,Jervis B,VK1RJB 2,,146.9250,DUP-,0.600,FM,OFF,,NO,Approximate,-35.16173555,150.7303866,+10:00
22,FMAusSE,Nimtbl,Snowy Mo,VK2RHH 2,,147.2500,DUP+,0.600,FM,OFF,,NO,Approximate,-36.50910403,149.3023097,+10:00
22,FMAusSE,HRange,Southern,VK2RHR 2,,146.8250,DUP-,0.600,FM,OFF,,NO,Approximate,-34.37099698,150.3357462,+10:00
22,FMAusSE,NowraH,Milton -,VK2RMU 2,,146.7000,DUP-,0.600,FM,TSQL,123Hz,NO,Approximate,-34.93559662,150.5669942,+10:00
22,FMAusSE,Wandra,Batemans,VK2RMW 2,,147.0750,DUP+,0.600,FM,OFF,,NO,Approximate,-35.7947349,150.0059193,+10:00
22,FMAusSE,SHigh,Southern,VK2RSH 2,,147.1000,DUP+,0.600,FM,OFF,,NO,Approximate,-34.40814592,150.5176925,+10:00
22,FMAusSE,WolumP,Bega-Far,VK2RWP 2,,146.8250,DUP-,0.600,FM,OFF,,NO,Approximate,-36.86445474,149.7281148,+10:00
22,FMAusSE,HRange,Southern,VK2RHR 7,,438.0250,DUP-,5.000,FM,OFF,,NO,Approximate,-34.37099698,150.3357462,+10:00
22,FMAusSE,Kiama,Kiama WI,VK2RIW 7,,438.3000,DUP-,5.000,FM,OFF,,NO,Approximate,-34.69760759,150.7913891,+10:00
22,FMAusSE,NowraH,Milton -,VK2RMU 7,,438.1250,DUP-,5.000,FM,TSQL,123Hz,NO,Approximate,-34.93559662,150.5669942,+10:00
22,FMAusSE,Alpine,Mittagon,VK2RSH 7,,439.3750,DUP-,5.000,FM,OFF,,NO,Approximate,-34.40814592,150.5176925,+10:00
22,FMAusSE,WolumP,Bega,VK2RWP 7,,439.9000,DUP-,5.000,FM,OFF,,NO,Approximate,-36.86445474,149.7281148,+10:00
22,FMAusSE,Byron,Byron Ba,VK2RBB 2,,146.6250,DUP-,0.600,FM,TSQL,123Hz,NO,Approximate,-28.6022166,153.4350422,+10:00
22,FMAusSE,Coorb,Newcastl,VK2RBO 2,,147.3500,DUP+,0.600,FM,OFF,,NO,Approximate,-33.0888466,151.460511,+10:00
22,FMAusSE,FranLO,Bellinge,VK2RCB 2,,146.7500,DUP-,0.600,FM,TSQL,123Hz,NO,Approximate,-30.3965164,152.6882033,+10:00
22,FMAusSE,Bruxnr,Coffs Ha,VK2RCH 2,,146.8500,DUP-,0.600,FM,OFF,,NO,Approximate,-30.21925464,153.0533583,+10:00
22,FMAusSE,TelePt,Port Mac,VK2RCN 2,,147.0000,DUP-,0.600,FM,OFF,,NO,Approximate,-31.30396225,152.7741135,+10:00
22,FMAusSE,Graft,Clarence,VK2RCV 2,,146.6750,DUP-,0.600,FM,TSQL,123Hz,NO,Approximate,-29.63464571,153.1573295,+10:00
22,FMAusSE,Dorrig,Coffs Ha,VK2RDO 2,,146.6500,DUP-,0.600,FM,OFF,,NO,Approximate,-30.31710212,152.8587894,+10:00
22,FMAusSE,Mount Ganghat,Taree - ,VK2REE 2,,146.6750,DUP-,0.600,FM,TSQL,123Hz,NO,Approximate,-31.92207109,152.1817397,+10:00
22,FMAusSE,Woodbn,Evans He,VK2REH 2,,147.2500,DUP+,0.600,FM,TSQL,123Hz,NO,Approximate,-29.11550688,153.4432588,+10:00
22,FMAusSE,CbTree,Forster ,VK2RGL 2,,147.1000,DUP+,0.600,FM,OFF,,NO,Approximate,-32.25739471,152.120465,+10:00
22,FMAusSE,CbTree,Forster ,VK2RGLA2,,147.2000,DUP+,0.600,FM,OFF,,NO,Approximate,-32.25739471,152.120465,+10:00
22,FMAusSE,YarahP,Kempsey ,VK2RMY 2,,146.8750,DUP-,0.600,FM,OFF,,NO,Approximate,-30.81391167,152.9194899,+10:00
22,FMAusSE,SgarL,Lower Hu,VK2RNC 2,,146.9000,DUP-,0.600,FM,OFF,,NO,Approximate,-32.8901955,151.538894,+10:00
22,FMAusSE,SgarL1,Lower Hu,VK2RNCA2,,146.9750,DUP-,0.600,FM,OFF,,NO,Approximate,-32.8901955,151.538894,+10:00
22,FMAusSE,MdlBro,Port Mac,VK2RPM 2,,146.7000,DUP-,0.600,FM,TSQL,91.5Hz,NO,Approximate,-31.70130379,152.6782851,+10:00
22,FMAusSE,Lismor,Lismore,VK2RSC 2,,146.8000,DUP-,0.600,FM,TSQL,123Hz,NO,Approximate,-28.85706342,153.2285111,+10:00
22,FMAusSE,Scadns,Wyong WI,VK2RSR 2,,147.1250,DUP+,0.600,FM,OFF,,NO,Approximate,-33.29454162,151.3669139,+10:00
22,FMAusSE,Lawsn2,Blue Mou,VK2RTS 2,,147.3250,DUP+,0.600,FM,OFF,,NO,Approximate,-33.71069258,150.4448985,+10:00
22,FMAusSE,SugarL,Newcastl,VK2RTZ 2,,146.7750,DUP-,0.600,FM,OFF,,NO,Approximate,-32.94467082,151.5158569,+10:00
22,FMAusSE,Nwcsle,Lower Hu,VK2RWH 2,,147.1500,DUP+,0.600,FM,OFF,,NO,Approximate,-32.91742767,151.5154557,+10:00
22,FMAusSE,KurraJ,Blue Mtn,VK2RWK 2,,147.1500,DUP+,0.600,FM,OFF,,NO,Approximate,-33.52358322,150.6269303,+10:00
22,FMAusSE,Moona,Walcha,VK2RWR 2,,147.0750,DUP+,0.600,FM,OFF,,NO,Approximate,-31.03990305,151.8898296,+10:00
22,FMAusSE,Booral,Booral/S,VK2RAI 7,,439.2750,DUP-,5.000,FM,OFF,,NO,Approximate,-32.5052853,151.9716893,+10:00
22,FMAusSE,TelePt,Port Mac,VK2RCN 7,,438.4250,DUP-,5.000,FM,TSQL,123Hz,NO,Approximate,-31.30396225,152.7741135,+10:00
22,FMAusSE,Mt Ganghat,Taree - ,VK2REE 7,,438.3250,DUP-,5.000,FM,OFF,,NO,Approximate,-31.92207109,152.1817397,+10:00
22,FMAusSE,Wyee,Lake Mac,VK2RHK 7,,438.1250,DUP-,5.000,FM,OFF,,NO,Approximate,-33.18273562,151.4938783,+10:00
22,FMAusSE,Bruxner Park,Coffs Ha,VK2RMG 7,,438.1250,DUP-,5.000,FM,TSQL,123Hz,NO,Approximate,-30.25612927,153.1088777,+10:00
22,FMAusSE,YarahP,Kempsey ,VK2RMY 7,,438.0750,DUP-,5.000,FM,OFF,,NO,Approximate,-30.81391167,152.9194899,+10:00
22,FMAusSE,SgarL,Lower Hu,VK2RNC 7,,438.0250,DUP-,5.000,FM,OFF,,NO,Approximate,-32.8901955,151.538894,+10:00
22,FMAusSE,SgarL1,Lower Hu,VK2RNCA7,,438.6750,DUP-,5.000,FM,OFF,,NO,Approximate,-32.8901955,151.538894,+10:00
22,FMAusSE,Bolwarra Heights,Lower Hu,VK2ROJ 7,,439.7000,DUP-,5.000,FM,TSQL,91.5Hz,NO,Approximate,-32.69992491,151.5951718,+10:00
22,FMAusSE,Nardi,Lismore ,VK2RPL 7,,438.6750,DUP-,5.000,FM,TSQL,123Hz,NO,Approximate,-28.5426686,153.290154,+10:00
22,FMAusSE,MdlBro,Port Mac,VK2RPM 7,,438.5250,DUP-,5.000,FM,TSQL,123Hz,NO,Approximate,-31.70130379,152.6782851,+10:00
22,FMAusSE,Lismor,Lismore,VK2RSC 7,,439.9500,DUP-,5.000,FM,TSQL,123Hz,NO,Approximate,-28.85706342,153.2285111,+10:00
22,FMAusSE,Merewether,Newcastl,VK2RUM 7,,438.6250,DUP-,5.000,FM,OFF,,NO,Approximate,-32.95176983,151.7480913,+10:00
22,FMAusSE,Nwcsle,Lower Hu,VK2RWH 7,,439.6250,DUP-,5.000,FM,OFF,,NO,Approximate,-32.91742767,151.5154557,+10:00
22,FMAusSE,KurraJ,NW Sydne,VK2RWK 7,,439.8250,DUP-,5.000,FM,TSQL,91.5Hz,NO,Approximate,-33.52358322,150.6269303,+10:00
22,FMAusSE,Tidbin,SW ACT 6,VK1RAC 2,,146.9000,DUP-,0.600,FM,OFF,,NO,Approximate,-35.37893186,148.9521436,+10:00
22,FMAusSE,BullsH,ACT WICE,VK1RBH 2,,147.1750,DUP+,0.600,FM,OFF,,NO,Approximate,-35.38578797,148.8130485,+10:00
22,FMAusSE,Issacs,Canberra,VK1RBM 2,,146.7250,DUP-,0.600,FM,TSQL,91.5Hz,NO,Approximate,-35.36458523,149.1187502,+10:00
22,FMAusSE,Ginini,ACT - SE,VK1RGI 2,,146.9500,DUP-,0.600,FM,TSQL,91.5Hz,NO,Approximate,-35.52955176,148.772605,+10:00
22,FMAusSE,SHill,Armidale,VK2RAD 2,,146.7250,DUP-,0.600,FM,OFF,,NO,Approximate,-30.54427719,151.6517546,+10:00
22,FMAusSE,Cbolas,Orange,VK2RAO 2,,146.7000,DUP-,0.600,FM,TSQL,91.5Hz,NO,Approximate,-33.34185184,148.9829672,+10:00
22,FMAusSE,AcacPl,Warwick ,VK2RAP 2,,147.2750,DUP+,0.600,FM,OFF,,NO,Approximate,-28.39188002,152.347415,+10:00
22,FMAusSE,Albury,Albury,VK2RAY 2,,147.2250,DUP+,0.600,FM,OFF,,NO,Approximate,-36.10082955,147.0352724,+10:00
22,FMAusSE,Bethun,Cootamun,VK2RBE 2,,146.7750,DUP-,0.600,FM,TSQL,91.5Hz,NO,Approximate,-34.72072358,147.8774239,+10:00
22,FMAusSE,Darlng,Broken H,VK2RBH 2,,147.0000,DUP-,0.600,FM,OFF,,NO,Approximate,-32.02296308,141.5331625,+10:00
22,FMAusSE,NomTop,Bingara/,VK2RBK 2,,146.7750,DUP-,0.600,FM,OFF,,NO,Approximate,-30.05669514,150.5241697,+10:00
22,FMAusSE,Balran,Balranal,VK2RBL 2,,146.7250,DUP-,0.600,FM,OFF,,NO,Approximate,-34.63516247,143.5667973,+10:00
22,FMAusSE,Tabulm,Far Nort,VK2RBR 2,,146.7750,DUP-,0.600,FM,OFF,,NO,Approximate,-28.75401916,152.4270946,+10:00
22,FMAusSE,NeedlMn,Coonabar,VK2RCC 2,,146.8000,DUP-,0.600,FM,OFF,,NO,Approximate,-31.34631103,149.0261856,+10:00
22,FMAusSE,BurroH,Dubbo ar,VK2RCD 2,,146.7250,DUP-,0.600,FM,OFF,,NO,Approximate,-32.15491085,148.5567121,+10:00
22,FMAusSE,Lindsy,Orange,VK2RCW 2,,147.2000,DUP+,0.600,FM,OFF,,NO,Approximate,-33.27946023,149.1232074,+10:00
22,FMAusSE,Bindo,W Blue M,VK2RDX 2,,146.6500,DUP-,0.600,FM,OFF,,NO,Approximate,-33.67701918,150.0092893,+10:00
22,FMAusSE,Galore,Lockhart,VK2RGA 2,,146.8250,DUP-,0.600,FM,TSQL,91.5Hz,NO,Approximate,-35.1082274,146.7906623,+10:00
22,FMAusSE,SqrNob,Leeton -,VK2RGF 2,,146.8500,DUP-,0.600,FM,TSQL,91.5Hz,NO,Approximate,-34.55175189,146.6101545,+10:00
22,FMAusSE,MtGray,Goulburn,VK2RGN 2,,146.6250,DUP-,0.600,FM,OFF,,NO,Approximate,-34.75856717,149.7630924,+10:00
22,FMAusSE,SBark,Bathurst,VK2RLH 2,,146.6750,DUP-,0.600,FM,OFF,,NO,Approximate,-33.55485678,149.3597759,+10:00
22,FMAusSE,Prishr,Jindabyn,VK2RLJ 2,,146.8750,DUP-,0.600,FM,OFF,,NO,Approximate,-36.40000445,148.3918701,+10:00
22,FMAusSE,THiHi,Moree / ,VK2RMI 2,,146.6500,DUP-,0.600,FM,OFF,,NO,Approximate,-29.80596822,150.2799745,+10:00
22,FMAusSE,McKen,Tenterfi,VK2RMM 2,,147.3750,DUP+,0.600,FM,TSQL,123Hz,NO,Approximate,-29.08614287,151.9663476,+10:00
22,FMAusSE,Baldwn,Tamworth,VK2RMO 2,,146.8500,DUP-,0.600,FM,OFF,,NO,Approximate,-31.04555947,150.9594285,+10:00
22,FMAusSE,Rumbee,Glen Inn,VK2RNE 2,,146.9500,DUP-,0.600,FM,OFF,,NO,Approximate,-29.95186941,151.6052689,+10:00
22,FMAusSE,Kaput,Narrabri,VK2RNW 2,,146.6250,DUP-,0.600,FM,OFF,,NO,Approximate,-30.27882146,150.1521385,+10:00
22,FMAusSE,Boona,Condobol,VK2RRT 2,,146.9000,DUP-,0.600,FM,OFF,,NO,Approximate,-32.65648748,147.1445264,+10:00
22,FMAusSE,TableT,Snowy Mo,VK2RSM 2,,147.0250,DUP+,0.600,FM,OFF,,NO,Approximate,-36.11984178,148.8584392,+10:00
22,FMAusSE,Kendal,Tumut ar,VK2RTD 2,,146.8000,DUP-,0.600,FM,TSQL,91.5Hz,NO,Approximate,-35.49552222,148.009957,+10:00
22,FMAusSE,Mt Crawney,Tamworth,VK2RTM 2,,146.7500,DUP-,0.600,FM,OFF,,NO,Approximate,-31.58757994,150.9925799,+10:00
22,FMAusSE,GwynH,Yarrawon,VK2RWB 2,,147.2000,DUP+,0.600,FM,TSQL,123Hz,NO,Approximate,-35.91247348,145.8844262,+10:00
22,FMAusSE,WOF,Wagga,VK2RWG 2,,146.7500,DUP-,0.600,FM,TSQL,91.5Hz,NO,Approximate,-35.04985793,147.5593702,+10:00
22,FMAusSE,Warrad,Grenfell,VK2RWM 2,,147.1000,DUP+,0.600,FM,OFF,,NO,Approximate,-33.83583417,148.137425,+10:00
22,FMAusSE,BaldM,Rylstone,VK2RYL 2,,147.2250,DUP+,0.600,FM,OFF,,NO,Approximate,-32.69094859,150.0175414,+10:00
22,FMAusSE,Muswel,Muswellb,VK2RZL 2,,146.8750,DUP-,0.600,FM,TSQL,123Hz,NO,Approximate,-32.36301317,150.8583963,+10:00
22,FMAusSE,Issacs,Canberra,VK1RBM 7,,439.9500,DUP-,5.000,FM,TSQL,91.5Hz,NO,Approximate,-35.36458523,149.1187502,+10:00
22,FMAusSE,Ginini,ACT - SE,VK1RGI 7,,438.0500,DUP-,5.000,FM,TSQL,91.5Hz,NO,Approximate,-35.52955176,148.772605,+10:00
22,FMAusSE,MtCraw,Tamworth,VK2RAB 7,,438.4750,DUP-,5.000,FM,OFF,,NO,Approximate,-31.58769895,150.9920829,+10:00
22,FMAusSE,SHill,Armidale,VK2RAD 7,,438.6500,DUP-,5.000,FM,OFF,,NO,Approximate,-30.54427719,151.6517546,+10:00
22,FMAusSE,Cbolas,Orange a,VK2RAO 7,,438.7250,DUP-,5.000,FM,OFF,,NO,Approximate,-33.34185184,148.9829672,+10:00
22,FMAusSE,Albury,Albury 6,VK2RAY 7,,438.5750,DUP-,5.000,FM,OFF,,NO,Approximate,-36.10082955,147.0352724,+10:00
22,FMAusSE,NomTop,Bingara/,VK2RBK 7,,439.9000,DUP-,5.000,FM,OFF,,NO,Approximate,-30.05669514,150.5241697,+10:00
22,FMAusSE,Lindsy,Orange,VK2RCW 7,,439.3000,DUP-,5.000,FM,OFF,,NO,Approximate,-33.27946023,149.1232074,+10:00
22,FMAusSE,Burroway Hill,Dubbo,VK2RDD 7,,439.9500,DUP-,5.000,FM,OFF,,NO,Approximate,-32.15491085,148.5567121,+10:00
22,FMAusSE,MtGray,Goulburn,VK2RGN 7,,438.3250,DUP-,5.000,FM,OFF,,NO,Approximate,-34.75856717,149.7630924,+10:00
22,FMAusSE,Goulburn,Goulburn,VK2RGNA7,,438.6250,DUP-,5.000,FM,OFF,,NO,Approximate,-34.75856717,149.7630924,+10:00
22,FMAusSE,MtGray,Goulburn,VK2RGNB7,,439.9500,DUP-,5.000,FM,OFF,,NO,Approximate,-34.75856717,149.7630924,+10:00
22,FMAusSE,Newbridge,Bathurst,VK2RLH 7,,439.8500,DUP-,5.000,FM,OFF,,NO,Approximate,-33.55485678,149.3597759,+10:00
22,FMAusSE,Prishr,Jindabyn,VK2RLJ 7,,438.4500,DUP-,5.000,FM,OFF,,NO,Approximate,-36.40000445,148.3918701,+10:00
22,FMAusSE,Kaput,Narrabri,VK2RNW 7,,438.5750,DUP-,5.000,FM,OFF,,NO,Approximate,-30.27882146,150.1521385,+10:00
22,FMAusSE,TableT,Snowy Mo,VK2RSM 7,,439.9000,DUP-,5.000,FM,OFF,,NO,Approximate,-36.11984178,148.8584392,+10:00
22,FMAusSE,Willans Hill,Wagga,VK2RTW 7,,438.0250,DUP-,5.000,FM,TSQL,91.5Hz,NO,Approximate,-35.13272441,147.3722418,+10:00
22,FMAusSE,Wagga Wagga,Wagga Wa,VK2RTWA7,,439.8000,DUP-,5.000,FM,TSQL,91.5Hz,NO,Approximate,-35.13272441,147.3722418,+10:00
22,FMAusSE,GwynH,Yarrawon,VK2RWB 7,,439.6500,DUP-,5.000,FM,TSQL,123Hz,NO,Approximate,-35.91247348,145.8844262,+10:00
22,FMAusSE,Warrad,Grenfell,VK2RWM 7,,438.3250,DUP-,5.000,FM,OFF,,NO,Approximate,-33.83583417,148.137425,+10:00
22,FMAusSE,Upwey,Melbourn,VK3RAJ 2,,146.8250,DUP-,0.600,FM,TSQL,94.8Hz,NO,Approximate,-37.90393029,145.3172575,+10:00
22,FMAusSE,Dande,Melbourn,VK3RCR 2,,147.0750,DUP+,0.600,FM,OFF,,NO,Approximate,-37.83747566,145.34661,+10:00
22,FMAusSE,Olind1,Melbourn,VK3REC 2,,147.1750,DUP+,0.600,FM,OFF,,NO,Approximate,-37.85786446,145.3642271,+10:00
22,FMAusSE,Hillsd,Melb Wes,VK3RFY 2,,147.4250,DUP+,0.000,FM,TSQL,91.5Hz,NO,Approximate,-37.69462239,144.7285569,+10:00
22,FMAusSE,MoPell,Geelong,VK3RGC 2,,147.1250,DUP+,0.600,FM,TSQL,91.5Hz,NO,Approximate,-38.15716793,144.313919,+10:00
22,FMAusSE,Anakie,Geelong,VK3RGL 2,,147.0000,DUP-,0.600,FM,TSQL,91.5Hz,NO,Approximate,-37.88642676,144.2690362,+10:00
22,FMAusSE,NarWar,Melbourn,VK3RMC 2,,147.3250,DUP+,0.600,FM,OFF,,NO,Approximate,-38.00118893,145.3281339,+10:00
22,FMAusSE,FernyC,Melbourn,VK3RML 2,,146.7000,DUP-,0.600,FM,OFF,,NO,Approximate,-37.87779574,145.3363277,+10:00
22,FMAusSE,Macdon,Melbourn,VK3RMM 2,,147.2500,DUP+,0.600,FM,OFF,,NO,Approximate,-37.38344075,144.5767796,+10:00
22,FMAusSE,KLake,Melbourn,VK3RMN 2,,146.8500,DUP-,0.600,FM,TSQL,91.5Hz,NO,Approximate,-37.5157077,145.3162849,+10:00
22,FMAusSE,Olind2,Melbourn,VK3RMS 2,,147.3500,DUP+,0.600,FM,OFF,,NO,Approximate,-37.85392842,145.36636,+10:00
22,FMAusSE,StLeo,Melbourn,VK3RMU 2,,147.3750,DUP+,0.600,FM,TSQL,91.5Hz,NO,Approximate,-37.56753677,145.5255499,+10:00
22,FMAusSE,Cotrel,Melb Wes,VK3RPS 2,,147.2000,DUP+,0.600,FM,TSQL,91.5Hz,NO,Approximate,-37.76315776,144.6218721,+10:00
22,FMAusSE,RdlsCk,Riddells,VK3RRC 2,,146.9750,DUP-,0.600,FM,OFF,,NO,Approximate,-37.44798127,144.6648404,+10:00
22,FMAusSE,MtMtha,Morningt,VK3RSP 2,,146.6750,DUP-,0.600,FM,OFF,,NO,Approximate,-38.29004657,145.0176175,+10:00
22,FMAusSE,Briart,Yarra Va,VK3RYV 2,,146.7250,DUP-,0.600,FM,OFF,,NO,Approximate,-37.73098542,145.4762425,+10:00
22,FMAusSE,Mitcham,Melbourn,VK3RAD 7,,438.5250,DUP-,5.000,FM,TSQL,123Hz,NO,Approximate,-37.82077303,145.188383,+10:00
22,FMAusSE,Upwey,Melbourn,VK3RAJ 7,,439.7500,DUP-,5.000,FM,TSQL,91.5Hz,NO,Approximate,-37.90393029,145.3172575,+10:00
22,FMAusSE,Bacchus Marsh,Bacchus ,VK3RBM 7,,438.7000,DUP-,5.000,FM,TSQL,91.5Hz,NO,Approximate,-37.64389849,144.4166529,+10:00
22,FMAusSE,Mt Gisborne,Melbourn,VK3RBW 7,,438.4500,DUP-,5.000,FM,TSQL,91.5Hz,NO,Approximate,-37.52017815,144.5870696,+10:00
22,FMAusSE,Bayswater,Melbourn,VK3RBY 7,,439.6250,DUP-,5.000,FM,TSQL,88.5Hz,NO,Approximate,-37.84043156,145.2639384,+10:00
22,FMAusSE,Melbourne City,Melbourn,VK3RCC 7,,438.0250,DUP-,5.000,FM,TSQL,91.5Hz,NO,Approximate,-37.81382239,144.9694815,+10:00
22,FMAusSE,Mt Waverley,Melbourn,VK3RDX 7,,439.6000,DUP-,5.000,FM,TSQL,91.5Hz,NO,Approximate,-37.87446577,145.1381244,+10:00
22,FMAusSE,Hillsd,Melb FM/,VK3RFY 7,,438.4000,DUP-,5.000,FM,TSQL,91.5Hz,NO,Approximate,-37.69462239,144.7285569,+10:00
22,FMAusSE,MoPell,Geelong ,VK3RGC 7,,439.5750,DUP-,5.000,FM,TSQL,91.5Hz,NO,Approximate,-38.15716793,144.313919,+10:00
22,FMAusSE,Anakie,Geelong ,VK3RGL 7,,439.5000,DUP-,5.000,FM,TSQL,91.5Hz,NO,Approximate,-37.88642676,144.2690362,+10:00
22,FMAusSE,Grovedale,Geelong ,VK3RGW 7,,438.5000,DUP-,5.000,FM,TSQL,91.5Hz,NO,Approximate,-38.17256809,144.2969601,+10:00
22,FMAusSE,Olinda,Melbourn,VK3RHF 7,,438.7500,DUP-,5.000,FM,TSQL,88.5Hz,NO,Approximate,-37.39439772,144.5793629,+10:00
22,FMAusSE,Bendigo,Bendigo ,VK3RIR 7,,438.1500,DUP-,5.000,FM,TSQL,91.5Hz,NO,Approximate,-38.35446257,144.953894,+10:00
22,FMAusSE,Cranbourne,Morningt,VK3RLP 7,,439.4750,DUP-,5.000,FM,TSQL,91.5Hz,NO,Approximate,-38.11372175,145.2800586,+10:00
22,FMAusSE,Berwick,Berwick,VK3RMC 7,,439.3750,DUP-,5.000,FM,OFF,,NO,Approximate,-38.00118893,145.3281339,+10:00
22,FMAusSE,Narre Warren Nor,Melbourn,VK3RMCA7,,439.8750,DUP-,5.000,FM,OFF,,NO,Approximate,-38.00118893,145.3281339,+10:00
22,FMAusSE,WatlGn,Melbourn,VK3RMH 7,,438.3250,DUP-,5.000,FM,OFF,,NO,Approximate,-37.681545,145.1954617,+10:00
22,FMAusSE,Macdon,Melbourn,VK3RMM 7,,439.8250,DUP-,5.000,FM,TSQL,91.5Hz,NO,Approximate,-37.38344075,144.5767796,+10:00
22,FMAusSE,KLake,Melbourn,VK3RMN 7,,439.4500,DUP-,5.000,FM,TSQL,91.5Hz,NO,Approximate,-37.5157077,145.3162849,+10:00
22,FMAusSE,Olind2,Melbourn,VK3RMS 7,,438.2250,DUP-,5.000,FM,TSQL,91.5Hz,NO,Approximate,-37.85392842,145.36636,+10:00
22,FMAusSE,StLeo,Melbourn,VK3RMU 7,,439.8000,DUP-,5.000,FM,OFF,,NO,Approximate,-37.56753677,145.5255499,+10:00
22,FMAusSE,GoldnP,Golden P,VK3RNP 7,,438.6500,DUP-,5.000,FM,TSQL,91.5Hz,NO,Approximate,-38.04182726,144.1624408,+10:00
22,FMAusSE,Cotrel,Melbourn,VK3RPS 7,,439.7250,DUP-,5.000,FM,TSQL,91.5Hz,NO,Approximate,-37.76315776,144.6218721,+10:00
22,FMAusSE,Pretty Sally,Kilmore ,VK3RPT 7,,439.5250,DUP-,5.000,FM,TSQL,91.5Hz,NO,Approximate,-37.38094974,144.9655763,+10:00
22,FMAusSE,Arthur's Seat,Melbourn,VK3RPU 7,,439.8500,DUP-,5.000,FM,TSQL,91.5Hz,NO,Approximate,-38.3560426,144.951503,+10:00
22,FMAusSE,RdlsCk,Riddells,VK3RRC 7,,439.7000,DUP-,5.000,FM,OFF,,NO,Approximate,-37.44798127,144.6648404,+10:00
22,FMAusSE,Emerald,Melbourn,VK3RSA 7,,439.6500,DUP-,5.000,FM,TSQL,91.5Hz,NO,Approximate,-37.93257786,145.4441559,+10:00
22,FMAusSE,Mt St Leonard,Melbourn,VK3RSB 7,,439.5500,DUP-,5.000,FM,TSQL,91.5Hz,NO,Approximate,-37.56753677,145.5255499,+10:00
22,FMAusSE,Glen Waverley,Melbourn,VK3RSE 7,,439.9000,DUP-,5.000,FM,OFF,,NO,Approximate,-37.89065521,145.1734806,+10:00
22,FMAusSE,Noble Park,Melbourn,VK3RSV 7,,439.4250,DUP-,5.000,FM,TSQL,91.5Hz,NO,Approximate,-37.96777939,145.1886121,+10:00
22,FMAusSE,Briart,Yarra Va,VK3RYV 7,,439.3000,DUP-,5.000,FM,OFF,,NO,Approximate,-37.73098542,145.4762425,+10:00
22,FMAusSE,Renies,Alexandr,VK3RAG 2,,146.7750,DUP-,0.600,FM,TSQL,123Hz,NO,Approximate,-37.21863058,145.7058345,+10:00
22,FMAusSE,Bunyng,Ballarat,VK3RBA 2,,146.7500,DUP-,0.600,FM,TSQL,91.5Hz,NO,Approximate,-37.65292977,143.9264646,+10:00
22,FMAusSE,Dimbol,Wimmera,VK3RBQ 2,,147.2000,DUP+,0.600,FM,OFF,,NO,Approximate,-36.45216135,142.0348445,+10:00
22,FMAusSE,GreenH,Ballarat,VK3RBT 2,,146.6500,DUP-,0.600,FM,TSQL,91.5Hz,NO,Approximate,-37.62642303,143.9015765,+10:00
22,FMAusSE,Torumb,Echuca,VK3RCA 2,,146.6750,DUP-,0.600,FM,OFF,,NO,Approximate,-36.04400059,144.570348,+10:00
22,FMAusSE,Alex,Bendigo,VK3RCV 2,,147.1500,DUP+,0.600,FM,OFF,,NO,Approximate,-36.99059685,144.3087249,+10:00
22,FMAusSE,Delegt,Delegate,VK3RDG 2,,147.1250,DUP+,0.600,FM,OFF,,NO,Approximate,-37.11267338,148.8973438,+10:00
22,FMAusSE,Major,Goulburn,VK3RDU 2,,146.8500,DUP-,0.600,FM,OFF,,NO,Approximate,-36.36158967,145.694467,+10:00
22,FMAusSE,MntNow,Bairnsda,VK3REB 2,,146.9000,DUP-,0.600,FM,OFF,,NO,Approximate,-37.6927986,148.0909009,+10:00
22,FMAusSE,MntCan,East Gip,VK3REG 2,,146.6500,DUP-,0.600,FM,OFF,,NO,Approximate,-37.64672754,148.9786978,+10:00
22,FMAusSE,MarHil,Mallacoo,VK3REM 2,,147.1500,DUP+,0.600,FM,OFF,,NO,Approximate,-37.41091362,149.5526155,+10:00
22,FMAusSE,GreenH,Macedon ,VK3RGH 2,,146.8750,DUP-,0.600,FM,TSQL,91.5Hz,NO,Approximate,-37.18627244,144.4257447,+10:00
22,FMAusSE,Mt Fatigue,Foster 6,VK3RGS 2,,147.0250,DUP+,0.600,FM,TSQL,123Hz,NO,Approximate,-38.56986205,146.306918,+10:00
22,FMAusSE,Wombat,Sheppart,VK3RGV 2,,146.6500,DUP-,0.600,FM,TSQL,123Hz,NO,Approximate,-36.84930833,145.6730699,+10:00
22,FMAusSE,Hotham,NE Victo,VK3RHO 2,,147.0500,DUP+,0.600,FM,OFF,,NO,Approximate,-36.97521798,147.1280548,+10:00
22,FMAusSE,Tassie,Latrobe ,VK3RLV 2,,146.8000,DUP-,0.600,FM,OFF,,NO,Approximate,-38.39357237,146.5592604,+10:00
22,FMAusSE,Mildra,Mildura,VK3RMA 2,,146.8000,DUP-,0.600,FM,OFF,,NO,Approximate,-34.18930512,142.1614128,+10:00
22,FMAusSE,Kerang,Charlton,VK3RMK 2,,147.0250,DUP+,0.600,FM,OFF,,NO,Approximate,-36.31228552,143.5512481,+10:00
22,FMAusSE,Caveat,North Ce,VK3RMP 2,,147.2750,DUP+,0.600,FM,TSQL,91.5Hz,NO,Approximate,-37.06943015,145.5009012,+10:00
22,FMAusSE,BigBen,Wodonga,VK3RNE 2,,147.0000,DUP-,0.600,FM,OFF,,NO,Approximate,-36.40629398,146.9409759,+10:00
22,FMAusSE,Ouyen,Ouyen,VK3RON 2,,146.7000,DUP-,0.600,FM,OFF,,NO,Approximate,-35.07432719,142.3109495,+10:00
22,FMAusSE,BeechF,Otway Ra,VK3ROW 2,,147.2750,DUP+,0.600,FM,TSQL,91.5Hz,NO,Approximate,-38.63325439,143.5638956,+10:00
22,FMAusSE,Bright,Bright,VK3RPB 2,,147.1000,DUP+,0.600,FM,OFF,,NO,Approximate,-36.65728568,146.9622989,+10:00
22,FMAusSE,Portld,Portland,VK3RPL 2,,146.8250,DUP-,0.600,FM,TSQL,91.5Hz,NO,Approximate,-38.38779431,141.6318643,+10:00
22,FMAusSE,BassH,South Gi,VK3RSG 2,,147.1000,DUP+,0.600,FM,OFF,,NO,Approximate,-38.48880391,145.5509316,+10:00
22,FMAusSE,SwanHl,Swan Hil,VK3RSH 2,,146.9000,DUP-,0.600,FM,OFF,,NO,Approximate,-35.33001754,143.5053682,+10:00
22,FMAusSE,RobinV,Robinval,VK3RVL 2,,147.0500,DUP+,0.600,FM,OFF,,NO,Approximate,-34.58748392,142.7698951,+10:00
22,FMAusSE,BenNev,Ararat,VK3RWA 2,,147.1000,DUP+,0.600,FM,TSQL,91.5Hz,NO,Approximate,-37.22842369,143.2010938,+10:00
22,FMAusSE,BawSq,West Gip,VK3RWG 2,,147.2250,DUP+,0.600,FM,OFF,,NO,Approximate,-37.83833516,146.2748305,+10:00
22,FMAusSE,Warnum,Warrnamb,VK3RWL 2,,147.0500,DUP+,0.600,FM,OFF,,NO,Approximate,-38.30493644,142.7378532,+10:00
22,FMAusSE,Arapls,Horsham,VK3RWM 2,,146.8500,DUP-,0.600,FM,OFF,,NO,Approximate,-36.75231676,141.8359411,+10:00
22,FMAusSE,Wiliam,Grampian,VK3RWZ 2,,146.9500,DUP-,0.600,FM,TSQL,91.5Hz,NO,Approximate,-37.29308085,142.601203,+10:00
22,FMAusSE,Bunyng,Ballarat,VK3RBA 7,,439.2750,DUP-,5.000,FM,TSQL,91.5Hz,NO,Approximate,-37.65292977,143.9264646,+10:00
22,FMAusSE,Bambill South,NW Victo,VK3RBL 7,,439.8250,DUP-,5.000,FM,OFF,,NO,Approximate,-34.47257896,141.5080933,+10:00
22,FMAusSE,Burrumbeet,Ballarat,VK3RBN 7,,438.3500,DUP-,5.000,FM,TSQL,91.5Hz,NO,Approximate,-37.47438741,143.6637942,+10:00
22,FMAusSE,Specimen Hill,Bendigo,VK3RBO 7,,438.0250,DUP-,5.000,FM,OFF,,NO,Approximate,-36.76562244,144.2440875,+10:00
22,FMAusSE,Horsham,Wimmera,VK3RBP 7,,439.7000,DUP-,5.000,FM,TSQL,91.5Hz,NO,Approximate,-36.71618158,142.1983672,+10:00
22,FMAusSE,Mt Hollowback,Ballarat,VK3RBU 7,,438.4750,DUP-,5.000,FM,TSQL,91.5Hz,NO,Approximate,-37.44005074,143.8154793,+10:00
22,FMAusSE,Ouyen,Ouyen,VK3RCP 7,,438.0250,DUP-,5.000,FM,OFF,,NO,Approximate,-35.06953216,142.3116084,+10:00
22,FMAusSE,Mt Moliagul,Bendigo,VK3RCU 7,,438.4250,DUP-,5.000,FM,OFF,,NO,Approximate,-36.72319488,143.6469508,+10:00
22,FMAusSE,Major,Goulburn,VK3RDU 7,,438.0750,DUP-,5.000,FM,OFF,,NO,Approximate,-36.36158967,145.694467,+10:00
22,FMAusSE,Major,Goulburn,VK3RDUA7,,439.8750,DUP-,5.000,FM,OFF,,NO,Approximate,-36.36158967,145.694467,+10:00
22,FMAusSE,MntCan,East Gip,VK3REG 7,,438.0250,DUP-,5.000,FM,OFF,,NO,Approximate,-37.64672754,148.9786978,+10:00
22,FMAusSE,GreenH,Macedon ,VK3RGH 7,,439.3250,DUP-,5.000,FM,TSQL,91.5Hz,NO,Approximate,-37.18627244,144.4257447,+10:00
22,FMAusSE,Mt Fatigue,Foster,VK3RGS 7,,438.3750,DUP-,5.000,FM,OFF,,NO,Approximate,-38.56986205,146.306918,+10:00
22,FMAusSE,Wombat,NE Victo,VK3RGV 7,,439.7750,DUP-,5.000,FM,TSQL,123Hz,NO,Approximate,-36.84930833,145.6730699,+10:00
22,FMAusSE,Hotham,NE Victo,VK3RHO 7,,438.3750,DUP-,5.000,FM,OFF,,NO,Approximate,-36.97521798,147.1280548,+10:00
22,FMAusSE,Paps,Mansfiel,VK3RLE 7,,438.1250,DUP-,5.000,FM,OFF,,NO,Approximate,-37.04339896,145.9848104,+10:00
22,FMAusSE,Tassie,Latrobe ,VK3RLV 7,,438.3750,DUP-,5.000,FM,OFF,,NO,Approximate,-38.39357237,146.5592604,+10:00
22,FMAusSE,Mt Broughton,Yea - Se,VK3RMG 7,,439.9500,DUP-,5.000,FM,OFF,,NO,Approximate,-37.12047245,145.4129889,+10:00
22,FMAusSE,Caveat,North Ce,VK3RMP 7,,439.3500,DUP-,5.000,FM,TSQL,91.5Hz,NO,Approximate,-37.06943015,145.5009012,+10:00
22,FMAusSE,BigBen,Wodonga,VK3RNE 7,,439.4250,DUP-,5.000,FM,OFF,,NO,Approximate,-36.40629398,146.9409759,+10:00
22,FMAusSE,Mt Stanley,Wangarat,VK3RNU 7,,438.5250,DUP-,5.000,FM,OFF,,NO,Approximate,-36.44459478,146.8029189,+10:00
22,FMAusSE,Portld,Portland,VK3RPL 7,,439.9500,DUP-,5.000,FM,TSQL,91.5Hz,NO,Approximate,-38.38779431,141.6318643,+10:00
22,FMAusSE,Merbein,Mildura,VK3RRU 7,,438.5250,DUP-,5.000,FM,OFF,,NO,Approximate,-34.16833223,142.0790504,+10:00
22,FMAusSE,MntTay,Bairnsda,VK3RTU 7,,439.5250,DUP-,5.000,FM,OFF,,NO,Approximate,-37.70561498,147.5608071,+10:00
22,FMAusSE,Devil's River,Alexandr,VK3RUG 7,,438.1750,DUP-,5.000,FM,OFF,,NO,Approximate,-37.20926566,145.8416087,+10:00
22,FMAusSE,Drouin,West Gip,VK3RWD 7,,438.5750,DUP-,5.000,FM,TSQL,91.5Hz,NO,Approximate,-38.14430497,145.8181877,+10:00
22,FMAusSE,BawSq,West Gip,VK3RWG 7,,438.3750,DUP-,5.000,FM,OFF,,NO,Approximate,-37.83833516,146.2748305,+10:00
22,FMAusSE,Warnum,Warrnamb,VK3RWL 7,,439.8750,DUP-,5.000,FM,OFF,,NO,Approximate,-38.30493644,142.7378532,+10:00
22,FMAusSE,Mt William,Grampian,VK3RWU 7,,438.6750,DUP-,5.000,FM,TSQL,91.5Hz,NO,Approximate,-37.29498482,142.603725,+10:00
22,FMAusSE,Mt Buller,Mansfiel,VK3RZU 7,,439.6750,DUP-,5.000,FM,OFF,,NO,Approximate,-37.14642475,146.4344096,+10:00
22,FMAusSE,Mt Barrow,N Tasman,VK7RAA 2,,147.0000,DUP-,0.600,FM,OFF,,NO,Approximate,-41.37726594,147.4220554,+10:00
22,FMAusSE,Table Cape,NW Tasma,VK7RAC 2,,147.3750,DUP+,0.600,FM,OFF,,NO,Approximate,-40.95226883,145.720715,+10:00
22,FMAusSE,Queens Domain,Hobart,VK7RAD 2,,146.7000,DUP-,0.600,FM,TSQL,141.3Hz,NO,Approximate,-42.84651833,147.3103875,+10:00
22,FMAusSE,Queens Domain,Hobart,VK7RADA2,,147.9750,DUP-,0.600,FM,TSQL,141.3Hz,NO,Approximate,-42.84651833,147.3103875,+10:00
22,FMAusSE,Mt Faulkner,Hobart,VK7RAF 2,,146.6500,DUP-,0.600,FM,TSQL,123Hz,NO,Approximate,-42.79223288,147.1915097,+10:00
22,FMAusSE,Gagebrook,NW Hobar,VK7RAK 2,,146.8000,DUP-,0.600,FM,OFF,,NO,Approximate,-42.74027497,147.2664268,+10:00
22,FMAusSE,Alonnah,SE Tasma,VK7RBI 2,,147.3000,DUP+,0.000,FM,TSQL,114.8Hz,NO,Approximate,-43.31158781,147.2450586,+10:00
22,FMAusSE,Lenah Valley,Hobart 6,VK7RCR 2,,147.8750,DUP-,1.800,FM,TSQL,123Hz,NO,Approximate,-42.86164982,147.2779011,+10:00
22,FMAusSE,Snow Hill,East Coa,VK7REC 2,,146.9000,DUP-,0.600,FM,OFF,,NO,Approximate,-41.91581919,147.8356447,+10:00
22,FMAusSE,Snug Tiers,Channel,VK7RHT 2,,146.8500,DUP-,0.600,FM,OFF,,NO,Approximate,-43.09265209,147.209459,+10:00
22,FMAusSE,Mt Duncan,NW Tasma,VK7RMD 2,,146.6250,DUP-,0.600,FM,OFF,,NO,Approximate,-41.19458418,146.0356037,+10:00
22,FMAusSE,Ulverstone West,Central ,VK7RNW 2,,146.7500,DUP-,0.600,FM,OFF,,NO,Approximate,-41.12599595,146.1209519,+10:00
22,FMAusSE,Stowport,Central ,VK7RTV 2,,146.7750,DUP-,0.600,FM,OFF,,NO,Approximate,-41.12580503,145.9078094,+10:00
22,FMAusSE,Mt Read,West Coa,VK7RWC 2,,147.0750,DUP+,0.600,FM,TSQL,123Hz,NO,Approximate,-41.84420647,145.541521,+10:00
22,FMAusSE,Mt Arthur,N Tasman,VK7RAB 7,,438.5500,DUP-,5.000,FM,OFF,,NO,Approximate,-41.27753224,147.2880332,+10:00
22,FMAusSE,Table Cape,NW Tasma,VK7RAC 7,,438.6500,DUP-,5.000,FM,TSQL,141.3Hz,NO,Approximate,-40.95226883,145.720715,+10:00
22,FMAusSE,Mt Faulkner,Hobart,VK7RAF 7,,438.5500,DUP-,5.000,FM,OFF,,NO,Approximate,-42.79223288,147.1915097,+10:00
22,FMAusSE,Gagebrook,Hobart,VK7RAK 7,,438.7000,DUP-,5.000,FM,OFF,,NO,Approximate,-42.74027497,147.2664268,+10:00
22,FMAusSE,Companion Hill,Hampshir,VK7RAL 7,,439.9000,DUP-,5.000,FM,TSQL,141.3Hz,NO,Approximate,-41.34121685,145.7281878,+10:00
22,FMAusSE,Ben Lomond,North Ea,VK7RBH 7,,438.0500,DUP-,5.000,FM,OFF,,NO,Approximate,-41.53306696,147.6588142,+10:00
22,FMAusSE,Grey Mountain,Huon and,VK7RCH 7,,438.5750,DUP-,5.000,FM,TSQL,123Hz,NO,Approximate,-43.09150637,147.1161356,+10:00
22,FMAusSE,Lenah Valley,Hobart,VK7RCR 7,,438.5250,DUP-,5.000,FM,TSQL,91.5Hz,NO,Approximate,-42.86164982,147.2779011,+10:00
22,FMAusSE,Dazzler Range,Northern,VK7RDR 7,,439.7750,DUP-,5.000,FM,TSQL,91.5Hz,NO,Approximate,-41.2352298,146.7193139,+10:00
22,FMAusSE,Mt Nelson,Hobart,VK7RDS 7,,439.7500,DUP-,5.000,FM,OFF,,NO,Approximate,-42.91953487,147.3164265,+10:00
22,FMAusSE,Snow Hill,East Coa,VK7REC 7,,439.7000,DUP-,5.000,FM,OFF,,NO,Approximate,-41.91581919,147.8356447,+10:00
22,FMAusSE,Barren Tier,Central ,VK7RIN 7,,438.5000,DUP-,5.000,FM,OFF,,NO,Approximate,-42.01830202,146.7551898,+10:00
22,FMAusSE,Mt Duncan,NW Tasma,VK7RMD 7,,438.6000,DUP-,5.000,FM,TSQL,141.3Hz,NO,Approximate,-41.19458418,146.0356037,+10:00
22,FMAusSE,Mt Lloyd,Derwent ,VK7RML 7,,439.9500,DUP-,5.000,FM,TSQL,141.3Hz,NO,Approximate,-42.84472642,146.960276,+10:00
22,FMAusSE,Mt Wellington,Hobart,VK7RTC 7,,439.8250,DUP-,5.000,FM,TSQL,91.5Hz,NO,Approximate,-42.89486475,147.2362127,+10:00
22,FMAusSE,portable,ACT WICE,VK1RWP 2,,147.1250,DUP+,0.600,FM,OFF,,NO,Approximate,,,+10:00
22,FMAusSE,portable,ACT WICE,VK1RWPA2,,147.1500,DUP+,0.600,FM,OFF,,NO,Approximate,,,+10:00
22,FMAusSE,portable,ACT wide,VK1RWPB2,,147.1750,DUP+,0.600,FM,OFF,,NO,Approximate,,,+10:00
22,FMAusSE,portable,Statewid,VK2RAV 2,,147.1250,DUP+,0.600,FM,OFF,,NO,Approximate,,,+10:00
22,FMAusSE,portable,Statewid,VK2RAVA2,,147.1500,DUP+,0.600,FM,OFF,,NO,Approximate,,,+10:00
22,FMAusSE,portable,Statewid,VK2RAVB2,,147.1750,DUP+,0.600,FM,OFF,,NO,Approximate,,,+10:00
22,FMAusSE,portable,Statewid,VK2REP 2,,147.1750,DUP+,0.600,FM,OFF,,NO,Approximate,,,+10:00
22,FMAusSE,portable,Hunter r,VK2RFI 2,,147.1750,DUP+,0.600,FM,OFF,,NO,Approximate,,,+10:00
22,FMAusSE,portable,Statewid,VK3RPW 2,,146.9250,DUP-,0.600,FM,OFF,,NO,Approximate,,,+10:00
22,FMAusSE,portable,Statewid,VK3RSR 2,,146.9750,DUP-,0.600,FM,OFF,,NO,Approximate,,,+10:00
22,FMAusSE,portable,Statewid,VK3RWE 2,,146.9250,DUP-,0.600,FM,OFF,,NO,Approximate,,,+10:00
22,FMAusSE,portable,Statewid,VK3RWEA2,,147.3000,DUP+,0.600,FM,OFF,,NO,Approximate,,,+10:00
22,FMAusSE,portable,Statewid,VK3RWI 2,,146.9250,DUP-,0.600,FM,OFF,,NO,Approximate,,,+10:00
22,FMAusSE,portable,Statewid,VK3RWP 2,,146.9250,DUP-,0.600,FM,OFF,,NO,Approximate,,,+10:00
22,FMAusSE,portable,Statewid,VK3RWPA2,,147.3000,DUP+,0.600,FM,OFF,,NO,Approximate,,,+10:00
22,FMAusSE,portable,Statewid,VK3RWR 2,,146.9250,DUP-,0.600,FM,OFF,,NO,Approximate,,,+10:00
22,FMAusSE,portable,Statewid,VK3RWRA2,,147.3000,DUP+,0.600,FM,OFF,,NO,Approximate,,,+10:00
22,FMAusSE,portable,VK1 WICE,VK1RWP 7,,439.9250,DUP-,5.000,FM,OFF,,NO,Approximate,,,+10:00
22,FMAusSE,portable,VK1 WICE,VK1RWPA7,,439.9750,DUP-,5.000,FM,OFF,,NO,Approximate,,,+10:00
22,FMAusSE,portable,Statewid,VK2RAF 7,,439.9250,DUP-,5.000,FM,OFF,,NO,Approximate,,,+10:00
22,FMAusSE,portable,Statewid,VK2RAH 7,,439.8750,DUP-,5.000,FM,OFF,,NO,Approximate,,,+10:00
22,FMAusSE,portable,Statewid,VK2RAV 7,,439.5250,DUP-,5.000,FM,OFF,,NO,Approximate,,,+10:00
22,FMAusSE,portable,Hunter r,VK2RFI 7,,439.6250,DUP-,5.000,FM,OFF,,NO,Approximate,,,+10:00
22,FMAusSE,portable,Statewid,VK3RPW 7,,438.2750,DUP-,5.000,FM,OFF,,NO,Approximate,,,+10:00
22,FMAusSE,portable,Statewid,VK3RPWA7,,438.6250,DUP-,5.000,FM,OFF,,NO,Approximate,,,+10:00
22,FMAusSE,portable,Statewid,VK3RSS 7,,439.9750,DUP-,5.000,FM,OFF,,NO,Approximate,,,+10:00
22,FMAusSE,portable,Statewid,VK3RWE 7,,438.2750,DUP-,5.000,FM,OFF,,NO,Approximate,,,+10:00
22,FMAusSE,portable,Statewid,VK3RWEA7,,438.6250,DUP-,5.000,FM,OFF,,NO,Approximate,,,+10:00
22,FMAusSE,portable,Statewid,VK3RWI 7,,438.2750,DUP-,5.000,FM,OFF,,NO,Approximate,,,+10:00
22,FMAusSE,portable,Statewid,VK3RWIA7,,438.6250,DUP-,5.000,FM,OFF,,NO,Approximate,,,+10:00
22,FMAusSE,portable,Statewid,VK3RWP 7,,438.6250,DUP-,5.000,FM,OFF,,NO,Approximate,,,+10:00
22,FMAusSE,portable,Statewid,VK3RWPA7,,439.9250,DUP-,5.000,FM,OFF,,NO,Approximate,,,+10:00
22,FMAusSE,portable,Statewid,VK3RWPB7,,439.9750,DUP-,5.000,FM,OFF,,NO,Approximate,,,+10:00
22,FMAusSE,portable,Statewid,VK3RWR 7,,438.2750,DUP-,5.000,FM,OFF,,NO,Approximate,,,+10:00
22,FMAusSE,portable,Statewid,VK3RWRA7,,438.6250,DUP-,5.000,FM,OFF,,NO,Approximate,,,+10:00
