CH No,Frequency,Dup,Offset,TS,Mode,Name,SKIP,TONE,Repeater Tone,TSQL Frequency,DTCS Code,DTCS Polarity,DV SQL,DV SQL Code,Your Call Sign,RPT1 Call Sign,RPT2 Call Sign
0,438.7750,DUP-,5.000,,DV,Sydney,OFF,OFF,,,,,,,CQCQCQ,VK2RBV B,VK2RBV G,
1,438.3250,DUP-,5.400,,DV,Someb1,PSkip,OFF,,,,,,,CQCQCQ,VK2RAG B,VK2RAG G,
2,146.6375,DUP-,0.600,,DV,Someb,PSkip,OFF,,,,,,,CQCQCQ,VK2RAG C,VK2RAG G,
3,439.8625,DUP-,5.000,,DV,Maddens Plains,PSkip,OFF,,,,,,,CQCQCQ,VK2RDS B,VK2RDS G,
4,146.7625,DUP-,0.600,,DV,Maddens Plains,PSkip,OFF,,,,,,,CQCQCQ,VK2RDS C,VK2RDS G,
5,438.4000,DUP-,5.400,,DV,Terrey Hills,PSkip,OFF,,,,,,,CQCQCQ,VK2RWN B,VK2RWN G,
6,146.9625,DUP-,0.600,,DV,Terrey Hills,PSkip,OFF,,,,,,,CQCQCQ,VK2RWN C,VK2RWN G,
7,146.6625,DUP-,0.600,,DV,Isaacs Ridge,PSkip,OFF,,,,,,,CQCQCQ,VK1RWN C,VK1RWN G,
8,146.7625,DUP-,0.600,,DV,Berwick,PSkip,OFF,,,,,,,CQCQCQ,VK3RMC C,VK3RMC G,
9,438.0500,DUP-,5.400,,DV,Macdon,PSkip,OFF,,,,,,,CQCQCQ,VK3RMM B,VK3RMM G,
10,146.9625,DUP-,0.600,,DV,Macdon,PSkip,OFF,,,,,,,CQCQCQ,VK3RMM C,VK3RMM G,
11,438.3000,DUP-,5.400,,DV,Olinda,PSkip,OFF,,,,,,,CQCQCQ,VK3RWN B,VK3RWN G,
12,146.9125,DUP-,0.600,,DV,Olinda,PSkip,OFF,,,,,,,CQCQCQ,VK3RWN C,VK3RWN G,
13,439.9875,DUP-,5.000,,DV,Bunyng,PSkip,OFF,,,,,,,CQCQCQ,VK3RBA B,VK3RBA G,
14,438.9125,DUP+,0.000,,DV,Bendigo,PSkip,OFF,,,,,,,CQCQCQ,VK3RCE B,VK3RCE G,
15,146.6375,DUP-,0.600,,DV,Horsham,PSkip,OFF,,,,,,,CQCQCQ,VK3RDK C,VK3RDK G,
16,438.2000,DUP-,5.400,,DV,Wombat,PSkip,OFF,,,,,,,CQCQCQ,VK3RGV B,VK3RGV G,
17,146.7875,DUP-,0.600,,DV,The Knobby,PSkip,OFF,,,,,,,CQCQCQ,VK4RBX C,VK4RBX G,
18,438.3125,DUP-,5.400,,DV,Mt Tamborine,PSkip,OFF,,,,,,,CQCQCQ,VK4RDK B,VK4RDK G,
19,438.3500,DUP-,5.400,,DV,Wongawallan,PSkip,OFF,,,,,,,CQCQCQ,VK4RDW B,VK4RDW G,
20,438.2250,DUP-,5.400,,DV,Springbrook,PSkip,OFF,,,,,,,CQCQCQ,VK4RWN B,VK4RWN G,
21,146.8375,DUP-,0.600,,DV,Springbrook,PSkip,OFF,,,,,,,CQCQCQ,VK4RWN C,VK4RWN G,
22,439.9500,DUP-,5.000,,DV,Carborough Range,PSkip,OFF,,,,,,,CQCQCQ,VK4RAS B,VK4RAS G,
23,146.6375,DUP-,0.600,,DV,Blackdown Tablel,PSkip,OFF,,,,,,,CQCQCQ,VK4RBD C,VK4RBD G,
24,438.4500,DUP-,5.000,,DV,Black Mountain,PSkip,OFF,,,,,,,CQCQCQ,VK4RBY B,VK4RBY G,
25,146.6500,DUP-,0.600,,DV,Black Mountain,PSkip,OFF,,,,,,,CQCQCQ,VK4RBY C,VK4RBY G,
26,438.3250,DUP-,5.400,,DV,Mt Haren,PSkip,OFF,,,,,,,CQCQCQ,VK4RCN B,VK4RCN G,
27,438.5500,DUP-,5.200,,DV,Wilkes Knob,PSkip,OFF,,,,,,,CQCQCQ,VK4RDS B,VK4RDS G,
28,146.7375,DUP-,0.600,,DV,Wilkes Knob,PSkip,OFF,,,,,,,CQCQCQ,VK4RDS C,VK4RDS G,
29,438.2750,DUP-,5.400,,DV,Sarina,PSkip,OFF,,,,,,,CQCQCQ,VK4RSA B,VK4RSA G,
30,438.4500,DUP-,5.000,,DV,Sarina,PSkip,OFF,,,,,,,CQCQCQ,VK4RUS B,VK4RUS G,
31,438.2250,DUP-,5.400,,DV,Winter Hill,PSkip,OFF,,,,,,,CQCQCQ,VK5REX B,VK5REX G,
32,146.9625,DUP-,0.600,,DV,Winter Hill,PSkip,OFF,,,,,,,CQCQCQ,VK5REX C,VK5REX G,
33,438.0750,DUP-,5.400,,DV,Renmark,PSkip,OFF,,,,,,,CQCQCQ,VK5RMK B,VK5RMK G,
34,438.5250,DUP-,5.000,,DV,Brown Hill,PSkip,OFF,,,,,,,CQCQCQ,VK5RVH B,VK5RVH G,
35,438.4000,DUP-,5.400,,DV,Banksia Park,PSkip,OFF,,,,,,,CQCQCQ,VK5RWN B,VK5RWN G,
36,146.9375,DUP-,0.600,,DV,Banksia Park,PSkip,OFF,,,,,,,CQCQCQ,VK5RWN C,VK5RWN G,
37,438.7500,DUP-,5.000,,DV,Palmerston,PSkip,OFF,,,,,,,CQCQCQ,VK8RAD B,VK8RAD G,
38,146.7000,DUP-,0.600,,DV,Palmerston,PSkip,OFF,,,,,,,CQCQCQ,VK8RAD C,VK8RAD G,
39,438.9250,DUP-,5.000,,DV,Hoddy Well,PSkip,OFF,,,,,,,CQCQCQ,VK6RAV B,VK6RAV G,
40,438.1500,DUP-,5.400,,DV,Gosnells,PSkip,OFF,,,,,,,CQCQCQ,VK6RLX B,VK6RLX G,
41,146.8625,DUP-,1.600,,DV,Gosnells,PSkip,OFF,,,,,,,CQCQCQ,VK6RLX C,VK6RLX G,
42,438.1250,DUP-,5.400,,DV,East Fremantle,PSkip,OFF,,,,,,,CQCQCQ,VK6ROX B,VK6ROX G,
43,438.1750,DUP-,5.400,,DV,Roleystone,PSkip,OFF,,,,,,,CQCQCQ,VK6RWN B,VK6RWN G,
44,146.8375,DUP-,0.600,,DV,Roleystone,PSkip,OFF,,,,,,,CQCQCQ,VK6RWN C,VK6RWN G,
45,146.9625,DUP-,0.600,,DV,LenahV,PSkip,OFF,,,,,,,CQCQCQ,VK7RCR C,VK7RCR G,
46,438.1250,DUP-,5.400,,DV,Richmond,PSkip,OFF,,,,,,,CQCQCQ,VK7RRR B,VK7RRR G,
47,438.2750,DUP-,5.400,,DV,portable,PSkip,OFF,,,,,,,CQCQCQ,VK3RSD B,VK3RSD G,
48,146.8875,DUP-,0.600,,DV,portable,PSkip,OFF,,,,,,,CQCQCQ,VK3RSD C,VK3RSD G,
49,438.1500,DUP-,5.400,,DV,portable,PSkip,OFF,,,,,,,CQCQCQ,VK3RWW B,VK3RWW G,
50,438.3000,DUP-,5.400,,DV,portable,PSkip,OFF,,,,,,,CQCQCQ,VK3RWWAB,VK3RWW G,
51,438.9500,DUP+,0.000,,DV,DHAP,PSkip,OFF,,,,,,,CQCQCQ,VK2HDX B,VK2HDX G,
52,438.9500,DUP+,0.000,,DV,DHAP,PSkip,OFF,,,,,,,CQCQCQ,VK2PSF B,VK2PSF G,
53,441.0750,DUP+,0.000,,DV,dv4dst,PSkip,OFF,,,,,,,CQCQCQ,VK2PSF D,VK2PSF G,
