Group No,Group Name,Name,Sub Name,Repeater Call Sign,Gateway Call Sign,Frequency,Dup,Offset,Mode,TONE,Repeater Tone,RPT1USE,Position,Latitude,Longitude,UTC Offset
23,FMAusNW,Spring Hill,Brisbane,VK4RAG 2,,147.1500,DUP+,0.600,FM,OFF,,NO,Approximate,-27.4603396,153.0233264,+10:00
23,FMAusNW,The Knobby,Ipswich,VK4RAI 2,,146.9000,DUP-,0.600,FM,OFF,,NO,Approximate,-27.50226347,152.5916327,+10:00
23,FMAusNW,Mt Cotton,Brisbane,VK4RAX 2,,147.0750,DUP+,0.600,FM,OFF,,NO,Approximate,-27.61725915,153.2155683,+10:00
23,FMAusNW,Mt Glorious,Brisbane,VK4RBN 2,,147.0000,DUP-,0.600,FM,TSQL,91.5Hz,NO,Approximate,-27.31528699,152.7480128,+10:00
23,FMAusNW,Mt Coot-tha,Brisbane,VK4RBQ 2,,146.9500,DUP-,0.600,FM,TSQL,91.5Hz,NO,Approximate,-27.46317516,152.9471176,+10:00
23,FMAusNW,Mt Gravatt,Brisbane,VK4RBR 2,,147.9500,DUP-,0.600,FM,OFF,,NO,Approximate,-27.52659402,153.0917058,+10:00
23,FMAusNW,Alexandra Hills,Redlands,VK4RBS 2,,146.8750,DUP-,0.600,FM,OFF,,NO,Approximate,-27.54396419,153.2315197,+10:00
23,FMAusNW,Mt Tambourine,Gold Coa,VK4RBT 2,,147.8000,DUP-,0.600,FM,OFF,,NO,Approximate,-27.92257928,153.2152258,+10:00
23,FMAusNW,Springbrook,Gold Coa,VK4RGC 2,,146.7000,DUP-,0.600,FM,TSQL,123Hz,NO,Approximate,-28.23486197,153.2888591,+10:00
23,FMAusNW,Mt Crosby,Ipswich,VK4RKP 2,,146.7250,DUP-,0.600,FM,OFF,,NO,Approximate,-27.52745194,152.7979195,+10:00
23,FMAusNW,Woodridge,Brisbane,VK4RLB 2,,147.6250,DUP-,0.600,FM,OFF,,NO,Approximate,-27.6274108,153.1001913,+10:00
23,FMAusNW,Spring Mountain,Logan,VK4RLW 2,,146.9750,DUP-,0.600,FM,TSQL,91.5Hz,NO,Approximate,-27.71792408,152.8790286,+10:00
23,FMAusNW,North Ipswich,Ipswich ,VK4RWM 2,,147.1750,DUP+,0.600,FM,OFF,,NO,Approximate,-27.59031207,152.7582875,+10:00
23,FMAusNW,Spring Hill,Brisbane,VK4RAG 7,,438.6250,DUP-,5.000,FM,OFF,,NO,Approximate,-27.4603396,153.0233264,+10:00
23,FMAusNW,The Knobby,Ipswich ,VK4RAI 7,,439.3250,DUP-,5.000,FM,TSQL,91.5Hz,NO,Approximate,-27.50226347,152.5916327,+10:00
23,FMAusNW,Sunnybank,Brisbane,VK4RBA 7,,439.9500,DUP-,5.000,FM,TSQL,123Hz,NO,Approximate,-27.61252899,153.0607759,+10:00
23,FMAusNW,Mt Coot-Tha,Brisbane,VK4RBQ 7,,439.3000,DUP-,5.000,FM,OFF,,NO,Approximate,-27.46317516,152.9471176,+10:00
23,FMAusNW,Mt Gravatt,Brisbane,VK4RBR 7,,438.2750,DUP-,5.000,FM,OFF,,NO,Approximate,-27.52659402,153.0917058,+10:00
23,FMAusNW,Alexandra Hills,Redlands,VK4RBS 7,,439.7250,DUP-,5.000,FM,TSQL,91.5Hz,NO,Approximate,-27.54396419,153.2315197,+10:00
23,FMAusNW,The Knobby,Ipswich,VK4RBX 7,,438.4250,DUP-,5.000,FM,TSQL,123Hz,NO,Approximate,-27.50226347,152.5916327,+10:00
23,FMAusNW,Springbrook,Gold Coa,VK4RGC 7,,438.6000,DUP-,5.000,FM,TSQL,123Hz,NO,Approximate,-28.23486197,153.2888591,+10:00
23,FMAusNW,Woodridge,Logan,VK4RLB 7,,438.7500,DUP-,5.000,FM,OFF,,NO,Approximate,-27.6274108,153.1001913,+10:00
23,FMAusNW,Spring Mountain,Logan,VK4RLW 7,,438.5000,DUP-,5.000,FM,TSQL,91.5Hz,NO,Approximate,-27.71792408,152.8790286,+10:00
23,FMAusNW,Spring Mountain,Springfi,VK4RSM 7,,439.3000,DUP-,5.000,FM,TSQL,91.5Hz,NO,Approximate,-27.71792408,152.8790286,+10:00
23,FMAusNW,North Ipswich,Ipswich,VK4RWM 7,,438.3750,DUP-,5.000,FM,TSQL,91.5Hz,NO,Approximate,-27.59031207,152.7582875,+10:00
23,FMAusNW,North Ipswich,Ipswich,VK4RWMA7,,439.9250,DUP-,5.000,FM,TSQL,91.5Hz,NO,Approximate,-27.59031207,152.7582875,+10:00
23,FMAusNW,Springbrook,Gold Coa,VK4RZA 7,,438.1000,DUP-,5.000,FM,TSQL,91.5Hz,NO,Approximate,-28.23262898,153.2903511,+10:00
23,FMAusNW,Mt Coot-tha,Brisbane,VK4RZB 7,,438.2000,DUP-,5.000,FM,TSQL,91.5Hz,NO,Approximate,-27.47974406,152.9540427,+10:00
23,FMAusNW,Mt Archer,Rockhamp,VK4RAR 2,,146.7000,DUP-,0.600,FM,TSQL,91.5Hz,NO,Approximate,-23.33725543,150.5765568,+10:00
23,FMAusNW,Carborough Range,Moranbah,VK4RAS 2,,146.8750,DUP-,0.600,FM,OFF,,NO,Approximate,-21.92074782,148.3127279,+10:00
23,FMAusNW,Mt Stuart,Townsvil,VK4RAT 2,,146.7000,DUP-,0.600,FM,OFF,,NO,Approximate,-19.34383816,146.7806848,+10:00
23,FMAusNW,Blackdown Tablel,Blackwat,VK4RBD 2,,146.9500,DUP-,0.600,FM,TSQL,91.5Hz,NO,Approximate,-23.77406759,149.1168305,+10:00
23,FMAusNW,The Hummock,Bundaber,VK4RBG 2,,147.8000,DUP-,0.600,FM,OFF,,NO,Approximate,-24.84247743,152.4262926,+10:00
23,FMAusNW,Blue Mountain,Mackay,VK4RBM 2,,146.7750,DUP-,0.600,FM,TSQL,91.5Hz,NO,Approximate,-21.60064568,148.9678826,+10:00
23,FMAusNW,Butchers Creek,Atherton,VK4RBP 2,,147.1000,DUP+,0.600,FM,OFF,,NO,Approximate,-17.31681037,145.6994147,+10:00
23,FMAusNW,MtGoon,Bundaber,VK4RBU 2,,146.8000,DUP-,0.600,FM,OFF,,NO,Approximate,-25.43309252,152.1221314,+10:00
23,FMAusNW,Mt Haren,Cairns,VK4RCA 2,,146.9500,DUP-,0.600,FM,OFF,,NO,Approximate,-16.83652895,145.61219,+10:00
23,FMAusNW,Caboolture,Cabooltu,VK4RCC 2,,146.6250,DUP-,0.600,FM,OFF,,NO,Approximate,-27.14555098,152.8202094,+10:00
23,FMAusNW,GymSth,Sunshine,VK4RCM 2,,146.7250,DUP-,0.600,FM,TSQL,91.5Hz,NO,Approximate,-26.25252758,152.805384,+10:00
23,FMAusNW,Banana Range,Monto,VK4RCQ 2,,147.0000,DUP-,0.600,FM,OFF,,NO,Approximate,-24.450308,150.314482,+10:00
23,FMAusNW,Braeside,Stanthor,VK4RCR 2,,146.8250,DUP-,0.600,FM,OFF,,NO,Approximate,-28.39088095,151.9252206,+10:00
23,FMAusNW,O'Rourke's House,Toowoomb,VK4RDD 2,,146.7500,DUP-,0.600,FM,OFF,,NO,Approximate,-27.69125793,151.9918837,+10:00
23,FMAusNW,Dalby,Dalby,VK4RED 2,,147.2500,DUP+,0.600,FM,OFF,,NO,Approximate,-27.21024521,151.2519763,+10:00
23,FMAusNW,Mt Mowbullan,Bunya Mt,VK4REG 2,,146.9500,DUP-,0.600,FM,TSQL,91.5Hz,NO,Approximate,-26.88856258,151.6007642,+10:00
23,FMAusNW,Middlemount,Middlemo,VK4REP 2,,147.0750,DUP+,0.600,FM,OFF,,NO,Approximate,-22.80955075,148.6745963,+10:00
23,FMAusNW,Mt Kiangarow,S Burnet,VK4RET 2,,146.6750,DUP-,0.600,FM,TSQL,91.5Hz,NO,Approximate,-26.83066391,151.5489115,+10:00
23,FMAusNW,Kroombit Tops,Central ,VK4RGA 2,,146.9000,DUP-,0.600,FM,TSQL,91.5Hz,NO,Approximate,-24.35662603,150.9396977,+10:00
23,FMAusNW,Kroombit Tops,Central ,VK4RGAA2,,147.3750,DUP+,0.600,FM,TSQL,91.5Hz,NO,Approximate,-24.35662603,150.9396977,+10:00
23,FMAusNW,Maurice Hill,Gladston,VK4RGT 2,,146.6250,DUP-,0.600,FM,TSQL,91.5Hz,NO,Approximate,-23.93597675,151.2425543,+10:00
23,FMAusNW,Gympie,Gympie &,VK4RGY 2,,146.7750,DUP-,0.600,FM,OFF,,NO,Approximate,-26.1877767,152.6714233,+10:00
23,FMAusNW,Ghost Hill,Hervey B,VK4RHB 2,,146.6500,DUP-,0.600,FM,OFF,,NO,Approximate,-25.31061322,152.8374443,+10:00
23,FMAusNW,Hodgson Range,W Centra,VK4RHR 2,,146.9250,DUP-,0.600,FM,OFF,,NO,Approximate,-22.69269225,148.0335589,+10:00
23,FMAusNW,Hann Tableland,Atherton,VK4RHT 2,,146.6750,DUP-,0.600,FM,OFF,,NO,Approximate,-16.9145725,145.2534593,+10:00
23,FMAusNW,Oceanview,Brisbane,VK4RKC 2,,145.6250,DUP+,0.000,FM,OFF,,NO,Approximate,-27.14555098,152.8202094,+10:00
23,FMAusNW,Oceanview,Brisbane,VK4RKCA2,,147.9000,DUP-,0.600,FM,OFF,,NO,Approximate,-27.14555098,152.8202094,+10:00
23,FMAusNW,Four Mile Hill,Mount Is,VK4RMI 2,,146.7000,DUP-,0.600,FM,OFF,,NO,Approximate,-20.71273734,139.5583114,+10:00
23,FMAusNW,Mt Blackwood,Mackay,VK4RMK 2,,147.0000,DUP-,0.600,FM,OFF,,NO,Approximate,-21.03163824,148.9433422,+10:00
23,FMAusNW,Stanthorpe,Stanthor,VK4RMM 2,,147.1250,DUP+,0.600,FM,OFF,,NO,Approximate,-28.65358139,151.9469144,+10:00
23,FMAusNW,Midge Point,Proserpi,VK4RMP 2,,146.8000,DUP-,0.600,FM,OFF,,NO,Approximate,-20.64762154,148.6766306,+10:00
23,FMAusNW,Doonan,N. Sunsh,VK4RNL 2,,147.2750,DUP+,0.600,FM,OFF,,NO,Approximate,-26.46213195,152.9924871,+10:00
23,FMAusNW,Grafton Range,Roma,VK4ROM 2,,146.6500,DUP-,0.600,FM,OFF,,NO,Approximate,-26.57539992,148.8421778,+10:00
23,FMAusNW,Mt Perry,Monto,VK4RPU 2,,146.7500,DUP-,0.600,FM,OFF,,NO,Approximate,-25.19148493,151.6880069,+10:00
23,FMAusNW,Wamuran,Redcliff,VK4RRC 2,,146.9250,DUP-,0.600,FM,OFF,,NO,Approximate,-27.03671622,152.8231054,+10:00
23,FMAusNW,Mt Seaview,N Centra,VK4RRR 2,,146.9750,DUP-,0.600,FM,OFF,,NO,Approximate,-21.44095148,148.7107986,+10:00
23,FMAusNW,Sarina,Mackay,VK4RSA 2,,146.6750,DUP-,0.600,FM,OFF,,NO,Approximate,-21.49752105,149.1695496,+10:00
23,FMAusNW,Wilkes Knob,Sunshine,VK4RSC 2,,146.8500,DUP-,0.600,FM,TSQL,91.5Hz,NO,Approximate,-26.77817495,152.912493,+10:00
23,FMAusNW,Noosa Heads,Sunshine,VK4RSL 2,,146.8250,DUP-,0.600,FM,TSQL,91.5Hz,NO,Approximate,-26.38926797,153.0975279,+10:00
23,FMAusNW,Roddas Lookout,Springsu,VK4RSP 2,,146.8250,DUP-,0.600,FM,OFF,,NO,Approximate,-24.14237405,148.1542224,+10:00
23,FMAusNW,Mt Archer,Rockhamp,VK4RAR 7,,438.2250,DUP-,5.000,FM,TSQL,91.5Hz,NO,Approximate,-23.33725543,150.5765568,+10:00
23,FMAusNW,Mt Stuart,Townsvil,VK4RAT 7,,438.2250,DUP-,5.000,FM,TSQL,91.5Hz,NO,Approximate,-19.34383816,146.7806848,+10:00
23,FMAusNW,Tolga,Atherton,VK4RBK 7,,439.9000,DUP-,5.000,FM,OFF,,NO,Approximate,-17.22296332,145.4472632,+10:00
23,FMAusNW,Blue Mountain,Mackay 6,VK4RBM 7,,439.3000,DUP-,5.000,FM,OFF,,NO,Approximate,-21.60064568,148.9678826,+10:00
23,FMAusNW,Butchers Creek,Atherton,VK4RBP 7,,439.7750,DUP-,5.000,FM,OFF,,NO,Approximate,-17.31681037,145.6994147,+10:00
23,FMAusNW,Butchers Creek,Atherton,VK4RBPA7,,439.9250,DUP-,5.000,FM,OFF,,NO,Approximate,-17.31681037,145.6994147,+10:00
23,FMAusNW,MtGoon,Bundaber,VK4RBU 7,,438.7750,DUP-,5.000,FM,OFF,,NO,Approximate,-25.43309252,152.1221314,+10:00
23,FMAusNW,BundaN,N Bundab,VK4RBW 7,,439.7750,DUP-,5.000,FM,OFF,,NO,Approximate,-24.7013388,151.9620524,+10:00
23,FMAusNW,Cairns,Cairns,VK4RCA 7,,439.8500,DUP-,5.000,FM,OFF,,NO,Approximate,-16.83652895,145.61219,+10:00
23,FMAusNW,Banana Range,Monto,VK4RCQ 7,,439.8750,DUP-,5.000,FM,OFF,,NO,Approximate,-24.450308,150.314482,+10:00
23,FMAusNW,O'Rourke's House,Toowoomb,VK4RDD 7,,439.2750,DUP-,5.000,FM,OFF,,NO,Approximate,-27.69125793,151.9918837,+10:00
23,FMAusNW,Mt Mowbullan,Bunya Mt,VK4REG 7,,438.6500,DUP-,5.000,FM,TSQL,91.5Hz,NO,Approximate,-26.88856258,151.6007642,+10:00
23,FMAusNW,Mt Kiangarow,S Burnet,VK4RET 7,,438.7000,DUP-,5.000,FM,TSQL,91.5Hz,NO,Approximate,-26.83066391,151.5489115,+10:00
23,FMAusNW,Lady Larcom,Gladston,VK4RGL 7,,439.8000,DUP-,5.000,FM,TSQL,91.5Hz,NO,Approximate,-23.80434418,151.1252439,+10:00
23,FMAusNW,Maurice Hill,Gladston,VK4RGT 7,,438.0500,DUP-,5.000,FM,OFF,,NO,Approximate,-23.93597675,151.2425543,+10:00
23,FMAusNW,Gympie,Gympie,VK4RGY 7,,439.9500,DUP-,5.000,FM,OFF,,NO,Approximate,-26.1877767,152.6714233,+10:00
23,FMAusNW,Hodgson Range,Clermont,VK4RHR 7,,438.5000,DUP-,5.000,FM,OFF,,NO,Approximate,-22.69269225,148.0335589,+10:00
23,FMAusNW,Doonan,N. Sunsh,VK4RNL 7,,439.3750,DUP-,5.000,FM,OFF,,NO,Approximate,-26.46213195,152.9924871,+10:00
23,FMAusNW,Mt Perry,Monto,VK4RPU 7,,438.7500,DUP-,5.000,FM,OFF,,NO,Approximate,-25.19148493,151.6880069,+10:00
23,FMAusNW,Wamuran,Redcliff,VK4RRC 7,,438.3250,DUP-,5.000,FM,TSQL,91.5Hz,NO,Approximate,-27.03671622,152.8231054,+10:00
23,FMAusNW,Sarina,Mackay,VK4RSA 7,,439.6250,DUP-,5.000,FM,OFF,,NO,Approximate,-21.49752105,149.1695496,+10:00
23,FMAusNW,Wilkes Knob,Sunshine,VK4RSC 7,,438.0750,DUP-,5.000,FM,TSQL,91.5Hz,NO,Approximate,-26.77817495,152.912493,+10:00
23,FMAusNW,Noosa Heads,Sunshine,VK4RSL 7,,438.1750,DUP-,5.000,FM,TSQL,91.5Hz,NO,Approximate,-26.38926797,153.0975279,+10:00
23,FMAusNW,Ocean View,Brisbane,VK4RSS 7,,438.5750,DUP-,5.000,FM,TSQL,91.5Hz,NO,Approximate,-27.13369494,152.8293951,+10:00
23,FMAusNW,Mt Kynoch,Toowoomb,VK4RTQ 7,,438.0250,DUP-,5.000,FM,TSQL,91.5Hz,NO,Approximate,-27.50616557,151.9558648,+10:00
23,FMAusNW,Nebo,Mackay,VK4RWS 7,,438.6750,DUP-,5.000,FM,TSQL,91.5Hz,NO,Approximate,-21.60064568,148.9678826,+10:00
23,FMAusNW,Maleny,Maleny 2,VK4RXZ 7,,439.9000,DUP-,5.000,FM,OFF,,NO,Approximate,-26.79724575,152.7997949,+10:00
23,FMAusNW,Wilkes Knob,Maleny,VK4RZC 7,,438.1250,DUP-,5.000,FM,TSQL,91.5Hz,NO,Approximate,-26.77894393,152.9154499,+10:00
23,FMAusNW,Mt Perseverance,Ipswich ,VK4RZD 7,,438.0500,DUP-,5.000,FM,TSQL,91.5Hz,NO,Approximate,-27.41336554,152.1613356,+10:00
23,FMAusNW,Pillaworta Hill,Lower Ey,VK5RAC 2,,146.7500,DUP-,0.600,FM,OFF,,NO,Approximate,-34.39262403,135.9540644,+09:30
23,FMAusNW,Crafers,Adelaide,VK5RAD 2,,147.0000,DUP-,0.600,FM,OFF,,NO,Approximate,-34.99845193,138.6987726,+09:30
23,FMAusNW,Mt Arden,Port Aug,VK5RAE 2,,146.9750,DUP-,0.600,FM,OFF,,NO,Approximate,-32.15191253,137.9788059,+09:30
23,FMAusNW,Lobethal,Adelaide,VK5RAH 2,,146.7750,DUP-,0.600,FM,OFF,,NO,Approximate,-34.88277789,138.8712497,+09:30
23,FMAusNW,Mount Barker,Mount Ba,VK5RBK 2,,146.7250,DUP-,0.600,FM,OFF,,NO,Approximate,-35.07098492,138.9218588,+09:30
23,FMAusNW,portable,Statewid,VK5RBP 2,,147.2000,DUP+,0.600,FM,OFF,,NO,Approximate,,,+09:30
23,FMAusNW,Willalooka,Borderto,VK5RBT 2,,147.3500,DUP+,0.600,FM,OFF,,NO,Approximate,-36.41602667,140.4596726,+09:30
23,FMAusNW,Mt Kitchener,Barossa ,VK5RBV 2,,146.8250,DUP-,0.600,FM,OFF,,NO,Approximate,-34.5719765,139.005935,+09:30
23,FMAusNW,Coolanie,Eyre Pen,VK5REP 2,,146.8000,DUP-,0.600,FM,OFF,,NO,Approximate,-33.6054379,136.7798231,+09:30
23,FMAusNW,Anstey Hill,Adelaide,VK5RHO 2,,146.8500,DUP-,0.600,FM,OFF,,NO,Approximate,-34.8419086,138.7494496,+09:30
23,FMAusNW,Kingst,Kingston,VK5RKN 2,,147.3750,DUP+,0.600,FM,OFF,,NO,Approximate,-37.03279016,139.8114862,+09:30
23,FMAusNW,Moorook,Riverlan,VK5RLD 2,,147.3250,DUP+,0.600,FM,OFF,,NO,Approximate,-34.2500003,140.3333241,+09:30
23,FMAusNW,Bumbunga Hill,Central ,VK5RLH 2,,146.9250,DUP-,0.600,FM,OFF,,NO,Approximate,-33.90360264,138.1304025,+09:30
23,FMAusNW,Elizabeth,Adelaide,VK5RLZ 2,,146.6250,DUP-,0.600,FM,OFF,,NO,Approximate,-34.74244786,138.6490742,+09:30
23,FMAusNW,Mt Beevor,Murray B,VK5RMB 2,,146.8750,DUP-,0.600,FM,OFF,,NO,Approximate,-34.92910361,139.0347262,+09:30
23,FMAusNW,MtgVHF,Mount Ga,VK5RMG 2,,146.9000,DUP-,0.600,FM,OFF,,NO,Approximate,-37.72577138,140.570599,+09:30
23,FMAusNW,The Bluff,Port Pir,VK5RMN 2,,146.7000,DUP-,0.600,FM,OFF,,NO,Approximate,-33.08640426,138.1627721,+09:30
23,FMAusNW,Ncte,Naracoor,VK5RNC 2,,146.6500,DUP-,0.600,FM,OFF,,NO,Approximate,-36.97904119,140.7704499,+09:30
23,FMAusNW,Mt Terrible,Adelaide,VK5RSC 2,,29.6200,DUP+,118.055,FM,TSQL,141.3Hz,NO,Approximate,-35.33110131,138.5017764,+09:30
23,FMAusNW,MtGrah,Millicen,VK5RSE 2,,146.8000,DUP-,0.600,FM,OFF,,NO,Approximate,-37.5246726,140.4468159,+09:30
23,FMAusNW,Willunga Hill,Adelaide,VK5RSV 2,,146.6750,DUP-,0.600,FM,OFF,,NO,Approximate,-35.2731902,138.5980211,+09:30
23,FMAusNW,portable,Statewid,VK5RWI 2,,147.3000,DUP+,0.600,FM,OFF,,NO,Approximate,,,+09:30
23,FMAusNW,ASpr2,Alice Sp,VK8RCA 2,,146.9500,DUP-,0.600,FM,TSQL,91.5Hz,NO,Approximate,-23.72220535,133.8565777,+09:30
23,FMAusNW,Darwin,Darwin,VK8RDA 2,,146.9000,DUP-,0.600,FM,TSQL,123Hz,NO,Approximate,-12.48079358,130.984368,+09:30
23,FMAusNW,Moil,Darwin N,VK8RPD 2,,146.9500,DUP-,0.600,FM,OFF,,NO,Approximate,-12.3863669,130.8848445,+09:30
23,FMAusNW,Larrakeyah,Darwin c,VK8RTE 2,,147.0000,DUP-,0.600,FM,TSQL,123Hz,NO,Approximate,-12.45598413,130.8332332,+09:30
23,FMAusNW,Marrara,Darwin W,VK8RWI 2,,146.8000,DUP-,0.600,FM,TSQL,123Hz,NO,Approximate,-12.41712108,130.9213526,+09:30
23,FMAusNW,Pillaworta Hill,Lower Ey,VK5RAC 7,,439.8500,DUP-,5.000,FM,OFF,,NO,Approximate,-34.39262403,135.9540644,+09:30
23,FMAusNW,Crafers,Adelaide,VK5RAD 7,,439.9250,DUP-,5.000,FM,OFF,,NO,Approximate,-34.99845193,138.6987726,+09:30
23,FMAusNW,portable,Statewid,VK5RBP 7,,438.2000,DUP-,5.000,FM,OFF,,NO,Approximate,,,+09:30
23,FMAusNW,Mt Kitchener,Barossa ,VK5RBV 7,,439.8000,DUP-,5.000,FM,OFF,,NO,Approximate,-34.5719765,139.005935,+09:30
23,FMAusNW,Moonta,Moonta,VK5RCT 7,,438.3250,DUP-,5.000,FM,TSQL,91.5Hz,NO,Approximate,-34.04730666,137.6536304,+09:30
23,FMAusNW,Anstey Hill,Adelaide,VK5RHO 7,,439.8750,DUP-,5.000,FM,OFF,,NO,Approximate,-34.8419086,138.7494496,+09:30
23,FMAusNW,Elizabeth,Adelaide,VK5RLZ 7,,439.9750,DUP-,5.000,FM,TSQL,91.5Hz,NO,Approximate,-34.74244786,138.6490742,+09:30
23,FMAusNW,Lower Light,Adelaide,VK5ROC 7,,439.9500,DUP-,5.000,FM,OFF,,NO,Approximate,-34.54665609,138.3750029,+09:30
23,FMAusNW,MtgUHF,Mt Gambi,VK5ROH 7,,439.8250,DUP-,5.000,FM,OFF,,NO,Approximate,-37.83314882,140.7763492,+09:30
23,FMAusNW,AdlCBD,Adelaide,VK5RSA 7,,438.0250,DUP-,5.000,FM,OFF,,NO,Approximate,-34.92782315,138.6033836,+09:30
23,FMAusNW,Sumtwn,Adelaide,VK5RSB 7,,439.9000,DUP-,5.000,FM,TSQL,91.5Hz,NO,Approximate,-34.94923151,138.7169783,+09:30
23,FMAusNW,Mt Terrible,Adelaide,VK5RSC 7,,438.0750,DUP-,5.000,FM,OFF,,NO,Approximate,-35.33110131,138.5017764,+09:30
23,FMAusNW,Mt Terrible,Adelaide,VK5RSCA7,,439.8250,DUP-,5.000,FM,OFF,,NO,Approximate,-35.33110131,138.5017764,+09:30
23,FMAusNW,Darwin,Darwin 6,VK8RDA 7,,438.2750,DUP-,5.000,FM,TSQL,91.5Hz,NO,Approximate,-12.48079358,130.984368,+09:30
23,FMAusNW,ASpr70,Alice Sp,VK8RIT 7,,438.5250,DUP-,5.000,FM,TSQL,91.5Hz,NO,Approximate,-23.72220535,133.8565777,+09:30
23,FMAusNW,Marrara,Darwin 6,VK8RWI 7,,439.9750,DUP-,5.000,FM,TSQL,91.5Hz,NO,Approximate,-12.41712108,130.9213526,+09:30
23,FMAusNW,MtBark,South Co,VK6RAA 2,,146.8250,DUP-,0.600,FM,OFF,,NO,Approximate,-34.65574682,117.6470546,+08:00
23,FMAusNW,Kal,Kalgoorl,VK6RAK 2,,147.0000,DUP-,0.600,FM,OFF,,NO,Approximate,-30.81674951,121.4602164,+08:00
23,FMAusNW,Albany,Albany 6,VK6RAL 2,,146.7250,DUP-,0.600,FM,OFF,,NO,Approximate,-35.02478333,117.8947009,+08:00
23,FMAusNW,PerSE1,Perth So,VK6RAP 2,,146.7000,DUP-,0.600,FM,OFF,,NO,Approximate,-32.10005215,116.0515497,+08:00
23,FMAusNW,Hoddy Well,Avon Eas,VK6RAV 2,,147.2750,DUP+,0.600,FM,OFF,,NO,Approximate,-31.63104189,116.4889882,+08:00
23,FMAusNW,Katnng,Katannin,VK6RAW 2,,147.0000,DUP-,0.600,FM,OFF,,NO,Approximate,-33.79398496,117.5215985,+08:00
23,FMAusNW,Busltn,Busselto,VK6RBN 2,,147.3500,DUP+,0.600,FM,OFF,,NO,Approximate,-33.81446999,115.3701635,+08:00
23,FMAusNW,Bunbry,Bunbury,VK6RBY 2,,146.6500,DUP-,0.600,FM,OFF,,NO,Approximate,-33.10002042,115.9260233,+08:00
23,FMAusNW,Cataby,Cataby,VK6RCT 2,,147.2000,DUP+,0.600,FM,OFF,,NO,Approximate,-30.75836347,115.5981692,+08:00
23,FMAusNW,Avon C,Avon Cen,VK6REC 2,,147.1750,DUP+,0.600,FM,OFF,,NO,Approximate,-31.79286947,116.3623984,+08:00
23,FMAusNW,Exmoth,North We,VK6REX 2,,146.8500,DUP-,0.600,FM,OFF,,NO,Approximate,-21.78225418,114.150467,+08:00
23,FMAusNW,Bicton,Bicton,VK6RFM 2,,146.9500,DUP-,0.600,FM,OFF,,NO,Approximate,-32.02670632,115.7876059,+08:00
23,FMAusNW,Grldtn,Geraldto,VK6RGN 2,,147.0000,DUP-,0.600,FM,OFF,,NO,Approximate,-28.68293663,114.6774446,+08:00
23,FMAusNW,portable,Statewid,VK6RIC 2,,146.8750,DUP-,0.600,FM,OFF,,NO,Approximate,,,+08:00
23,FMAusNW,Keller,Kellerbe,VK6RKN 2,,147.3250,DUP+,0.600,FM,OFF,,NO,Approximate,-31.62278019,117.7098468,+08:00
23,FMAusNW,PerSE2,Perth So,VK6RLM 2,,146.7500,DUP-,0.600,FM,OFF,,NO,Approximate,-32.10161319,116.0492017,+08:00
23,FMAusNW,Manji,Manjimup,VK6RMJ 2,,147.1500,DUP+,0.600,FM,OFF,,NO,Approximate,-34.2203672,115.9853383,+08:00
23,FMAusNW,MtSdbk,Boddingt,VK6RMS 2,,147.2500,DUP+,0.600,FM,OFF,,NO,Approximate,-32.96485495,116.4508615,+08:00
23,FMAusNW,MtWilm,Mandurah,VK6RMW 2,,146.9000,DUP-,0.600,FM,OFF,,NO,Approximate,-32.9379848,116.0238753,+08:00
23,FMAusNW,PerNth,Perth No,VK6RNC 2,,146.6250,DUP-,0.600,FM,OFF,,NO,Approximate,-31.75646198,115.8135675,+08:00
23,FMAusNW,NthHmp,Northamp,VK6RNR 2,,146.6750,DUP-,0.600,FM,OFF,,NO,Approximate,-28.23660544,114.6507602,+08:00
23,FMAusNW,Geldtn,Geraldto,VK6ROO 2,,146.7750,DUP-,0.600,FM,OFF,,NO,Approximate,-28.77635946,114.6014832,+08:00
23,FMAusNW,Rotto,Perth Co,VK6ROT 2,,147.0750,DUP+,0.600,FM,OFF,,NO,Approximate,-32.00002293,115.5248241,+08:00
23,FMAusNW,portable,Statewid,VK6RPT 2,,147.0250,DUP+,0.600,FM,OFF,,NO,Approximate,,,+08:00
23,FMAusNW,portable,Statewid,VK6RPTA2,,147.6250,DUP-,0.600,FM,OFF,,NO,Approximate,,,+08:00
23,FMAusNW,portable,Statewid,VK6RSH 2,,146.9750,DUP-,0.600,FM,OFF,,NO,Approximate,,,+08:00
23,FMAusNW,PerNE,Perth No,VK6RTH 2,,146.8000,DUP-,0.600,FM,OFF,,NO,Approximate,-31.82576784,116.0639376,+08:00
23,FMAusNW,TomPrc,Tom Pric,VK6RTP 2,,146.6250,DUP-,0.600,FM,OFF,,NO,Approximate,-22.71923716,117.7611628,+08:00
23,FMAusNW,WickHm,North We,VK6RWR 2,,146.7000,DUP-,0.600,FM,OFF,,NO,Approximate,-20.67371835,117.1309256,+08:00
23,FMAusNW,MtBark,South Co,VK6RAA 7,,439.9500,DUP-,5.000,FM,OFF,,NO,Approximate,-34.65574682,117.6470546,+08:00
23,FMAusNW,Albany,Albany,VK6RAL 7,,439.9500,DUP-,5.000,FM,OFF,,NO,Approximate,-35.02478333,117.8947009,+08:00
23,FMAusNW,PerSE1,Perth So,VK6RAP 7,,439.8000,DUP-,5.000,FM,TSQL,123Hz,NO,Approximate,-32.10005215,116.0515497,+08:00
23,FMAusNW,portable,Statewid,VK6RAR 7,,439.9500,DUP-,5.000,FM,OFF,,NO,Approximate,,,+08:00
23,FMAusNW,Hoddy Well,Avon Eas,VK6RAV 7,,438.5250,DUP-,5.000,FM,OFF,,NO,Approximate,-31.63104189,116.4889882,+08:00
23,FMAusNW,Busltn,Busselto,VK6RBN 7,,438.6750,DUP-,5.000,FM,OFF,,NO,Approximate,-33.81446999,115.3701635,+08:00
23,FMAusNW,Bunbry,Bunbury,VK6RBY 7,,438.6500,DUP-,5.000,FM,OFF,,NO,Approximate,-33.10002042,115.9260233,+08:00
23,FMAusNW,Cataby,Cataby,VK6RCT 7,,438.5250,DUP-,5.000,FM,OFF,,NO,Approximate,-30.75836347,115.5981692,+08:00
23,FMAusNW,Kalgoorlie,Kalgoorl,VK6RGF 7,,438.1250,DUP-,5.000,FM,OFF,,NO,Approximate,-30.7658329,121.4727815,+08:00
23,FMAusNW,PerSE2,Perth So,VK6RLM 7,,438.5250,DUP-,5.000,FM,OFF,,NO,Approximate,-32.10161319,116.0492017,+08:00
23,FMAusNW,Boddington,Boddingt,VK6RMS 7,,438.5250,DUP-,5.000,FM,OFF,,NO,Approximate,-32.96485495,116.4508615,+08:00
23,FMAusNW,Wanneroo,Perth,VK6RNA 7,,438.7250,DUP-,5.000,FM,TSQL,123Hz,NO,Approximate,-31.7553979,115.8193574,+08:00
23,FMAusNW,Whiteman Park,Perth N ,VK6RNS 7,,439.9250,DUP-,5.000,FM,OFF,,NO,Approximate,-31.73334944,115.9329413,+08:00
23,FMAusNW,Rotto,Perth Co,VK6ROT 7,,439.7000,DUP-,5.000,FM,OFF,,NO,Approximate,-32.00002293,115.5248241,+08:00
23,FMAusNW,portable,Statewid,VK6RPT 7,,438.0250,DUP-,5.000,FM,OFF,,NO,Approximate,,,+08:00
23,FMAusNW,PerNE,Perth No,VK6RTH 7,,438.2250,DUP-,5.000,FM,OFF,,NO,Approximate,-31.82576784,116.0639376,+08:00
23,FMAusNW,portable,Statewid,VK4RWI 2,,147.1500,DUP+,0.600,FM,OFF,,NO,Approximate,,,+10:00
23,FMAusNW,portable,Statewid,VK4RWI 7,,438.6250,DUP-,5.000,FM,OFF,,NO,Approximate,,,+10:00
