Group No,Group Name,Name,Sub Name,Repeater Call Sign,Gateway Call Sign,Frequency,Dup,Offset,Mode,TONE,Repeater Tone,RPT1USE,Position,Latitude,Longitude,UTC Offset
3,AusDV,Sydney,Sydney,VK2RBV B,VK2RBV G,438.7750,DUP-,5.000,DV,OFF,,YES,Approximate,-33.864292,151.211542,+10:00
3,AusDV,Someb1,Gosford ,VK2RAG B,VK2RAG G,438.3250,DUP-,5.400,DV,OFF,,NO,Approximate,-33.360078,151.291215,+10:00
3,AusDV,Someb,Gosford ,VK2RAG C,VK2RAG G,146.6375,DUP-,0.600,DV,OFF,,NO,Approximate,-33.360078,151.291215,+10:00
3,AusDV,Terrey Hills,Sydney (,VK2RWN B,VK2RWN G,438.4000,DUP-,5.400,DV,OFF,,NO,Approximate,-33.692908,151.222351,+10:00
3,AusDV,Terrey Hills,Sydney (,VK2RWN C,VK2RWN G,146.9625,DUP-,0.600,DV,OFF,,NO,Approximate,-33.692908,151.222351,+10:00
3,AusDV,Isaacs Ridge,Canberra,VK1RWN C,VK1RWN G,146.6625,DUP-,0.600,DV,OFF,,NO,Approximate,-35.364585,149.11875,+10:00
3,AusDV,Berwick,Berwick ,VK3RMC C,VK3RMC G,146.7625,DUP-,0.600,DV,OFF,,NO,Approximate,-38.001189,145.328134,+10:00
3,AusDV,Macdon,Melbourn,VK3RMM B,VK3RMM G,438.0500,DUP-,5.400,DV,OFF,,NO,Approximate,-37.383441,144.57678,+10:00
3,AusDV,Macdon,Melbourn,VK3RMM C,VK3RMM G,146.9625,DUP-,0.600,DV,OFF,,NO,Approximate,-37.383441,144.57678,+10:00
3,AusDV,Olinda,Melbourn,VK3RWN B,VK3RWN G,438.3000,DUP-,5.400,DV,OFF,,NO,Approximate,-37.857864,145.364227,+10:00
3,AusDV,Olinda,Melbourn,VK3RWN C,VK3RWN G,146.9125,DUP-,0.600,DV,OFF,,NO,Approximate,-37.857864,145.364227,+10:00
3,AusDV,Bunyng,Ballarat,VK3RBA B,VK3RBA G,439.9875,DUP-,5.000,DV,OFF,,NO,Approximate,-37.65293,143.926465,+10:00
3,AusDV,Bendigo,Bendigo ,VK3RCE B,VK3RCE G,438.9125,DUP+,0.000,DV,OFF,,NO,Approximate,-36.733848,144.303883,+10:00
3,AusDV,Horsham,Wimmera ,VK3RDK C,VK3RDK G,146.6375,DUP-,0.600,DV,OFF,,NO,Approximate,-36.718614,142.20472,+10:00
3,AusDV,Wombat,Sheppart,VK3RGV B,VK3RGV G,438.2000,DUP-,5.400,DV,OFF,,NO,Approximate,-36.849308,145.67307,+10:00
3,AusDV,The Knobby,Ipswich ,VK4RBX C,VK4RBX G,146.7875,DUP-,0.600,DV,OFF,,NO,Approximate,-27.502263,152.591633,+10:00
3,AusDV,Mt Tamborine,Gold Coa,VK4RDK B,VK4RDK G,438.3125,DUP-,5.400,DV,OFF,,NO,Approximate,-27.996729,153.183113,+10:00
3,AusDV,Wongawallan,Gold Coa,VK4RDW B,VK4RDW G,438.3500,DUP-,5.400,DV,OFF,,NO,Approximate,-27.883359,153.259881,+10:00
3,AusDV,Springbrook,Gold Coa,VK4RWN B,VK4RWN G,438.2250,DUP-,5.400,DV,OFF,,NO,Approximate,-28.234862,153.288859,+10:00
3,AusDV,Springbrook,Gold Coa,VK4RWN C,VK4RWN G,146.8375,DUP-,0.600,DV,OFF,,NO,Approximate,-28.234862,153.288859,+10:00
3,AusDV,Carborough Range,Moronbah,VK4RAS B,VK4RAS G,439.9500,DUP-,5.000,DV,OFF,,NO,Approximate,-21.920748,148.312728,+10:00
3,AusDV,Blackdown Tablel,Blackwat,VK4RBD C,VK4RBD G,146.6375,DUP-,0.600,DV,OFF,,NO,Approximate,-23.774068,149.116831,+10:00
3,AusDV,Black Mtn,Mackay,VK4RBY B,VK4RBY G,438.4500,DUP-,5.000,DV,OFF,,NO,Approximate,-21.064039,149.095465,+10:00
3,AusDV,Black Mtn,Mackay,VK4RBY C,VK4RBY G,146.6500,DUP-,0.600,DV,OFF,,NO,Approximate,-21.064039,149.095465,+10:00
3,AusDV,Mt Haren,Cairns (,VK4RCN B,VK4RCN G,438.3250,DUP-,5.400,DV,OFF,,NO,Approximate,-16.836529,145.61219,+10:00
3,AusDV,Wilkes Knob,Maleny (,VK4RDS B,VK4RDS G,438.5500,DUP-,5.200,DV,OFF,,NO,Approximate,-26.778175,152.912493,+10:00
3,AusDV,Wilkes Knob,Maleny (,VK4RDS C,VK4RDS G,146.7375,DUP-,0.600,DV,OFF,,NO,Approximate,-26.778175,152.912493,+10:00
3,AusDV,Sarina,Mackay 1,VK4RSA B,VK4RSA G,438.2750,DUP-,5.400,DV,OFF,,NO,Approximate,-21.497521,149.16955,+10:00
3,AusDV,Sarina,Sarina,VK4RUS B,VK4RUS G,438.4500,DUP-,5.000,DV,OFF,,NO,Approximate,-21.394248,149.237658,+10:00
3,AusDV,Winter Hill,Port Lin,VK5REX B,VK5REX G,438.2250,DUP-,5.400,DV,OFF,,NO,Approximate,-34.701651,135.828165,+09:30
3,AusDV,Winter Hill,Port Lin,VK5REX C,VK5REX G,146.9625,DUP-,0.600,DV,OFF,,NO,Approximate,-34.701651,135.828165,+09:30
3,AusDV,Renmark,Renmark,VK5RMK B,VK5RMK G,438.0750,DUP-,5.400,DV,OFF,,NO,Approximate,-34.158556,140.71543,+09:30
3,AusDV,Brown Hill,Victor H,VK5RVH B,VK5RVH G,438.5250,DUP-,5.000,DV,OFF,,NO,Approximate,-35.505725,138.646365,+09:30
3,AusDV,Banksia Park,Adelaide,VK5RWN B,VK5RWN G,438.4000,DUP-,5.400,DV,OFF,,NO,Approximate,-34.813759,138.748772,+09:30
3,AusDV,Banksia Park,Adelaide,VK5RWN C,VK5RWN G,146.9375,DUP-,0.600,DV,OFF,,NO,Approximate,-34.813759,138.748772,+09:30
3,AusDV,Palmerston,Darwin (,VK8RAD B,VK8RAD G,438.7500,DUP-,5.000,DV,OFF,,NO,Approximate,-12.400018,130.898308,+09:30
3,AusDV,Palmerston,Darwin (,VK8RAD C,VK8RAD G,146.7000,DUP-,0.600,DV,OFF,,NO,Approximate,-12.400018,130.898308,+09:30
3,AusDV,Hoddy Well,Avon Eas,VK6RAV B,VK6RAV G,438.9250,DUP-,5.000,DV,OFF,,NO,Approximate,-31.631042,116.488988,+08:00
3,AusDV,Gosnells,Gosnells,VK6RLX B,VK6RLX G,438.1500,DUP-,5.400,DV,OFF,,NO,Approximate,-32.074446,115.988033,+08:00
3,AusDV,Gosnells,Gosnells,VK6RLX C,VK6RLX G,146.8625,DUP-,1.600,DV,OFF,,NO,Approximate,-32.074446,115.988033,+08:00
3,AusDV,East Fremantle,Fremantl,VK6ROX B,VK6ROX G,438.1250,DUP-,5.400,DV,OFF,,NO,Approximate,-32.045352,115.775254,+08:00
3,AusDV,Roleystone,Perth (G,VK6RWN B,VK6RWN G,438.1750,DUP-,5.400,DV,OFF,,NO,Approximate,-32.100052,116.05155,+08:00
3,AusDV,Roleystone,Perth (G,VK6RWN C,VK6RWN G,146.8375,DUP-,0.600,DV,OFF,,NO,Approximate,-32.100052,116.05155,+08:00
3,AusDV,LenahV,Hobart,VK7RCR C,VK7RCR G,146.9625,DUP-,0.600,DV,OFF,,NO,Approximate,-42.86165,147.277901,+10:00
3,AusDV,Richmond,SE Tasma,VK7RRR B,VK7RRR G,438.1250,DUP-,5.400,DV,OFF,,NO,Approximate,-42.742501,147.421662,+10:00
3,AusDV,portable,Statewid,VK3RSD B,VK3RSD G,438.2750,DUP-,5.400,DV,OFF,,NO,Approximate,,,+10:00
3,AusDV,portable,Statewid,VK3RSD C,VK3RSD G,146.8875,DUP-,0.600,DV,OFF,,NO,Approximate,,,+10:00
3,AusDV,portable,Nation w,VK3RWW B,VK3RWW G,438.1500,DUP-,5.400,DV,OFF,,NO,Approximate,,,+10:00
3,AusDV,portable,Nation w,VK3RWWAB,VK3RWW G,438.3000,DUP-,5.400,DV,OFF,,NO,Approximate,,,+10:00
3,AusDV,DHAP,,VK2HDX B,VK2HDX G,438.9500,DUP+,0.000,DV,OFF,,NO,Approximate,,,+10:00
3,AusDV,DHAP,,VK2PSF B,VK2PSF G,438.9500,DUP+,0.000,DV,OFF,,NO,Approximate,,,+10:00
3,AusDV,dv4dst,,VK2PSF D,VK2PSF G,441.0750,DUP+,0.000,DV,OFF,,NO,Approximate,,,+10:00
