Group No,Group Name,Name,Sub Name,Repeater Call Sign,Gateway Call Sign,Frequency,Dup,Offset,Mode,TONE,Repeater Tone,RPT1USE,Position,Latitude,Longitude,UTC Offset
23,FMAusNW,Spring Hill,Brisbane,VK4RAG 2,,147.1500,DUP+,0.600,FM,OFF,,NO,Approximate,-27.46034,153.023326,+10:00
23,FMAusNW,The Knobby,Ipswich,VK4RAI 2,,146.9000,DUP-,0.600,FM,OFF,,NO,Approximate,-27.502263,152.591633,+10:00
23,FMAusNW,Mt Cotton,Brisbane,VK4RAX 2,,147.0750,DUP+,0.600,FM,OFF,,NO,Approximate,-27.617259,153.215568,+10:00
23,FMAusNW,Mt Glorious,Brisbane,VK4RBN 2,,147.0000,DUP-,0.600,FM,TSQL,91.5Hz,NO,Approximate,-27.315287,152.748013,+10:00
23,FMAusNW,Mt Coot-tha,Brisbane,VK4RBQ 2,,146.9500,DUP-,0.600,FM,TSQL,91.5Hz,NO,Approximate,-27.463175,152.947118,+10:00
23,FMAusNW,Mt Gravatt,Brisbane,VK4RBR 2,,147.9500,DUP-,0.600,FM,OFF,,NO,Approximate,-27.526594,153.091706,+10:00
23,FMAusNW,Alexandra Hills,Redlands,VK4RBS 2,,146.8750,DUP-,0.600,FM,OFF,,NO,Approximate,-27.543964,153.23152,+10:00
23,FMAusNW,Mt Tambourine,Gold Coa,VK4RBT 2,,147.8000,DUP-,0.600,FM,OFF,,NO,Approximate,-27.922579,153.215226,+10:00
23,FMAusNW,Springbrook,Gold Coa,VK4RGC 2,,146.7000,DUP-,0.600,FM,TSQL,123Hz,NO,Approximate,-28.234862,153.288859,+10:00
23,FMAusNW,Mt Crosby,Ipswich,VK4RKP 2,,146.7250,DUP-,0.600,FM,OFF,,NO,Approximate,-27.527452,152.797919,+10:00
23,FMAusNW,Woodridge,Brisbane,VK4RLB 2,,147.6250,DUP-,0.600,FM,OFF,,NO,Approximate,-27.627411,153.100191,+10:00
23,FMAusNW,Spring Mtn,Logan,VK4RLW 2,,146.9750,DUP-,0.600,FM,TSQL,91.5Hz,NO,Approximate,-27.717924,152.879029,+10:00
23,FMAusNW,North Ipswich,Ipswich ,VK4RWM 2,,147.1750,DUP+,0.600,FM,OFF,,NO,Approximate,-27.590312,152.758288,+10:00
23,FMAusNW,Spring Hill,Brisbane,VK4RAG 7,,438.6250,DUP-,5.000,FM,OFF,,NO,Approximate,-27.46034,153.023326,+10:00
23,FMAusNW,The Knobby,Ipswich ,VK4RAI 7,,439.3250,DUP-,5.000,FM,TSQL,91.5Hz,NO,Approximate,-27.502263,152.591633,+10:00
23,FMAusNW,Sunnybank,Brisbane,VK4RBA 7,,439.9500,DUP-,5.000,FM,TSQL,123Hz,NO,Approximate,-27.612529,153.060776,+10:00
23,FMAusNW,Mt Coot-Tha,Brisbane,VK4RBQ 7,,439.3000,DUP-,5.000,FM,OFF,,NO,Approximate,-27.463175,152.947118,+10:00
23,FMAusNW,Mt Gravatt,Brisbane,VK4RBR 7,,438.2750,DUP-,5.000,FM,OFF,,NO,Approximate,-27.526594,153.091706,+10:00
23,FMAusNW,Alexandra Hills,Redlands,VK4RBS 7,,439.7250,DUP-,5.000,FM,TSQL,91.5Hz,NO,Approximate,-27.543964,153.23152,+10:00
23,FMAusNW,The Knobby,Ipswich,VK4RBX 7,,438.4250,DUP-,5.000,FM,TSQL,123Hz,NO,Approximate,-27.502263,152.591633,+10:00
23,FMAusNW,Springbrook,Gold Coa,VK4RGC 7,,438.6000,DUP-,5.000,FM,TSQL,123Hz,NO,Approximate,-28.234862,153.288859,+10:00
23,FMAusNW,Woodridge,Logan,VK4RLB 7,,438.7500,DUP-,5.000,FM,OFF,,NO,Approximate,-27.627411,153.100191,+10:00
23,FMAusNW,Spring Mtn,Logan,VK4RLW 7,,438.5000,DUP-,5.000,FM,TSQL,91.5Hz,NO,Approximate,-27.717924,152.879029,+10:00
23,FMAusNW,Spring Mtn,Springfi,VK4RSM 7,,439.3000,DUP-,5.000,FM,TSQL,91.5Hz,NO,Approximate,-27.717924,152.879029,+10:00
23,FMAusNW,North Ipswich,Ipswich,VK4RWM 7,,438.3750,DUP-,5.000,FM,TSQL,91.5Hz,NO,Approximate,-27.590312,152.758288,+10:00
23,FMAusNW,North Ipswich,Ipswich,VK4RWMA7,,439.9250,DUP-,5.000,FM,TSQL,91.5Hz,NO,Approximate,-27.590312,152.758288,+10:00
23,FMAusNW,Springbrook,Gold Coa,VK4RZA 7,,438.1000,DUP-,5.000,FM,TSQL,91.5Hz,NO,Approximate,-28.232629,153.290351,+10:00
23,FMAusNW,Mt Coot-tha,Brisbane,VK4RZB 7,,438.2000,DUP-,5.000,FM,TSQL,91.5Hz,NO,Approximate,-27.479744,152.954043,+10:00
23,FMAusNW,Mt Archer,Rockhamp,VK4RAR 2,,146.7000,DUP-,0.600,FM,TSQL,91.5Hz,NO,Approximate,-23.338948,150.578041,+10:00
23,FMAusNW,Carborough Range,Moranbah,VK4RAS 2,,146.8750,DUP-,0.600,FM,OFF,,NO,Approximate,-21.920748,148.312728,+10:00
23,FMAusNW,Mt Stuart,Townsvil,VK4RAT 2,,146.7000,DUP-,0.600,FM,OFF,,NO,Approximate,-19.343838,146.780685,+10:00
23,FMAusNW,Blackdown Tablel,Blackwat,VK4RBD 2,,146.9500,DUP-,0.600,FM,TSQL,91.5Hz,NO,Approximate,-23.774068,149.116831,+10:00
23,FMAusNW,The Hummock,Bundaber,VK4RBG 2,,147.8000,DUP-,0.600,FM,OFF,,NO,Approximate,-24.842477,152.426293,+10:00
23,FMAusNW,Blue Mtn,Mackay,VK4RBM 2,,146.7750,DUP-,0.600,FM,TSQL,91.5Hz,NO,Approximate,-21.600646,148.967883,+10:00
23,FMAusNW,Butchers Creek,Atherton,VK4RBP 2,,147.1000,DUP+,0.600,FM,OFF,,NO,Approximate,-17.31681,145.699415,+10:00
23,FMAusNW,MtGoon,Bundaber,VK4RBU 2,,146.8000,DUP-,0.600,FM,OFF,,NO,Approximate,-25.433093,152.122131,+10:00
23,FMAusNW,Mt Haren,Cairns,VK4RCA 2,,146.9500,DUP-,0.600,FM,OFF,,NO,Approximate,-16.836529,145.61219,+10:00
23,FMAusNW,Caboolture,Cabooltu,VK4RCC 2,,146.6250,DUP-,0.600,FM,OFF,,NO,Approximate,-27.145551,152.820209,+10:00
23,FMAusNW,GymSth,Sunshine,VK4RCM 2,,146.7250,DUP-,0.600,FM,TSQL,91.5Hz,NO,Approximate,-26.252528,152.805384,+10:00
23,FMAusNW,Banana Range,Monto,VK4RCQ 2,,147.0000,DUP-,0.600,FM,OFF,,NO,Approximate,-24.450308,150.314482,+10:00
23,FMAusNW,Braeside,Stanthor,VK4RCR 2,,146.8250,DUP-,0.600,FM,OFF,,NO,Approximate,-28.390881,151.925221,+10:00
23,FMAusNW,O'Rourke's House,Toowoomb,VK4RDD 2,,146.7500,DUP-,0.600,FM,OFF,,NO,Approximate,-27.691258,151.991884,+10:00
23,FMAusNW,Dalby,Dalby,VK4RED 2,,147.2500,DUP+,0.600,FM,OFF,,NO,Approximate,-27.210245,151.251976,+10:00
23,FMAusNW,Mt Mowbullan,Bunya Mt,VK4REG 2,,146.9500,DUP-,0.600,FM,TSQL,91.5Hz,NO,Approximate,-26.888563,151.600764,+10:00
23,FMAusNW,Middlemount,Middlemo,VK4REP 2,,147.0750,DUP+,0.600,FM,OFF,,NO,Approximate,-22.809551,148.674596,+10:00
23,FMAusNW,Mt Kiangarow,S Burnet,VK4RET 2,,146.6750,DUP-,0.600,FM,TSQL,91.5Hz,NO,Approximate,-26.830664,151.548911,+10:00
23,FMAusNW,Kroombit Tops,Central ,VK4RGA 2,,146.9000,DUP-,0.600,FM,TSQL,91.5Hz,NO,Approximate,-24.356626,150.939698,+10:00
23,FMAusNW,Kroombit Tops,Central ,VK4RGAA2,,147.3750,DUP+,0.600,FM,TSQL,91.5Hz,NO,Approximate,-24.356626,150.939698,+10:00
23,FMAusNW,Maurice Hill,Gladston,VK4RGT 2,,146.6250,DUP-,0.600,FM,TSQL,91.5Hz,NO,Approximate,-23.935977,151.242554,+10:00
23,FMAusNW,Gympie,Gympie &,VK4RGY 2,,146.7750,DUP-,0.600,FM,OFF,,NO,Approximate,-26.187777,152.671423,+10:00
23,FMAusNW,Ghost Hill,Hervey B,VK4RHB 2,,146.6500,DUP-,0.600,FM,OFF,,NO,Approximate,-25.310613,152.837444,+10:00
23,FMAusNW,Hodgson Range,W Centra,VK4RHR 2,,146.9250,DUP-,0.600,FM,OFF,,NO,Approximate,-22.692692,148.033559,+10:00
23,FMAusNW,Hann Tableland,Atherton,VK4RHT 2,,146.6750,DUP-,0.600,FM,OFF,,NO,Approximate,-16.914573,145.253459,+10:00
23,FMAusNW,Oceanview,Brisbane,VK4RKC 2,,145.6250,DUP+,0.000,FM,OFF,,NO,Approximate,-27.145551,152.820209,+10:00
23,FMAusNW,Oceanview,Brisbane,VK4RKCA2,,147.9000,DUP-,0.600,FM,OFF,,NO,Approximate,-27.145551,152.820209,+10:00
23,FMAusNW,Four Mile Hill,Mount Is,VK4RMI 2,,146.7000,DUP-,0.600,FM,OFF,,NO,Approximate,-20.712737,139.558311,+10:00
23,FMAusNW,Mt Blackwood,Mackay,VK4RMK 2,,147.0000,DUP-,0.600,FM,OFF,,NO,Approximate,-21.031638,148.943342,+10:00
23,FMAusNW,Stanthorpe,Stanthor,VK4RMM 2,,147.1250,DUP+,0.600,FM,OFF,,NO,Approximate,-28.653581,151.946914,+10:00
23,FMAusNW,Midge Point,Proserpi,VK4RMP 2,,146.8000,DUP-,0.600,FM,OFF,,NO,Approximate,-20.647622,148.676631,+10:00
23,FMAusNW,Doonan,N. Sunsh,VK4RNL 2,,147.2750,DUP+,0.600,FM,OFF,,NO,Approximate,-26.462132,152.992487,+10:00
23,FMAusNW,Grafton Range,Roma,VK4ROM 2,,146.6500,DUP-,0.600,FM,OFF,,NO,Approximate,-26.5754,148.842178,+10:00
23,FMAusNW,Mt Perry,Monto,VK4RPU 2,,146.7500,DUP-,0.600,FM,OFF,,NO,Approximate,-25.191485,151.688007,+10:00
23,FMAusNW,Wamuran,Redcliff,VK4RRC 2,,146.9250,DUP-,0.600,FM,OFF,,NO,Approximate,-27.036716,152.823105,+10:00
23,FMAusNW,Mt Seaview,N Centra,VK4RRR 2,,146.9750,DUP-,0.600,FM,OFF,,NO,Approximate,-21.440951,148.710799,+10:00
23,FMAusNW,Sarina,Mackay,VK4RSA 2,,146.6750,DUP-,0.600,FM,OFF,,NO,Approximate,-21.497521,149.16955,+10:00
23,FMAusNW,Wilkes Knob,Sunshine,VK4RSC 2,,146.8500,DUP-,0.600,FM,TSQL,91.5Hz,NO,Approximate,-26.778175,152.912493,+10:00
23,FMAusNW,Noosa Heads,Sunshine,VK4RSL 2,,146.8250,DUP-,0.600,FM,TSQL,91.5Hz,NO,Approximate,-26.389268,153.097528,+10:00
23,FMAusNW,Roddas Lookout,Springsu,VK4RSP 2,,146.8250,DUP-,0.600,FM,OFF,,NO,Approximate,-24.142374,148.154222,+10:00
23,FMAusNW,Mt Archer,Rockhamp,VK4RAR 7,,438.2250,DUP-,5.000,FM,TSQL,91.5Hz,NO,Approximate,-23.338948,150.578041,+10:00
23,FMAusNW,Mt Stuart,Townsvil,VK4RAT 7,,438.2250,DUP-,5.000,FM,TSQL,91.5Hz,NO,Approximate,-19.343838,146.780685,+10:00
23,FMAusNW,Tolga,Atherton,VK4RBK 7,,439.9000,DUP-,5.000,FM,OFF,,NO,Approximate,-17.222963,145.447263,+10:00
23,FMAusNW,Blue Mtn,Mackay 6,VK4RBM 7,,439.3000,DUP-,5.000,FM,OFF,,NO,Approximate,-21.600646,148.967883,+10:00
23,FMAusNW,Butchers Creek,Atherton,VK4RBP 7,,439.7750,DUP-,5.000,FM,OFF,,NO,Approximate,-17.31681,145.699415,+10:00
23,FMAusNW,Butchers Creek,Atherton,VK4RBPA7,,439.9250,DUP-,5.000,FM,OFF,,NO,Approximate,-17.31681,145.699415,+10:00
23,FMAusNW,MtGoon,Bundaber,VK4RBU 7,,438.7750,DUP-,5.000,FM,OFF,,NO,Approximate,-25.433093,152.122131,+10:00
23,FMAusNW,BundaN,N Bundab,VK4RBW 7,,439.7750,DUP-,5.000,FM,OFF,,NO,Approximate,-24.701339,151.962052,+10:00
23,FMAusNW,Cairns,Cairns,VK4RCA 7,,439.8500,DUP-,5.000,FM,OFF,,NO,Approximate,-16.836529,145.61219,+10:00
23,FMAusNW,Banana Range,Monto,VK4RCQ 7,,439.8750,DUP-,5.000,FM,OFF,,NO,Approximate,-24.450308,150.314482,+10:00
23,FMAusNW,O'Rourke's House,Toowoomb,VK4RDD 7,,439.2750,DUP-,5.000,FM,OFF,,NO,Approximate,-27.691258,151.991884,+10:00
23,FMAusNW,Mt Mowbullan,Bunya Mt,VK4REG 7,,438.6500,DUP-,5.000,FM,TSQL,91.5Hz,NO,Approximate,-26.888563,151.600764,+10:00
23,FMAusNW,Mt Kiangarow,S Burnet,VK4RET 7,,438.7000,DUP-,5.000,FM,TSQL,91.5Hz,NO,Approximate,-26.830664,151.548911,+10:00
23,FMAusNW,Lady Larcom,Gladston,VK4RGL 7,,439.8000,DUP-,5.000,FM,TSQL,91.5Hz,NO,Approximate,-23.804344,151.125244,+10:00
23,FMAusNW,Maurice Hill,Gladston,VK4RGT 7,,438.0500,DUP-,5.000,FM,OFF,,NO,Approximate,-23.935977,151.242554,+10:00
23,FMAusNW,Gympie,Gympie,VK4RGY 7,,439.9500,DUP-,5.000,FM,OFF,,NO,Approximate,-26.187777,152.671423,+10:00
23,FMAusNW,Hodgson Range,Clermont,VK4RHR 7,,438.5000,DUP-,5.000,FM,OFF,,NO,Approximate,-22.692692,148.033559,+10:00
23,FMAusNW,Doonan,N. Sunsh,VK4RNL 7,,439.3750,DUP-,5.000,FM,OFF,,NO,Approximate,-26.462132,152.992487,+10:00
23,FMAusNW,Mt Perry,Monto,VK4RPU 7,,438.7500,DUP-,5.000,FM,OFF,,NO,Approximate,-25.191485,151.688007,+10:00
23,FMAusNW,Wamuran,Redcliff,VK4RRC 7,,438.3250,DUP-,5.000,FM,TSQL,91.5Hz,NO,Approximate,-27.036716,152.823105,+10:00
23,FMAusNW,Sarina,Mackay,VK4RSA 7,,439.6250,DUP-,5.000,FM,OFF,,NO,Approximate,-21.497521,149.16955,+10:00
23,FMAusNW,Wilkes Knob,Sunshine,VK4RSC 7,,438.0750,DUP-,5.000,FM,TSQL,91.5Hz,NO,Approximate,-26.778175,152.912493,+10:00
23,FMAusNW,Noosa Heads,Sunshine,VK4RSL 7,,438.1750,DUP-,5.000,FM,TSQL,91.5Hz,NO,Approximate,-26.389268,153.097528,+10:00
23,FMAusNW,Ocean View,Brisbane,VK4RSS 7,,438.5750,DUP-,5.000,FM,TSQL,91.5Hz,NO,Approximate,-27.133695,152.829395,+10:00
23,FMAusNW,Mt Kynoch,Toowoomb,VK4RTQ 7,,438.0250,DUP-,5.000,FM,TSQL,91.5Hz,NO,Approximate,-27.506166,151.955865,+10:00
23,FMAusNW,Nebo,Mackay,VK4RWS 7,,438.6750,DUP-,5.000,FM,TSQL,91.5Hz,NO,Approximate,-21.600646,148.967883,+10:00
23,FMAusNW,Maleny,Maleny 2,VK4RXZ 7,,439.9000,DUP-,5.000,FM,OFF,,NO,Approximate,-26.797246,152.799795,+10:00
23,FMAusNW,Wilkes Knob,Maleny,VK4RZC 7,,438.1250,DUP-,5.000,FM,TSQL,91.5Hz,NO,Approximate,-26.778944,152.91545,+10:00
23,FMAusNW,Mt Perseverance,Ipswich ,VK4RZD 7,,438.0500,DUP-,5.000,FM,TSQL,91.5Hz,NO,Approximate,-27.413366,152.161336,+10:00
23,FMAusNW,Pillaworta Hill,Lower Ey,VK5RAC 2,,146.7500,DUP-,0.600,FM,OFF,,NO,Approximate,-34.392624,135.954064,+09:30
23,FMAusNW,Crafers,Adelaide,VK5RAD 2,,147.0000,DUP-,0.600,FM,OFF,,NO,Approximate,-34.998452,138.698773,+09:30
23,FMAusNW,Mt Arden,Port Aug,VK5RAE 2,,146.9750,DUP-,0.600,FM,OFF,,NO,Approximate,-32.151913,137.978806,+09:30
23,FMAusNW,Lobethal,Adelaide,VK5RAH 2,,146.7750,DUP-,0.600,FM,OFF,,NO,Approximate,-34.882778,138.87125,+09:30
23,FMAusNW,Mt Barker,Mt Barke,VK5RBK 2,,146.7250,DUP-,0.600,FM,OFF,,NO,Approximate,-35.070985,138.921859,+09:30
23,FMAusNW,portable,Statewid,VK5RBP 2,,147.2000,DUP+,0.600,FM,OFF,,NO,Approximate,,,+09:30
23,FMAusNW,Willalooka,Borderto,VK5RBT 2,,147.3500,DUP+,0.600,FM,OFF,,NO,Approximate,-36.416027,140.459673,+09:30
23,FMAusNW,Mt Kitchener,Barossa ,VK5RBV 2,,146.8250,DUP-,0.600,FM,OFF,,NO,Approximate,-34.571977,139.005935,+09:30
23,FMAusNW,Coolanie,Eyre Pen,VK5REP 2,,146.8000,DUP-,0.600,FM,OFF,,NO,Approximate,-33.605438,136.779823,+09:30
23,FMAusNW,Anstey Hill,Adelaide,VK5RHO 2,,146.8500,DUP-,0.600,FM,OFF,,NO,Approximate,-34.841909,138.74945,+09:30
23,FMAusNW,Kingst,Kingston,VK5RKN 2,,147.3750,DUP+,0.600,FM,OFF,,NO,Approximate,-37.03279,139.811486,+09:30
23,FMAusNW,Moorook,Riverlan,VK5RLD 2,,147.3250,DUP+,0.600,FM,OFF,,NO,Approximate,-34.25,140.333324,+09:30
23,FMAusNW,Bumbunga Hill,Central ,VK5RLH 2,,146.9250,DUP-,0.600,FM,OFF,,NO,Approximate,-33.903603,138.130403,+09:30
23,FMAusNW,Elizabeth,Adelaide,VK5RLZ 2,,146.6250,DUP-,0.600,FM,OFF,,NO,Approximate,-34.742448,138.649074,+09:30
23,FMAusNW,Mt Beevor,Murray B,VK5RMB 2,,146.8750,DUP-,0.600,FM,OFF,,NO,Approximate,-34.929104,139.034726,+09:30
23,FMAusNW,MtgVHF,Mount Ga,VK5RMG 2,,146.9000,DUP-,0.600,FM,OFF,,NO,Approximate,-37.725771,140.570599,+09:30
23,FMAusNW,The Bluff,Port Pir,VK5RMN 2,,146.7000,DUP-,0.600,FM,OFF,,NO,Approximate,-33.086404,138.162772,+09:30
23,FMAusNW,Ncte,Naracoor,VK5RNC 2,,146.6500,DUP-,0.600,FM,OFF,,NO,Approximate,-36.979041,140.77045,+09:30
23,FMAusNW,Mt Terrible,Adelaide,VK5RSC 2,,29.6200,DUP+,118.055,FM,TSQL,141.3Hz,NO,Approximate,-35.331101,138.501776,+09:30
23,FMAusNW,MtGrah,Millicen,VK5RSE 2,,146.8000,DUP-,0.600,FM,OFF,,NO,Approximate,-37.524673,140.446816,+09:30
23,FMAusNW,Willunga Hill,Adelaide,VK5RSV 2,,146.6750,DUP-,0.600,FM,OFF,,NO,Approximate,-35.27319,138.598021,+09:30
23,FMAusNW,portable,Statewid,VK5RWI 2,,147.3000,DUP+,0.600,FM,OFF,,NO,Approximate,,,+09:30
23,FMAusNW,ASpr2,Alice Sp,VK8RCA 2,,146.9500,DUP-,0.600,FM,TSQL,91.5Hz,NO,Approximate,-23.722205,133.856578,+09:30
23,FMAusNW,Darwin,Darwin,VK8RDA 2,,146.9000,DUP-,0.600,FM,TSQL,123Hz,NO,Approximate,-12.480794,130.984368,+09:30
23,FMAusNW,Moil,Darwin N,VK8RPD 2,,146.9500,DUP-,0.600,FM,OFF,,NO,Approximate,-12.386367,130.884844,+09:30
23,FMAusNW,Larrakeyah,Darwin c,VK8RTE 2,,147.0000,DUP-,0.600,FM,TSQL,123Hz,NO,Approximate,-12.455984,130.833233,+09:30
23,FMAusNW,Marrara,Darwin W,VK8RWI 2,,146.8000,DUP-,0.600,FM,TSQL,123Hz,NO,Approximate,-12.417121,130.921353,+09:30
23,FMAusNW,Pillaworta Hill,Lower Ey,VK5RAC 7,,439.8500,DUP-,5.000,FM,OFF,,NO,Approximate,-34.392624,135.954064,+09:30
23,FMAusNW,Crafers,Adelaide,VK5RAD 7,,439.9250,DUP-,5.000,FM,OFF,,NO,Approximate,-34.998452,138.698773,+09:30
23,FMAusNW,portable,Statewid,VK5RBP 7,,438.2000,DUP-,5.000,FM,OFF,,NO,Approximate,,,+09:30
23,FMAusNW,Mt Kitchener,Barossa ,VK5RBV 7,,439.8000,DUP-,5.000,FM,OFF,,NO,Approximate,-34.571977,139.005935,+09:30
23,FMAusNW,Moonta,Moonta,VK5RCT 7,,438.3250,DUP-,5.000,FM,TSQL,91.5Hz,NO,Approximate,-34.047307,137.65363,+09:30
23,FMAusNW,Anstey Hill,Adelaide,VK5RHO 7,,439.8750,DUP-,5.000,FM,OFF,,NO,Approximate,-34.841909,138.74945,+09:30
23,FMAusNW,Elizabeth,Adelaide,VK5RLZ 7,,439.9750,DUP-,5.000,FM,TSQL,91.5Hz,NO,Approximate,-34.742448,138.649074,+09:30
23,FMAusNW,Lower Light,Adelaide,VK5ROC 7,,439.9500,DUP-,5.000,FM,OFF,,NO,Approximate,-34.546656,138.375003,+09:30
23,FMAusNW,MtgUHF,Mt Gambi,VK5ROH 7,,439.8250,DUP-,5.000,FM,OFF,,NO,Approximate,-37.833149,140.776349,+09:30
23,FMAusNW,AdlCBD,Adelaide,VK5RSA 7,,438.0250,DUP-,5.000,FM,OFF,,NO,Approximate,-34.927823,138.603384,+09:30
23,FMAusNW,Sumtwn,Adelaide,VK5RSB 7,,439.9000,DUP-,5.000,FM,TSQL,91.5Hz,NO,Approximate,-34.949232,138.716978,+09:30
23,FMAusNW,Mt Terrible,Adelaide,VK5RSC 7,,439.8250,DUP-,5.000,FM,OFF,,NO,Approximate,-35.331101,138.501776,+09:30
23,FMAusNW,Darwin,Darwin 6,VK8RDA 7,,438.2750,DUP-,5.000,FM,TSQL,91.5Hz,NO,Approximate,-12.480794,130.984368,+09:30
23,FMAusNW,ASpr70,Alice Sp,VK8RIT 7,,438.5250,DUP-,5.000,FM,TSQL,91.5Hz,NO,Approximate,-23.722205,133.856578,+09:30
23,FMAusNW,Marrara,Darwin 6,VK8RWI 7,,439.9750,DUP-,5.000,FM,TSQL,91.5Hz,NO,Approximate,-12.417121,130.921353,+09:30
23,FMAusNW,MtBark,South Co,VK6RAA 2,,146.8250,DUP-,0.600,FM,OFF,,NO,Approximate,-34.655747,117.647055,+08:00
23,FMAusNW,Kal,Kalgoorl,VK6RAK 2,,147.0000,DUP-,0.600,FM,OFF,,NO,Approximate,-30.81675,121.460216,+08:00
23,FMAusNW,Albany,Albany 6,VK6RAL 2,,146.7250,DUP-,0.600,FM,OFF,,NO,Approximate,-35.024783,117.894701,+08:00
23,FMAusNW,PerSE1,Perth So,VK6RAP 2,,146.7000,DUP-,0.600,FM,OFF,,NO,Approximate,-32.100052,116.05155,+08:00
23,FMAusNW,Hoddy Well,Avon Eas,VK6RAV 2,,147.2750,DUP+,0.600,FM,OFF,,NO,Approximate,-31.631042,116.488988,+08:00
23,FMAusNW,Katnng,Katannin,VK6RAW 2,,147.0000,DUP-,0.600,FM,OFF,,NO,Approximate,-33.793985,117.521598,+08:00
23,FMAusNW,Busltn,Busselto,VK6RBN 2,,147.3500,DUP+,0.600,FM,OFF,,NO,Approximate,-33.81447,115.370163,+08:00
23,FMAusNW,Bunbry,Bunbury,VK6RBY 2,,146.6500,DUP-,0.600,FM,OFF,,NO,Approximate,-33.10002,115.926023,+08:00
23,FMAusNW,Cataby,Cataby,VK6RCT 2,,147.2000,DUP+,0.600,FM,OFF,,NO,Approximate,-30.758363,115.598169,+08:00
23,FMAusNW,Avon C,Avon Cen,VK6REC 2,,147.1750,DUP+,0.600,FM,OFF,,NO,Approximate,-31.792869,116.362398,+08:00
23,FMAusNW,Exmoth,North We,VK6REX 2,,146.8500,DUP-,0.600,FM,OFF,,NO,Approximate,-21.782254,114.150467,+08:00
23,FMAusNW,Bicton,Bicton,VK6RFM 2,,146.9500,DUP-,0.600,FM,OFF,,NO,Approximate,-32.026706,115.787606,+08:00
23,FMAusNW,Grldtn,Geraldto,VK6RGN 2,,147.0000,DUP-,0.600,FM,OFF,,NO,Approximate,-28.682937,114.677445,+08:00
23,FMAusNW,portable,Statewid,VK6RIC 2,,146.8750,DUP-,0.600,FM,OFF,,NO,Approximate,,,+08:00
23,FMAusNW,Keller,Kellerbe,VK6RKN 2,,147.3250,DUP+,0.600,FM,OFF,,NO,Approximate,-31.62278,117.709847,+08:00
23,FMAusNW,PerSE2,Perth So,VK6RLM 2,,146.7500,DUP-,0.600,FM,OFF,,NO,Approximate,-32.101613,116.049202,+08:00
23,FMAusNW,Manji,Manjimup,VK6RMJ 2,,147.1500,DUP+,0.600,FM,OFF,,NO,Approximate,-34.220367,115.985338,+08:00
23,FMAusNW,MtSdbk,Boddingt,VK6RMS 2,,147.2500,DUP+,0.600,FM,OFF,,NO,Approximate,-32.964855,116.450861,+08:00
23,FMAusNW,MtWilm,Mandurah,VK6RMW 2,,146.9000,DUP-,0.600,FM,OFF,,NO,Approximate,-32.937985,116.023875,+08:00
23,FMAusNW,PerNth,Perth No,VK6RNC 2,,146.6250,DUP-,0.600,FM,OFF,,NO,Approximate,-31.756462,115.813567,+08:00
23,FMAusNW,NthHmp,Northamp,VK6RNR 2,,146.6750,DUP-,0.600,FM,OFF,,NO,Approximate,-28.236605,114.65076,+08:00
23,FMAusNW,Geldtn,Geraldto,VK6ROO 2,,146.7750,DUP-,0.600,FM,OFF,,NO,Approximate,-28.776359,114.601483,+08:00
23,FMAusNW,Rotto,Perth Co,VK6ROT 2,,147.0750,DUP+,0.600,FM,OFF,,NO,Approximate,-32.000023,115.524824,+08:00
23,FMAusNW,portable,Statewid,VK6RPT 2,,147.0250,DUP+,0.600,FM,OFF,,NO,Approximate,,,+08:00
23,FMAusNW,portable,Statewid,VK6RPTA2,,147.6250,DUP-,0.600,FM,OFF,,NO,Approximate,,,+08:00
23,FMAusNW,portable,Statewid,VK6RSH 2,,146.9750,DUP-,0.600,FM,OFF,,NO,Approximate,,,+08:00
23,FMAusNW,PerNE,Perth No,VK6RTH 2,,146.8000,DUP-,0.600,FM,OFF,,NO,Approximate,-31.825768,116.063938,+08:00
23,FMAusNW,TomPrc,Tom Pric,VK6RTP 2,,146.6250,DUP-,0.600,FM,OFF,,NO,Approximate,-22.719237,117.761163,+08:00
23,FMAusNW,WickHm,North We,VK6RWR 2,,146.7000,DUP-,0.600,FM,OFF,,NO,Approximate,-20.673718,117.130926,+08:00
23,FMAusNW,MtBark,South Co,VK6RAA 7,,439.9500,DUP-,5.000,FM,OFF,,NO,Approximate,-34.655747,117.647055,+08:00
23,FMAusNW,Albany,Albany,VK6RAL 7,,439.9500,DUP-,5.000,FM,OFF,,NO,Approximate,-35.024783,117.894701,+08:00
23,FMAusNW,PerSE1,Perth So,VK6RAP 7,,439.8000,DUP-,5.000,FM,TSQL,123Hz,NO,Approximate,-32.100052,116.05155,+08:00
23,FMAusNW,portable,Statewid,VK6RAR 7,,439.9500,DUP-,5.000,FM,OFF,,NO,Approximate,,,+08:00
23,FMAusNW,Hoddy Well,Avon Eas,VK6RAV 7,,438.5250,DUP-,5.000,FM,OFF,,NO,Approximate,-31.631042,116.488988,+08:00
23,FMAusNW,Busltn,Busselto,VK6RBN 7,,438.6750,DUP-,5.000,FM,OFF,,NO,Approximate,-33.81447,115.370163,+08:00
23,FMAusNW,Bunbry,Bunbury,VK6RBY 7,,438.6500,DUP-,5.000,FM,OFF,,NO,Approximate,-33.10002,115.926023,+08:00
23,FMAusNW,Cataby,Cataby,VK6RCT 7,,438.5250,DUP-,5.000,FM,OFF,,NO,Approximate,-30.758363,115.598169,+08:00
23,FMAusNW,Kalgoorlie,Kalgoorl,VK6RGF 7,,438.1250,DUP-,5.000,FM,OFF,,NO,Approximate,-30.765833,121.472781,+08:00
23,FMAusNW,PerSE2,Perth So,VK6RLM 7,,438.5250,DUP-,5.000,FM,OFF,,NO,Approximate,-32.101613,116.049202,+08:00
23,FMAusNW,Boddington,Boddingt,VK6RMS 7,,438.5250,DUP-,5.000,FM,OFF,,NO,Approximate,-32.964855,116.450861,+08:00
23,FMAusNW,Wanneroo,Perth,VK6RNA 7,,438.7250,DUP-,5.000,FM,TSQL,123Hz,NO,Approximate,-31.755398,115.819357,+08:00
23,FMAusNW,Whiteman Park,Perth N ,VK6RNS 7,,439.9250,DUP-,5.000,FM,OFF,,NO,Approximate,-31.733349,115.932941,+08:00
23,FMAusNW,Rotto,Perth Co,VK6ROT 7,,439.7000,DUP-,5.000,FM,OFF,,NO,Approximate,-32.000023,115.524824,+08:00
23,FMAusNW,portable,Statewid,VK6RPT 7,,438.0250,DUP-,5.000,FM,OFF,,NO,Approximate,,,+08:00
23,FMAusNW,PerNE,Perth No,VK6RTH 7,,438.2250,DUP-,5.000,FM,OFF,,NO,Approximate,-31.825768,116.063938,+08:00
23,FMAusNW,portable,Statewid,VK4RWI 2,,147.1500,DUP+,0.600,FM,OFF,,NO,Approximate,,,+10:00
23,FMAusNW,portable,Statewid,VK4RWI 7,,438.6250,DUP-,5.000,FM,OFF,,NO,Approximate,,,+10:00
