Group No,Group Name,Name,Sub Name,Repeater Call Sign,Gateway Call Sign,Frequency,Dup,Offset,Mode,TONE,Repeater Tone,RPT1USE,Position,Latitude,Longitude,UTC Offset
22,FMAusSE,Paddo,Sydney,VK2ROT 2,,147.0250,DUP+,0.600,FM,TSQL,91.5Hz,YES,Approximate,-33.886561,151.229112,+10:00
22,FMAusSE,Paddo,Sydney F,VK2ROT 7,,438.5750,DUP-,5.000,FM,TSQL,91.5Hz,YES,Approximate,-33.886561,151.229112,+10:00
22,FMAusSE,Sydney CBD,Sydney C,VK2ROZ 7,,438.1125,DUP-,5.400,FM,TSQL,91.5Hz,YES,Approximate,-33.866126,151.162775,+10:00
22,FMAusSE,Sydney,Sydney c,VK2RCG 7,,439.8000,DUP-,5.000,FM,TSQL,91.5Hz,YES,Approximate,-33.864292,151.211542,+10:00
22,FMAusSE,Carlingford,Sydney F,VK2RCF 7,,438.4500,DUP-,5.000,FM,TSQL,91.5Hz,YES,Approximate,-33.775653,151.052787,+10:00
22,FMAusSE,Dural,Sydney,VK2RWI 2,,147.0000,DUP-,0.600,FM,OFF,,YES,Approximate,-33.698742,151.055463,+10:00
22,FMAusSE,Dural,Sydney,VK2RWI 7,,438.5250,DUP-,5.000,FM,OFF,,YES,Approximate,-33.698742,151.055463,+10:00
22,FMAusSE,Dural1,Sydney 6,VK2RWIA7,,438.6000,DUP-,5.000,FM,OFF,,YES,Approximate,-33.698742,151.055463,+10:00
22,FMAusSE,Dural2,Sydney 6,VK2RWIB7,,439.9000,DUP-,5.000,FM,OFF,,YES,Approximate,-33.698742,151.055463,+10:00
22,FMAusSE,Maddns,Wollongo,VK2RMP 2,,146.8500,DUP-,0.600,FM,OFF,,YES,Approximate,-34.263384,150.954594,+10:00
22,FMAusSE,Maddns,Wollongo,VK2RMP 7,,438.7250,DUP-,5.000,FM,TSQL,123Hz,YES,Approximate,-34.263384,150.954594,+10:00
22,FMAusSE,Lawsn1,Blue Mtn,VK2RBM 2,,147.0500,DUP+,0.600,FM,TSQL,123Hz,YES,Approximate,-33.719433,150.431585,+10:00
22,FMAusSE,Lawsn1,Blue Mtn,VK2RBM 7,,438.3750,DUP-,5.000,FM,TSQL,123Hz,YES,Approximate,-33.719433,150.431585,+10:00
22,FMAusSE,Someb,Gosford,VK2RAG 2,,146.7250,DUP-,0.600,FM,TSQL,91.5Hz,NO,Approximate,-33.360078,151.291215,+10:00
22,FMAusSE,Someb1,Gosford ,VK2RAGA2,,147.1250,DUP+,0.600,FM,TSQL,91.5Hz,NO,Approximate,-33.360078,151.291215,+10:00
22,FMAusSE,Lalor,Sydney W,VK2RCZ 2,,147.0750,DUP+,0.600,FM,TSQL,123Hz,NO,Approximate,-33.747338,150.833553,+10:00
22,FMAusSE,NRyde,Sydney N,VK2RGR 2,,146.9250,DUP-,0.600,FM,OFF,,NO,Approximate,-33.798308,151.126907,+10:00
22,FMAusSE,HCote,Sydney,VK2RLE 2,,146.8000,DUP-,0.600,FM,OFF,,NO,Approximate,-34.040329,151.036165,+10:00
22,FMAusSE,THills,Sydney,VK2RMB 2,,146.8750,DUP-,0.600,FM,OFF,,NO,Approximate,-33.692994,151.222079,+10:00
22,FMAusSE,Asqith,Sydney,VK2RNS 2,,147.2500,DUP+,0.600,FM,OFF,,NO,Approximate,-33.689879,151.100677,+10:00
22,FMAusSE,Razor,SW Sydne,VK2RRR 2,,147.2750,DUP+,0.600,FM,OFF,,NO,Approximate,-34.138944,150.664926,+10:00
22,FMAusSE,Lewshm,Sydney S,VK2RST 2,,147.2250,DUP+,0.600,FM,OFF,,NO,Approximate,-33.894531,151.145352,+10:00
22,FMAusSE,Chats1,Sydney W,VK2RWC 2,,147.1500,DUP+,0.600,FM,TSQL,91.5Hz,NO,Approximate,-33.798005,151.178974,+10:00
22,FMAusSE,portable,Statewid,VK2RWS 2,,147.1750,DUP+,0.600,FM,OFF,,NO,Approximate,-33.620876,151.146926,+10:00
22,FMAusSE,Someb,Gosford ,VK2RAG 7,,438.0750,DUP-,5.000,FM,TSQL,91.5Hz,NO,Approximate,-33.360078,151.291215,+10:00
22,FMAusSE,Someb1,Gosford ,VK2RAGA7,,439.5250,DUP-,5.000,FM,TSQL,91.5Hz,NO,Approximate,-33.360078,151.291215,+10:00
22,FMAusSE,Someb2,Gosford ,VK2RAGB7,,439.7250,DUP-,5.000,FM,TSQL,91.5Hz,NO,Approximate,-33.360078,151.291215,+10:00
22,FMAusSE,Someb3,Central ,VK2RAGC7,,439.9500,DUP-,5.000,FM,TSQL,91.5Hz,NO,Approximate,-33.360078,151.291215,+10:00
22,FMAusSE,Campbelltown,Campbell,VK2RCT 7,,438.6500,DUP-,5.000,FM,TSQL,91.5Hz,NO,Approximate,-34.04252,150.784785,+10:00
22,FMAusSE,Lalor,West Syd,VK2RCZ 7,,439.4250,DUP-,5.000,FM,OFF,,NO,Approximate,-33.747338,150.833553,+10:00
22,FMAusSE,Woy Woy,Woy Woy,VK2RDC 7,,438.6500,DUP-,5.000,FM,TSQL,91.5Hz,NO,Approximate,-33.498258,151.315176,+10:00
22,FMAusSE,Glenwood,West Syd,VK2RGW 7,,439.4750,DUP-,5.000,FM,OFF,,NO,Approximate,-33.747825,150.948529,+10:00
22,FMAusSE,Hurstville,Sydney,VK2RHC 7,,438.5500,DUP-,5.000,FM,TSQL,91.5Hz,NO,Approximate,-33.96426,151.09395,+10:00
22,FMAusSE,Horsley Park,Sydney,VK2RHP 7,,439.7500,DUP-,5.000,FM,OFF,,NO,Approximate,-33.861548,150.854947,+10:00
22,FMAusSE,Chats,Sydney F,VK2RHT 7,,438.3500,DUP-,5.400,FM,TSQL,91.5Hz,NO,Approximate,-33.79773,151.179197,+10:00
22,FMAusSE,HCote,Sydney F,VK2RLE 7,,438.4250,DUP-,5.000,FM,OFF,,NO,Approximate,-34.040329,151.036165,+10:00
22,FMAusSE,THills,Sydney F,VK2RMB 7,,438.1750,DUP-,5.000,FM,TSQL,91.5Hz,NO,Approximate,-33.692994,151.222079,+10:00
22,FMAusSE,Mt Riverview,Blue Mtn,VK2RMR 7,,439.5750,DUP-,5.000,FM,TSQL,123Hz,NO,Approximate,-33.730786,150.630477,+10:00
22,FMAusSE,Werri,Western ,VK2RNG 7,,439.8500,DUP-,5.000,FM,OFF,,NO,Approximate,-33.765599,150.740681,+10:00
22,FMAusSE,Asqith,Northern,VK2RNS 7,,439.9750,DUP-,5.000,FM,OFF,,NO,Approximate,-33.689879,151.100677,+10:00
22,FMAusSE,Artarmon,Sydney m,VK2RON 7,,439.9250,DUP-,5.000,FM,OFF,,NO,Approximate,-33.805346,151.181412,+10:00
22,FMAusSE,Razor,SW Sydne,VK2RRR 7,,439.6000,DUP-,5.000,FM,TSQL,91.5Hz,NO,Approximate,-34.138944,150.664926,+10:00
22,FMAusSE,Lewisham,Sydney N,VK2RRS 7,,438.4750,DUP-,5.000,FM,OFF,,NO,Approximate,-33.894531,151.145352,+10:00
22,FMAusSE,North Ryde,Northern,VK2RRW 7,,438.1000,DUP-,5.000,FM,OFF,,NO,Approximate,-33.78341,151.131552,+10:00
22,FMAusSE,Sans Souci,Sydney S,VK2RSV 7,,439.3250,DUP-,5.000,FM,TSQL,91.5Hz,NO,Approximate,-34.005138,151.130597,+10:00
22,FMAusSE,Blaxland,Lower Bl,VK2RSW 7,,439.7750,DUP-,5.000,FM,OFF,,NO,Approximate,-33.750301,150.633524,+10:00
22,FMAusSE,Kariong,Gosford ,VK2RTG 7,,439.3000,DUP-,5.000,FM,OFF,,NO,Approximate,-33.439521,151.297295,+10:00
22,FMAusSE,Berowra North,Sydney F,VK2RWS 7,,438.2750,DUP-,5.400,FM,TSQL,91.5Hz,NO,Approximate,-33.620876,151.146926,+10:00
22,FMAusSE,Jervis,Jervis B,VK1RJB 2,,146.9250,DUP-,0.600,FM,OFF,,NO,Approximate,-35.161736,150.730387,+10:00
22,FMAusSE,Nimtbl,Snowy Mt,VK2RHH 2,,147.2500,DUP+,0.600,FM,OFF,,NO,Approximate,-36.509104,149.30231,+10:00
22,FMAusSE,HRange,Southern,VK2RHR 2,,146.8250,DUP-,0.600,FM,OFF,,NO,Approximate,-34.370997,150.335746,+10:00
22,FMAusSE,NowraH,Milton -,VK2RMU 2,,146.7000,DUP-,0.600,FM,TSQL,123Hz,NO,Approximate,-34.935597,150.566994,+10:00
22,FMAusSE,Wandra,Batemans,VK2RMW 2,,147.0750,DUP+,0.600,FM,OFF,,NO,Approximate,-35.794735,150.005919,+10:00
22,FMAusSE,SHigh,Southern,VK2RSH 2,,147.1000,DUP+,0.600,FM,OFF,,NO,Approximate,-34.408146,150.517692,+10:00
22,FMAusSE,Nites1,Wgong St,VK2RUW 2,,146.6750,DUP-,0.600,FM,OFF,,NO,Approximate,-34.618243,150.697311,+10:00
22,FMAusSE,Nites2,Wollongo,VK2RUWA2,,146.9750,DUP-,0.600,FM,OFF,,NO,Approximate,-34.618243,150.697311,+10:00
22,FMAusSE,WolumP,Bega-Far,VK2RWP 2,,146.8250,DUP-,0.600,FM,OFF,,NO,Approximate,-36.864455,149.728115,+10:00
22,FMAusSE,HRange,Southern,VK2RHR 7,,438.0250,DUP-,5.000,FM,OFF,,NO,Approximate,-34.370997,150.335746,+10:00
22,FMAusSE,Kiama,Kiama WI,VK2RIW 7,,438.3000,DUP-,5.000,FM,OFF,,NO,Approximate,-34.697608,150.791389,+10:00
22,FMAusSE,NowraH,Milton -,VK2RMU 7,,438.1250,DUP-,5.000,FM,TSQL,123Hz,NO,Approximate,-34.935597,150.566994,+10:00
22,FMAusSE,Alpine,Mittagon,VK2RSH 7,,439.3750,DUP-,5.000,FM,OFF,,NO,Approximate,-34.408146,150.517692,+10:00
22,FMAusSE,WolumP,Bega,VK2RWP 7,,439.9000,DUP-,5.000,FM,OFF,,NO,Approximate,-36.864455,149.728115,+10:00
22,FMAusSE,Byron,Byron Ba,VK2RBB 2,,146.6250,DUP-,0.600,FM,TSQL,123Hz,NO,Approximate,-28.602217,153.435042,+10:00
22,FMAusSE,Coorb,Newcastl,VK2RBO 2,,147.3500,DUP+,0.600,FM,OFF,,NO,Approximate,-33.088847,151.460511,+10:00
22,FMAusSE,FranLO,Bellinge,VK2RCB 2,,146.7500,DUP-,0.600,FM,TSQL,123Hz,NO,Approximate,-30.396516,152.688203,+10:00
22,FMAusSE,Bruxnr,Coffs Ha,VK2RCH 2,,146.8500,DUP-,0.600,FM,OFF,,NO,Approximate,-30.219255,153.053358,+10:00
22,FMAusSE,TelePt,Port Mac,VK2RCN 2,,147.0000,DUP-,0.600,FM,OFF,,NO,Approximate,-31.303962,152.774113,+10:00
22,FMAusSE,Graft,Clarence,VK2RCV 2,,146.6750,DUP-,0.600,FM,TSQL,123Hz,NO,Approximate,-29.634646,153.15733,+10:00
22,FMAusSE,Dorrig,Coffs Ha,VK2RDO 2,,146.6500,DUP-,0.600,FM,OFF,,NO,Approximate,-30.317102,152.858789,+10:00
22,FMAusSE,Mt Ganghat,Taree - ,VK2REE 2,,146.6750,DUP-,0.600,FM,TSQL,123Hz,NO,Approximate,-31.922071,152.18174,+10:00
22,FMAusSE,Woodbn,Evans He,VK2REH 2,,147.2500,DUP+,0.600,FM,TSQL,123Hz,NO,Approximate,-29.115507,153.443259,+10:00
22,FMAusSE,CbTree,Forster ,VK2RGL 2,,147.1000,DUP+,0.600,FM,OFF,,NO,Approximate,-32.257395,152.120465,+10:00
22,FMAusSE,CbTree,Forster ,VK2RGLA2,,147.2000,DUP+,0.600,FM,OFF,,NO,Approximate,-32.257395,152.120465,+10:00
22,FMAusSE,YarahP,Kempsey ,VK2RMY 2,,146.8750,DUP-,0.600,FM,OFF,,NO,Approximate,-30.813912,152.91949,+10:00
22,FMAusSE,SgarL,Lower Hu,VK2RNC 2,,146.9000,DUP-,0.600,FM,OFF,,NO,Approximate,-32.890196,151.538894,+10:00
22,FMAusSE,SgarL1,Lower Hu,VK2RNCA2,,146.9750,DUP-,0.600,FM,OFF,,NO,Approximate,-32.890196,151.538894,+10:00
22,FMAusSE,MdlBro,Port Mac,VK2RPM 2,,146.7000,DUP-,0.600,FM,TSQL,91.5Hz,NO,Approximate,-31.701304,152.678285,+10:00
22,FMAusSE,Lismor,Lismore,VK2RSC 2,,146.8000,DUP-,0.600,FM,TSQL,123Hz,NO,Approximate,-28.857063,153.228511,+10:00
22,FMAusSE,Scadns,Wyong WI,VK2RSR 2,,147.1250,DUP+,0.600,FM,OFF,,NO,Approximate,-33.294542,151.366914,+10:00
22,FMAusSE,Lawsn2,Blue Mtn,VK2RTS 2,,147.3250,DUP+,0.600,FM,OFF,,NO,Approximate,-33.710693,150.444899,+10:00
22,FMAusSE,SugarL,Newcastl,VK2RTZ 2,,146.7750,DUP-,0.600,FM,OFF,,NO,Approximate,-32.944671,151.515857,+10:00
22,FMAusSE,Nwcsle,Lower Hu,VK2RWH 2,,147.1500,DUP+,0.600,FM,OFF,,NO,Approximate,-32.917428,151.515456,+10:00
22,FMAusSE,KurraJ,Blue Mtn,VK2RWK 2,,147.1500,DUP+,0.600,FM,OFF,,NO,Approximate,-33.523583,150.62693,+10:00
22,FMAusSE,Moona,Walcha,VK2RWR 2,,147.0750,DUP+,0.600,FM,OFF,,NO,Approximate,-31.039903,151.88983,+10:00
22,FMAusSE,Booral,Booral/S,VK2RAI 7,,439.2750,DUP-,5.000,FM,OFF,,NO,Approximate,-32.505285,151.971689,+10:00
22,FMAusSE,TelePt,Port Mac,VK2RCN 7,,438.4250,DUP-,5.000,FM,TSQL,123Hz,NO,Approximate,-31.303962,152.774113,+10:00
22,FMAusSE,Mt Ganghat,Taree - ,VK2REE 7,,438.3250,DUP-,5.000,FM,OFF,,NO,Approximate,-31.922071,152.18174,+10:00
22,FMAusSE,Wyee,Lake Mac,VK2RHK 7,,438.1250,DUP-,5.000,FM,OFF,,NO,Approximate,-33.182736,151.493878,+10:00
22,FMAusSE,Bruxner Park,Coffs Ha,VK2RMG 7,,438.1250,DUP-,5.000,FM,TSQL,123Hz,NO,Approximate,-30.256129,153.108878,+10:00
22,FMAusSE,YarahP,Kempsey ,VK2RMY 7,,438.0750,DUP-,5.000,FM,OFF,,NO,Approximate,-30.813912,152.91949,+10:00
22,FMAusSE,SgarL,Lower Hu,VK2RNC 7,,438.0250,DUP-,5.000,FM,OFF,,NO,Approximate,-32.890196,151.538894,+10:00
22,FMAusSE,SgarL1,Lower Hu,VK2RNCA7,,438.6750,DUP-,5.000,FM,OFF,,NO,Approximate,-32.890196,151.538894,+10:00
22,FMAusSE,Bolwarra Heights,Lower Hu,VK2ROJ 7,,439.7000,DUP-,5.000,FM,TSQL,91.5Hz,NO,Approximate,-32.699925,151.595172,+10:00
22,FMAusSE,Nardi,Lismore ,VK2RPL 7,,438.6750,DUP-,5.000,FM,TSQL,123Hz,NO,Approximate,-28.542669,153.290154,+10:00
22,FMAusSE,MdlBro,Port Mac,VK2RPM 7,,438.5250,DUP-,5.000,FM,TSQL,123Hz,NO,Approximate,-31.701304,152.678285,+10:00
22,FMAusSE,Lismor,Lismore,VK2RSC 7,,439.9500,DUP-,5.000,FM,TSQL,123Hz,NO,Approximate,-28.857063,153.228511,+10:00
22,FMAusSE,Merewether,Newcastl,VK2RUM 7,,438.6250,DUP-,5.000,FM,OFF,,NO,Approximate,-32.95177,151.748091,+10:00
22,FMAusSE,Nwcsle,Lower Hu,VK2RWH 7,,439.6250,DUP-,5.000,FM,OFF,,NO,Approximate,-32.917428,151.515456,+10:00
22,FMAusSE,KurraJ,NW Sydne,VK2RWK 7,,439.8250,DUP-,5.000,FM,TSQL,91.5Hz,NO,Approximate,-33.523583,150.62693,+10:00
22,FMAusSE,Tidbin,SW ACT 6,VK1RAC 2,,146.9000,DUP-,0.600,FM,OFF,,NO,Approximate,-35.378932,148.952144,+10:00
22,FMAusSE,BullsH,ACT WICE,VK1RBH 2,,147.1750,DUP+,0.600,FM,OFF,,NO,Approximate,-35.385788,148.813048,+10:00
22,FMAusSE,Issacs,Canberra,VK1RBM 2,,146.7250,DUP-,0.600,FM,TSQL,91.5Hz,NO,Approximate,-35.364585,149.11875,+10:00
22,FMAusSE,Ginini,ACT - SE,VK1RGI 2,,146.9500,DUP-,0.600,FM,TSQL,91.5Hz,NO,Approximate,-35.529552,148.772605,+10:00
22,FMAusSE,SHill,Armidale,VK2RAD 2,,146.7250,DUP-,0.600,FM,OFF,,NO,Approximate,-30.544277,151.651755,+10:00
22,FMAusSE,Cbolas,Orange,VK2RAO 2,,146.7000,DUP-,0.600,FM,TSQL,91.5Hz,NO,Approximate,-33.341852,148.982967,+10:00
22,FMAusSE,AcacPl,Warwick ,VK2RAP 2,,147.2750,DUP+,0.600,FM,OFF,,NO,Approximate,-28.39188,152.347415,+10:00
22,FMAusSE,Albury,Albury,VK2RAY 2,,147.2250,DUP+,0.600,FM,OFF,,NO,Approximate,-36.10083,147.035272,+10:00
22,FMAusSE,Bethun,Cootamun,VK2RBE 2,,146.7750,DUP-,0.600,FM,TSQL,91.5Hz,NO,Approximate,-34.720724,147.877424,+10:00
22,FMAusSE,Darlng,Broken H,VK2RBH 2,,147.0000,DUP-,0.600,FM,OFF,,NO,Approximate,-32.022963,141.533162,+10:00
22,FMAusSE,NomTop,Bingara/,VK2RBK 2,,146.7750,DUP-,0.600,FM,OFF,,NO,Approximate,-30.056695,150.52417,+10:00
22,FMAusSE,Balran,Balranal,VK2RBL 2,,146.7250,DUP-,0.600,FM,OFF,,NO,Approximate,-34.635162,143.566797,+10:00
22,FMAusSE,Tabulm,Far Nort,VK2RBR 2,,146.7750,DUP-,0.600,FM,OFF,,NO,Approximate,-28.754019,152.427095,+10:00
22,FMAusSE,NeedlMn,Coonabar,VK2RCC 2,,146.8000,DUP-,0.600,FM,OFF,,NO,Approximate,-31.346311,149.026186,+10:00
22,FMAusSE,BurroH,Dubbo ar,VK2RCD 2,,146.7250,DUP-,0.600,FM,OFF,,NO,Approximate,-32.154911,148.556712,+10:00
22,FMAusSE,Lindsy,Orange,VK2RCW 2,,147.2000,DUP+,0.600,FM,OFF,,NO,Approximate,-33.27946,149.123207,+10:00
22,FMAusSE,Bindo,W Blue M,VK2RDX 2,,146.6500,DUP-,0.600,FM,OFF,,NO,Approximate,-33.677019,150.009289,+10:00
22,FMAusSE,Galore,Lockhart,VK2RGA 2,,146.8250,DUP-,0.600,FM,TSQL,91.5Hz,NO,Approximate,-35.108227,146.790662,+10:00
22,FMAusSE,SqrNob,Leeton -,VK2RGF 2,,146.8500,DUP-,0.600,FM,TSQL,91.5Hz,NO,Approximate,-34.551752,146.610155,+10:00
22,FMAusSE,MtGray,Goulburn,VK2RGN 2,,146.6250,DUP-,0.600,FM,OFF,,NO,Approximate,-34.758567,149.763092,+10:00
22,FMAusSE,SBark,Bathurst,VK2RLH 2,,146.6750,DUP-,0.600,FM,OFF,,NO,Approximate,-33.554857,149.359776,+10:00
22,FMAusSE,Prishr,Jindabyn,VK2RLJ 2,,146.8750,DUP-,0.600,FM,OFF,,NO,Approximate,-36.400004,148.39187,+10:00
22,FMAusSE,THiHi,Moree / ,VK2RMI 2,,146.6500,DUP-,0.600,FM,OFF,,NO,Approximate,-29.805968,150.279974,+10:00
22,FMAusSE,McKen,Tenterfi,VK2RMM 2,,147.3750,DUP+,0.600,FM,TSQL,123Hz,NO,Approximate,-29.086143,151.966348,+10:00
22,FMAusSE,Baldwn,Tamworth,VK2RMO 2,,146.8500,DUP-,0.600,FM,OFF,,NO,Approximate,-31.045559,150.959429,+10:00
22,FMAusSE,Rumbee,Glen Inn,VK2RNE 2,,146.9500,DUP-,0.600,FM,OFF,,NO,Approximate,-29.951869,151.605269,+10:00
22,FMAusSE,Kaput,Narrabri,VK2RNW 2,,146.6250,DUP-,0.600,FM,OFF,,NO,Approximate,-30.278821,150.152139,+10:00
22,FMAusSE,Boona,Condobol,VK2RRT 2,,146.9000,DUP-,0.600,FM,OFF,,NO,Approximate,-32.656487,147.144526,+10:00
22,FMAusSE,TableT,Snowy Mt,VK2RSM 2,,147.0250,DUP+,0.600,FM,OFF,,NO,Approximate,-36.119842,148.858439,+10:00
22,FMAusSE,Kendal,Tumut ar,VK2RTD 2,,146.8000,DUP-,0.600,FM,TSQL,91.5Hz,NO,Approximate,-35.495522,148.009957,+10:00
22,FMAusSE,Mt Crawney,Tamworth,VK2RTM 2,,146.7500,DUP-,0.600,FM,OFF,,NO,Approximate,-31.58758,150.99258,+10:00
22,FMAusSE,GwynH,Yarrawon,VK2RWB 2,,147.2000,DUP+,0.600,FM,TSQL,123Hz,NO,Approximate,-35.912473,145.884426,+10:00
22,FMAusSE,WOF,Wagga,VK2RWG 2,,146.7500,DUP-,0.600,FM,TSQL,91.5Hz,NO,Approximate,-35.049858,147.55937,+10:00
22,FMAusSE,Warrad,Grenfell,VK2RWM 2,,147.1000,DUP+,0.600,FM,OFF,,NO,Approximate,-33.835834,148.137425,+10:00
22,FMAusSE,BaldM,Rylstone,VK2RYL 2,,147.2250,DUP+,0.600,FM,OFF,,NO,Approximate,-32.690949,150.017541,+10:00
22,FMAusSE,Muswel,Muswellb,VK2RZL 2,,146.8750,DUP-,0.600,FM,TSQL,123Hz,NO,Approximate,-32.363013,150.858396,+10:00
22,FMAusSE,Issacs,Canberra,VK1RBM 7,,439.9500,DUP-,5.000,FM,TSQL,91.5Hz,NO,Approximate,-35.364585,149.11875,+10:00
22,FMAusSE,Ginini,ACT - SE,VK1RGI 7,,438.0500,DUP-,5.000,FM,TSQL,91.5Hz,NO,Approximate,-35.529552,148.772605,+10:00
22,FMAusSE,MtCraw,Tamworth,VK2RAB 7,,438.4750,DUP-,5.000,FM,OFF,,NO,Approximate,-31.587699,150.992083,+10:00
22,FMAusSE,SHill,Armidale,VK2RAD 7,,438.6500,DUP-,5.000,FM,OFF,,NO,Approximate,-30.544277,151.651755,+10:00
22,FMAusSE,Cbolas,Orange a,VK2RAO 7,,438.7250,DUP-,5.000,FM,OFF,,NO,Approximate,-33.341852,148.982967,+10:00
22,FMAusSE,Albury,Albury 6,VK2RAY 7,,438.5750,DUP-,5.000,FM,OFF,,NO,Approximate,-36.10083,147.035272,+10:00
22,FMAusSE,NomTop,Bingara/,VK2RBK 7,,439.9000,DUP-,5.000,FM,OFF,,NO,Approximate,-30.056695,150.52417,+10:00
22,FMAusSE,Lindsy,Orange,VK2RCW 7,,439.3000,DUP-,5.000,FM,OFF,,NO,Approximate,-33.27946,149.123207,+10:00
22,FMAusSE,Burroway Hill,Dubbo,VK2RDD 7,,439.9500,DUP-,5.000,FM,OFF,,NO,Approximate,-32.154911,148.556712,+10:00
22,FMAusSE,MtGray,Goulburn,VK2RGN 7,,438.3250,DUP-,5.000,FM,OFF,,NO,Approximate,-34.758567,149.763092,+10:00
22,FMAusSE,Goulburn,Goulburn,VK2RGNA7,,438.6250,DUP-,5.000,FM,OFF,,NO,Approximate,-34.758567,149.763092,+10:00
22,FMAusSE,MtGray,Goulburn,VK2RGNB7,,439.9500,DUP-,5.000,FM,OFF,,NO,Approximate,-34.758567,149.763092,+10:00
22,FMAusSE,Newbridge,Bathurst,VK2RLH 7,,439.8500,DUP-,5.000,FM,OFF,,NO,Approximate,-33.554857,149.359776,+10:00
22,FMAusSE,Prishr,Jindabyn,VK2RLJ 7,,438.4500,DUP-,5.000,FM,OFF,,NO,Approximate,-36.400004,148.39187,+10:00
22,FMAusSE,Kaput,Narrabri,VK2RNW 7,,438.5750,DUP-,5.000,FM,OFF,,NO,Approximate,-30.278821,150.152139,+10:00
22,FMAusSE,TableT,Snowy Mt,VK2RSM 7,,439.9000,DUP-,5.000,FM,OFF,,NO,Approximate,-36.119842,148.858439,+10:00
22,FMAusSE,Willans Hill,Wagga,VK2RTW 7,,438.0250,DUP-,5.000,FM,TSQL,91.5Hz,NO,Approximate,-35.132724,147.372242,+10:00
22,FMAusSE,Wagga Wagga,Wagga Wa,VK2RTWA7,,439.8000,DUP-,5.000,FM,TSQL,91.5Hz,NO,Approximate,-35.132724,147.372242,+10:00
22,FMAusSE,GwynH,Yarrawon,VK2RWB 7,,439.6500,DUP-,5.000,FM,TSQL,123Hz,NO,Approximate,-35.912473,145.884426,+10:00
22,FMAusSE,Warrad,Grenfell,VK2RWM 7,,438.3250,DUP-,5.000,FM,OFF,,NO,Approximate,-33.835834,148.137425,+10:00
22,FMAusSE,Upwey,Melbourn,VK3RAJ 2,,146.8250,DUP-,0.600,FM,TSQL,94.8Hz,NO,Approximate,-37.90393,145.317257,+10:00
22,FMAusSE,Dande,Melbourn,VK3RCR 2,,147.0750,DUP+,0.600,FM,OFF,,NO,Approximate,-37.837476,145.34661,+10:00
22,FMAusSE,Olind1,Melbourn,VK3REC 2,,147.1750,DUP+,0.600,FM,OFF,,NO,Approximate,-37.857864,145.364227,+10:00
22,FMAusSE,Hillsd,Melb Wes,VK3RFY 2,,147.4250,DUP+,0.000,FM,TSQL,91.5Hz,NO,Approximate,-37.694622,144.728557,+10:00
22,FMAusSE,MoPell,Geelong,VK3RGC 2,,147.1250,DUP+,0.600,FM,TSQL,91.5Hz,NO,Approximate,-38.157168,144.313919,+10:00
22,FMAusSE,Anakie,Geelong,VK3RGL 2,,147.0000,DUP-,0.600,FM,TSQL,91.5Hz,NO,Approximate,-37.886427,144.269036,+10:00
22,FMAusSE,NarWar,Melbourn,VK3RMC 2,,147.3250,DUP+,0.600,FM,OFF,,NO,Approximate,-38.001189,145.328134,+10:00
22,FMAusSE,FernyC,Melbourn,VK3RML 2,,146.7000,DUP-,0.600,FM,TSQL,91.5Hz,NO,Approximate,-37.877796,145.336328,+10:00
22,FMAusSE,Macdon,Melbourn,VK3RMM 2,,147.2500,DUP+,0.600,FM,OFF,,NO,Approximate,-37.383441,144.57678,+10:00
22,FMAusSE,KLake,Melbourn,VK3RMN 2,,146.8500,DUP-,0.600,FM,TSQL,91.5Hz,NO,Approximate,-37.515708,145.316285,+10:00
22,FMAusSE,Olind2,Melbourn,VK3RMS 2,,147.3500,DUP+,0.600,FM,OFF,,NO,Approximate,-37.853928,145.36636,+10:00
22,FMAusSE,StLeo,Melbourn,VK3RMU 2,,147.3750,DUP+,0.600,FM,TSQL,91.5Hz,NO,Approximate,-37.567537,145.52555,+10:00
22,FMAusSE,Cotrel,Melb Wes,VK3RPS 2,,147.2000,DUP+,0.600,FM,TSQL,91.5Hz,NO,Approximate,-37.763158,144.621872,+10:00
22,FMAusSE,RdlsCk,Riddells,VK3RRC 2,,146.9750,DUP-,0.600,FM,OFF,,NO,Approximate,-37.447981,144.66484,+10:00
22,FMAusSE,MtMtha,Morningt,VK3RSP 2,,146.6750,DUP-,0.600,FM,OFF,,NO,Approximate,-38.290047,145.017617,+10:00
22,FMAusSE,Briart,Yarra Va,VK3RYV 2,,146.7250,DUP-,0.600,FM,OFF,,NO,Approximate,-37.730985,145.476243,+10:00
22,FMAusSE,Mitcham,Melbourn,VK3RAD 7,,438.5250,DUP-,5.000,FM,TSQL,123Hz,NO,Approximate,-37.820773,145.188383,+10:00
22,FMAusSE,Upwey,Melbourn,VK3RAJ 7,,439.7500,DUP-,5.000,FM,TSQL,91.5Hz,NO,Approximate,-37.90393,145.317257,+10:00
22,FMAusSE,Bacchus Marsh,Bacchus ,VK3RBM 7,,438.7000,DUP-,5.000,FM,TSQL,91.5Hz,NO,Approximate,-37.643898,144.416653,+10:00
22,FMAusSE,Mt Gisborne,Melbourn,VK3RBW 7,,438.4500,DUP-,5.000,FM,TSQL,91.5Hz,NO,Approximate,-37.520178,144.58707,+10:00
22,FMAusSE,Bayswater,Melbourn,VK3RBY 7,,439.6250,DUP-,5.000,FM,TSQL,88.5Hz,NO,Approximate,-37.840432,145.263938,+10:00
22,FMAusSE,Melbourne City,Melbourn,VK3RCC 7,,438.0250,DUP-,5.000,FM,TSQL,91.5Hz,NO,Approximate,-37.813822,144.969482,+10:00
22,FMAusSE,Mt Waverley,Melbourn,VK3RDX 7,,439.6000,DUP-,5.000,FM,TSQL,91.5Hz,NO,Approximate,-37.874466,145.138124,+10:00
22,FMAusSE,Hillsd,Melb FM/,VK3RFY 7,,438.4000,DUP-,5.000,FM,TSQL,91.5Hz,NO,Approximate,-37.694622,144.728557,+10:00
22,FMAusSE,MoPell,Geelong ,VK3RGC 7,,439.5750,DUP-,5.000,FM,TSQL,91.5Hz,NO,Approximate,-38.157168,144.313919,+10:00
22,FMAusSE,Anakie,Geelong ,VK3RGL 7,,439.5000,DUP-,5.000,FM,TSQL,91.5Hz,NO,Approximate,-37.886427,144.269036,+10:00
22,FMAusSE,Grovedale,Geelong ,VK3RGW 7,,438.5000,DUP-,5.000,FM,TSQL,91.5Hz,NO,Approximate,-38.172568,144.29696,+10:00
22,FMAusSE,Olinda,Melbourn,VK3RHF 7,,438.7500,DUP-,5.000,FM,TSQL,88.5Hz,NO,Approximate,-37.394398,144.579363,+10:00
22,FMAusSE,Bendigo,Bendigo ,VK3RIR 7,,438.1500,DUP-,5.000,FM,TSQL,91.5Hz,NO,Approximate,-38.354463,144.953894,+10:00
22,FMAusSE,Cborn,Morningt,VK3RLP 7,,439.4750,DUP-,5.000,FM,TSQL,91.5Hz,NO,Approximate,-38.113722,145.280059,+10:00
22,FMAusSE,Berwick,Berwick,VK3RMC 7,,439.3750,DUP-,5.000,FM,OFF,,NO,Approximate,-38.001189,145.328134,+10:00
22,FMAusSE,Narre Warren Nor,Melbourn,VK3RMCA7,,439.8750,DUP-,5.000,FM,OFF,,NO,Approximate,-38.001189,145.328134,+10:00
22,FMAusSE,WatlGn,Melbourn,VK3RMH 7,,438.3250,DUP-,5.000,FM,OFF,,NO,Approximate,-37.681545,145.195462,+10:00
22,FMAusSE,Macdon,Melbourn,VK3RMM 7,,439.8250,DUP-,5.000,FM,TSQL,91.5Hz,NO,Approximate,-37.383441,144.57678,+10:00
22,FMAusSE,KLake,Melbourn,VK3RMN 7,,439.4500,DUP-,5.000,FM,TSQL,91.5Hz,NO,Approximate,-37.515708,145.316285,+10:00
22,FMAusSE,Olind2,Melbourn,VK3RMS 7,,438.2250,DUP-,5.000,FM,TSQL,91.5Hz,NO,Approximate,-37.853928,145.36636,+10:00
22,FMAusSE,StLeo,Melbourn,VK3RMU 7,,439.8000,DUP-,5.000,FM,OFF,,NO,Approximate,-37.567537,145.52555,+10:00
22,FMAusSE,GoldnP,Golden P,VK3RNP 7,,438.6500,DUP-,5.000,FM,TSQL,91.5Hz,NO,Approximate,-38.041827,144.162441,+10:00
22,FMAusSE,Cotrel,Melbourn,VK3RPS 7,,439.7250,DUP-,5.000,FM,TSQL,91.5Hz,NO,Approximate,-37.763158,144.621872,+10:00
22,FMAusSE,Pretty Sally,Kilmore ,VK3RPT 7,,439.5250,DUP-,5.000,FM,TSQL,91.5Hz,NO,Approximate,-37.38095,144.965576,+10:00
22,FMAusSE,Arthur's Seat,Melbourn,VK3RPU 7,,439.8500,DUP-,5.000,FM,TSQL,91.5Hz,NO,Approximate,-38.356043,144.951503,+10:00
22,FMAusSE,RdlsCk,Riddells,VK3RRC 7,,439.7000,DUP-,5.000,FM,OFF,,NO,Approximate,-37.447981,144.66484,+10:00
22,FMAusSE,Emerald,Melbourn,VK3RSA 7,,439.6500,DUP-,5.000,FM,TSQL,91.5Hz,NO,Approximate,-37.932578,145.444156,+10:00
22,FMAusSE,Mt St Leonard,Melbourn,VK3RSB 7,,439.5500,DUP-,5.000,FM,TSQL,91.5Hz,NO,Approximate,-37.567537,145.52555,+10:00
22,FMAusSE,Glen Waverley,Melbourn,VK3RSE 7,,439.9000,DUP-,5.000,FM,OFF,,NO,Approximate,-37.890655,145.173481,+10:00
22,FMAusSE,Noble Park,Melbourn,VK3RSV 7,,439.4250,DUP-,5.000,FM,TSQL,91.5Hz,NO,Approximate,-37.967779,145.188612,+10:00
22,FMAusSE,Briart,Yarra Va,VK3RYV 7,,439.3000,DUP-,5.000,FM,OFF,,NO,Approximate,-37.730985,145.476243,+10:00
22,FMAusSE,Renies,Alexandr,VK3RAG 2,,146.7750,DUP-,0.600,FM,TSQL,123Hz,NO,Approximate,-37.218631,145.705835,+10:00
22,FMAusSE,Bunyng,Ballarat,VK3RBA 2,,146.7500,DUP-,0.600,FM,TSQL,91.5Hz,NO,Approximate,-37.65293,143.926465,+10:00
22,FMAusSE,Dimbol,Wimmera,VK3RBQ 2,,147.2000,DUP+,0.600,FM,OFF,,NO,Approximate,-36.452161,142.034844,+10:00
22,FMAusSE,GreenH,Ballarat,VK3RBT 2,,146.6500,DUP-,0.600,FM,TSQL,91.5Hz,NO,Approximate,-37.626423,143.901577,+10:00
22,FMAusSE,Torumb,Echuca,VK3RCA 2,,146.6750,DUP-,0.600,FM,OFF,,NO,Approximate,-36.044001,144.570348,+10:00
22,FMAusSE,Alex,Bendigo,VK3RCV 2,,147.1500,DUP+,0.600,FM,OFF,,NO,Approximate,-36.990597,144.308725,+10:00
22,FMAusSE,Delegt,Delegate,VK3RDG 2,,147.1250,DUP+,0.600,FM,OFF,,NO,Approximate,-37.112673,148.897344,+10:00
22,FMAusSE,Major,Goulburn,VK3RDU 2,,146.8500,DUP-,0.600,FM,OFF,,NO,Approximate,-36.36159,145.694467,+10:00
22,FMAusSE,MntNow,Bairnsda,VK3REB 2,,146.9000,DUP-,0.600,FM,OFF,,NO,Approximate,-37.692799,148.090901,+10:00
22,FMAusSE,MntCan,East Gip,VK3REG 2,,146.6500,DUP-,0.600,FM,OFF,,NO,Approximate,-37.646728,148.978698,+10:00
22,FMAusSE,MarHil,Mallacoo,VK3REM 2,,147.1500,DUP+,0.600,FM,OFF,,NO,Approximate,-37.410914,149.552615,+10:00
22,FMAusSE,GreenH,Macedon ,VK3RGH 2,,146.8750,DUP-,0.600,FM,TSQL,91.5Hz,NO,Approximate,-37.186272,144.425745,+10:00
22,FMAusSE,Mt Fatigue,Foster 6,VK3RGS 2,,147.0250,DUP+,0.600,FM,TSQL,123Hz,NO,Approximate,-38.569862,146.306918,+10:00
22,FMAusSE,Wombat,Sheppart,VK3RGV 2,,146.6500,DUP-,0.600,FM,TSQL,123Hz,NO,Approximate,-36.849308,145.67307,+10:00
22,FMAusSE,Hotham,NE Victo,VK3RHO 2,,147.0500,DUP+,0.600,FM,OFF,,NO,Approximate,-36.975218,147.128055,+10:00
22,FMAusSE,Tassie,Latrobe ,VK3RLV 2,,146.8000,DUP-,0.600,FM,OFF,,NO,Approximate,-38.393572,146.55926,+10:00
22,FMAusSE,Mildra,Mildura,VK3RMA 2,,146.8000,DUP-,0.600,FM,OFF,,NO,Approximate,-34.189305,142.161413,+10:00
22,FMAusSE,Kerang,Charlton,VK3RMK 2,,147.0250,DUP+,0.600,FM,OFF,,NO,Approximate,-36.312286,143.551248,+10:00
22,FMAusSE,Caveat,North Ce,VK3RMP 2,,147.2750,DUP+,0.600,FM,TSQL,91.5Hz,NO,Approximate,-37.06943,145.500901,+10:00
22,FMAusSE,BigBen,Wodonga,VK3RNE 2,,147.0000,DUP-,0.600,FM,OFF,,NO,Approximate,-36.406294,146.940976,+10:00
22,FMAusSE,Ouyen,Ouyen,VK3RON 2,,146.7000,DUP-,0.600,FM,OFF,,NO,Approximate,-35.074327,142.310949,+10:00
22,FMAusSE,BeechF,Otway Ra,VK3ROW 2,,147.2750,DUP+,0.600,FM,TSQL,91.5Hz,NO,Approximate,-38.633254,143.563896,+10:00
22,FMAusSE,Bright,Bright,VK3RPB 2,,147.1000,DUP+,0.600,FM,OFF,,NO,Approximate,-36.657286,146.962299,+10:00
22,FMAusSE,Portld,Portland,VK3RPL 2,,146.8250,DUP-,0.600,FM,TSQL,91.5Hz,NO,Approximate,-38.387794,141.631864,+10:00
22,FMAusSE,BassH,South Gi,VK3RSG 2,,147.1000,DUP+,0.600,FM,OFF,,NO,Approximate,-38.488804,145.550932,+10:00
22,FMAusSE,SwanHl,Swan Hil,VK3RSH 2,,146.9000,DUP-,0.600,FM,OFF,,NO,Approximate,-35.330018,143.505368,+10:00
22,FMAusSE,RobinV,Robinval,VK3RVL 2,,147.0500,DUP+,0.600,FM,OFF,,NO,Approximate,-34.587484,142.769895,+10:00
22,FMAusSE,BenNev,Ararat,VK3RWA 2,,147.1000,DUP+,0.600,FM,TSQL,91.5Hz,NO,Approximate,-37.228424,143.201094,+10:00
22,FMAusSE,BawSq,West Gip,VK3RWG 2,,147.2250,DUP+,0.600,FM,OFF,,NO,Approximate,-37.838335,146.274831,+10:00
22,FMAusSE,Warnum,Warrnamb,VK3RWL 2,,147.0500,DUP+,0.600,FM,OFF,,NO,Approximate,-38.304936,142.737853,+10:00
22,FMAusSE,Arapls,Horsham,VK3RWM 2,,146.8500,DUP-,0.600,FM,OFF,,NO,Approximate,-36.752317,141.835941,+10:00
22,FMAusSE,Wiliam,Grampian,VK3RWZ 2,,146.9500,DUP-,0.600,FM,TSQL,91.5Hz,NO,Approximate,-37.293081,142.601203,+10:00
22,FMAusSE,Bunyng,Ballarat,VK3RBA 7,,439.2750,DUP-,5.000,FM,TSQL,91.5Hz,NO,Approximate,-37.65293,143.926465,+10:00
22,FMAusSE,Bambill South,NW Victo,VK3RBL 7,,439.8250,DUP-,5.000,FM,OFF,,NO,Approximate,-34.472579,141.508093,+10:00
22,FMAusSE,Burrumbeet,Ballarat,VK3RBN 7,,438.3500,DUP-,5.000,FM,TSQL,91.5Hz,NO,Approximate,-37.474387,143.663794,+10:00
22,FMAusSE,Specimen Hill,Bendigo,VK3RBO 7,,438.0250,DUP-,5.000,FM,OFF,,NO,Approximate,-36.76632,144.244345,+10:00
22,FMAusSE,Horsham,Wimmera,VK3RBP 7,,439.7000,DUP-,5.000,FM,TSQL,91.5Hz,NO,Approximate,-36.716182,142.198367,+10:00
22,FMAusSE,Mt Hollowback,Ballarat,VK3RBU 7,,438.4750,DUP-,5.000,FM,TSQL,91.5Hz,NO,Approximate,-37.440051,143.815479,+10:00
22,FMAusSE,Ouyen,Ouyen,VK3RCP 7,,438.0250,DUP-,5.000,FM,OFF,,NO,Approximate,-35.069532,142.311608,+10:00
22,FMAusSE,Mt Moliagul,Bendigo,VK3RCU 7,,438.4250,DUP-,5.000,FM,OFF,,NO,Approximate,-36.723195,143.646951,+10:00
22,FMAusSE,Major,Goulburn,VK3RDU 7,,438.0750,DUP-,5.000,FM,OFF,,NO,Approximate,-36.36159,145.694467,+10:00
22,FMAusSE,Major,Goulburn,VK3RDUA7,,439.8750,DUP-,5.000,FM,OFF,,NO,Approximate,-36.36159,145.694467,+10:00
22,FMAusSE,MntCan,East Gip,VK3REG 7,,438.0250,DUP-,5.000,FM,OFF,,NO,Approximate,-37.646728,148.978698,+10:00
22,FMAusSE,GreenH,Macedon ,VK3RGH 7,,439.3250,DUP-,5.000,FM,TSQL,91.5Hz,NO,Approximate,-37.186272,144.425745,+10:00
22,FMAusSE,Mt Fatigue,Foster,VK3RGS 7,,438.3750,DUP-,5.000,FM,OFF,,NO,Approximate,-38.569862,146.306918,+10:00
22,FMAusSE,Wombat,NE Victo,VK3RGV 7,,439.7750,DUP-,5.000,FM,TSQL,123Hz,NO,Approximate,-36.849308,145.67307,+10:00
22,FMAusSE,Hotham,NE Victo,VK3RHO 7,,438.3750,DUP-,5.000,FM,OFF,,NO,Approximate,-36.975218,147.128055,+10:00
22,FMAusSE,Paps,Mansfiel,VK3RLE 7,,438.1250,DUP-,5.000,FM,OFF,,NO,Approximate,-37.043399,145.98481,+10:00
22,FMAusSE,Tassie,Latrobe ,VK3RLV 7,,438.3750,DUP-,5.000,FM,OFF,,NO,Approximate,-38.393572,146.55926,+10:00
22,FMAusSE,Mt Broughton,Yea - Se,VK3RMG 7,,439.9500,DUP-,5.000,FM,OFF,,NO,Approximate,-37.120472,145.412989,+10:00
22,FMAusSE,Caveat,North Ce,VK3RMP 7,,439.3500,DUP-,5.000,FM,TSQL,91.5Hz,NO,Approximate,-37.06943,145.500901,+10:00
22,FMAusSE,BigBen,Wodonga,VK3RNE 7,,439.4250,DUP-,5.000,FM,OFF,,NO,Approximate,-36.406294,146.940976,+10:00
22,FMAusSE,Mt Stanley,Wangarat,VK3RNU 7,,438.5250,DUP-,5.000,FM,OFF,,NO,Approximate,-36.444595,146.802919,+10:00
22,FMAusSE,Portld,Portland,VK3RPL 7,,439.9500,DUP-,5.000,FM,TSQL,91.5Hz,NO,Approximate,-38.387794,141.631864,+10:00
22,FMAusSE,Merbein,Mildura,VK3RRU 7,,438.5250,DUP-,5.000,FM,OFF,,NO,Approximate,-34.168332,142.07905,+10:00
22,FMAusSE,MntTay,Bairnsda,VK3RTU 7,,439.5250,DUP-,5.000,FM,OFF,,NO,Approximate,-37.705615,147.560807,+10:00
22,FMAusSE,Devil's River,Alexandr,VK3RUG 7,,438.1750,DUP-,5.000,FM,OFF,,NO,Approximate,-37.209266,145.841609,+10:00
22,FMAusSE,Drouin,West Gip,VK3RWD 7,,438.5750,DUP-,5.000,FM,TSQL,91.5Hz,NO,Approximate,-38.144305,145.818188,+10:00
22,FMAusSE,BawSq,West Gip,VK3RWG 7,,438.3750,DUP-,5.000,FM,OFF,,NO,Approximate,-37.838335,146.274831,+10:00
22,FMAusSE,Warnum,Warrnamb,VK3RWL 7,,439.8750,DUP-,5.000,FM,OFF,,NO,Approximate,-38.304936,142.737853,+10:00
22,FMAusSE,Mt William,Grampian,VK3RWU 7,,438.6750,DUP-,5.000,FM,TSQL,91.5Hz,NO,Approximate,-37.294985,142.603725,+10:00
22,FMAusSE,Mt Buller,Mansfiel,VK3RZU 7,,439.6750,DUP-,5.000,FM,OFF,,NO,Approximate,-37.146425,146.43441,+10:00
22,FMAusSE,Mt Barrow,N Tasman,VK7RAA 2,,147.0000,DUP-,0.600,FM,OFF,,NO,Approximate,-41.377266,147.422055,+10:00
22,FMAusSE,Table Cape,NW Tasma,VK7RAC 2,,147.3750,DUP+,0.600,FM,OFF,,NO,Approximate,-40.952269,145.720715,+10:00
22,FMAusSE,Queens Domain,Hobart,VK7RAD 2,,146.7000,DUP-,0.600,FM,TSQL,141.3Hz,NO,Approximate,-42.846518,147.310387,+10:00
22,FMAusSE,Queens Domain,Hobart,VK7RADA2,,147.9750,DUP-,0.600,FM,TSQL,141.3Hz,NO,Approximate,-42.846518,147.310387,+10:00
22,FMAusSE,Mt Faulkner,Hobart,VK7RAF 2,,146.6500,DUP-,0.600,FM,TSQL,123Hz,NO,Approximate,-42.792233,147.19151,+10:00
22,FMAusSE,Gagebrook,NW Hobar,VK7RAK 2,,146.8000,DUP-,0.600,FM,OFF,,NO,Approximate,-42.740275,147.266427,+10:00
22,FMAusSE,Alonnah,SE Tasma,VK7RBI 2,,147.3000,DUP+,0.000,FM,TSQL,114.8Hz,NO,Approximate,-43.311588,147.245059,+10:00
22,FMAusSE,Lenah Valley,Hobart 6,VK7RCR 2,,147.8750,DUP-,1.800,FM,TSQL,123Hz,NO,Approximate,-42.86165,147.277901,+10:00
22,FMAusSE,Snow Hill,East Coa,VK7REC 2,,146.9000,DUP-,0.600,FM,OFF,,NO,Approximate,-41.915819,147.835645,+10:00
22,FMAusSE,Snug Tiers,Channel,VK7RHT 2,,146.8500,DUP-,0.600,FM,OFF,,NO,Approximate,-43.092652,147.209459,+10:00
22,FMAusSE,Mt Duncan,NW Tasma,VK7RMD 2,,146.6250,DUP-,0.600,FM,OFF,,NO,Approximate,-41.194584,146.035604,+10:00
22,FMAusSE,Ulverstone West,Central ,VK7RNW 2,,146.7500,DUP-,0.600,FM,OFF,,NO,Approximate,-41.125996,146.120952,+10:00
22,FMAusSE,Stowport,Central ,VK7RTV 2,,146.7750,DUP-,0.600,FM,OFF,,NO,Approximate,-41.125805,145.907809,+10:00
22,FMAusSE,Mt Read,West Coa,VK7RWC 2,,147.0750,DUP+,0.600,FM,TSQL,123Hz,NO,Approximate,-41.844206,145.541521,+10:00
22,FMAusSE,Mt Arthur,N Tasman,VK7RAB 7,,438.5500,DUP-,5.000,FM,OFF,,NO,Approximate,-41.277532,147.288033,+10:00
22,FMAusSE,Table Cape,NW Tasma,VK7RAC 7,,438.6500,DUP-,5.000,FM,TSQL,141.3Hz,NO,Approximate,-40.952269,145.720715,+10:00
22,FMAusSE,Mt Faulkner,Hobart,VK7RAF 7,,438.5500,DUP-,5.000,FM,OFF,,NO,Approximate,-42.792233,147.19151,+10:00
22,FMAusSE,Gagebrook,Hobart,VK7RAK 7,,438.7000,DUP-,5.000,FM,OFF,,NO,Approximate,-42.740275,147.266427,+10:00
22,FMAusSE,Companion Hill,Hampshir,VK7RAL 7,,439.9000,DUP-,5.000,FM,TSQL,141.3Hz,NO,Approximate,-41.341217,145.728188,+10:00
22,FMAusSE,Ben Lomond,North Ea,VK7RBH 7,,438.0500,DUP-,5.000,FM,OFF,,NO,Approximate,-41.533067,147.658814,+10:00
22,FMAusSE,Grey Mtn,Huon and,VK7RCH 7,,438.5750,DUP-,5.000,FM,TSQL,123Hz,NO,Approximate,-43.091506,147.116136,+10:00
22,FMAusSE,Lenah Valley,Hobart,VK7RCR 7,,438.5250,DUP-,5.000,FM,TSQL,91.5Hz,NO,Approximate,-42.86165,147.277901,+10:00
22,FMAusSE,Dazzler Range,Northern,VK7RDR 7,,439.7750,DUP-,5.000,FM,TSQL,91.5Hz,NO,Approximate,-41.23523,146.719314,+10:00
22,FMAusSE,Mt Nelson,Hobart,VK7RDS 7,,439.7500,DUP-,5.000,FM,OFF,,NO,Approximate,-42.919535,147.316426,+10:00
22,FMAusSE,Snow Hill,East Coa,VK7REC 7,,439.7000,DUP-,5.000,FM,OFF,,NO,Approximate,-41.915819,147.835645,+10:00
22,FMAusSE,Barren Tier,Central ,VK7RIN 7,,438.5000,DUP-,5.000,FM,OFF,,NO,Approximate,-42.018302,146.75519,+10:00
22,FMAusSE,Mt Duncan,NW Tasma,VK7RMD 7,,438.6000,DUP-,5.000,FM,TSQL,141.3Hz,NO,Approximate,-41.194584,146.035604,+10:00
22,FMAusSE,Mt Lloyd,Derwent ,VK7RML 7,,439.9500,DUP-,5.000,FM,TSQL,141.3Hz,NO,Approximate,-42.844726,146.960276,+10:00
22,FMAusSE,Mt Wellington,Hobart,VK7RTC 7,,439.8250,DUP-,5.000,FM,TSQL,91.5Hz,NO,Approximate,-42.894865,147.236213,+10:00
22,FMAusSE,portable,ACT WICE,VK1RWP 2,,147.1250,DUP+,0.600,FM,OFF,,NO,Approximate,,,+10:00
22,FMAusSE,portable,ACT WICE,VK1RWPA2,,147.1500,DUP+,0.600,FM,OFF,,NO,Approximate,,,+10:00
22,FMAusSE,portable,ACT wide,VK1RWPB2,,147.1750,DUP+,0.600,FM,OFF,,NO,Approximate,,,+10:00
22,FMAusSE,portable,Statewid,VK2RAV 2,,147.1250,DUP+,0.600,FM,OFF,,NO,Approximate,,,+10:00
22,FMAusSE,portable,Statewid,VK2RAVA2,,147.1500,DUP+,0.600,FM,OFF,,NO,Approximate,,,+10:00
22,FMAusSE,portable,Statewid,VK2RAVB2,,147.1750,DUP+,0.600,FM,OFF,,NO,Approximate,,,+10:00
22,FMAusSE,portable,Statewid,VK2REP 2,,147.1750,DUP+,0.600,FM,OFF,,NO,Approximate,,,+10:00
22,FMAusSE,portable,Hunter r,VK2RFI 2,,147.1750,DUP+,0.600,FM,OFF,,NO,Approximate,,,+10:00
22,FMAusSE,portable,Statewid,VK3RPW 2,,146.9250,DUP-,0.600,FM,OFF,,NO,Approximate,,,+10:00
22,FMAusSE,portable,Statewid,VK3RSR 2,,146.9750,DUP-,0.600,FM,OFF,,NO,Approximate,,,+10:00
22,FMAusSE,portable,Statewid,VK3RWE 2,,146.9250,DUP-,0.600,FM,OFF,,NO,Approximate,,,+10:00
22,FMAusSE,portable,Statewid,VK3RWEA2,,147.3000,DUP+,0.600,FM,OFF,,NO,Approximate,,,+10:00
22,FMAusSE,portable,Statewid,VK3RWI 2,,146.9250,DUP-,0.600,FM,OFF,,NO,Approximate,,,+10:00
22,FMAusSE,portable,Statewid,VK3RWP 2,,146.9250,DUP-,0.600,FM,OFF,,NO,Approximate,,,+10:00
22,FMAusSE,portable,Statewid,VK3RWPA2,,147.3000,DUP+,0.600,FM,OFF,,NO,Approximate,,,+10:00
22,FMAusSE,portable,Statewid,VK3RWR 2,,146.9250,DUP-,0.600,FM,OFF,,NO,Approximate,,,+10:00
22,FMAusSE,portable,Statewid,VK3RWRA2,,147.3000,DUP+,0.600,FM,OFF,,NO,Approximate,,,+10:00
22,FMAusSE,portable,VK1 WICE,VK1RWP 7,,439.9250,DUP-,5.000,FM,OFF,,NO,Approximate,,,+10:00
22,FMAusSE,portable,VK1 WICE,VK1RWPA7,,439.9750,DUP-,5.000,FM,OFF,,NO,Approximate,,,+10:00
22,FMAusSE,portable,Statewid,VK2RAF 7,,439.9250,DUP-,5.000,FM,OFF,,NO,Approximate,,,+10:00
22,FMAusSE,portable,Statewid,VK2RAH 7,,439.8750,DUP-,5.000,FM,OFF,,NO,Approximate,,,+10:00
22,FMAusSE,portable,Statewid,VK2RAV 7,,439.5250,DUP-,5.000,FM,OFF,,NO,Approximate,,,+10:00
22,FMAusSE,portable,Hunter r,VK2RFI 7,,439.6250,DUP-,5.000,FM,OFF,,NO,Approximate,,,+10:00
22,FMAusSE,portable,Statewid,VK3RPW 7,,438.2750,DUP-,5.000,FM,OFF,,NO,Approximate,,,+10:00
22,FMAusSE,portable,Statewid,VK3RPWA7,,438.6250,DUP-,5.000,FM,OFF,,NO,Approximate,,,+10:00
22,FMAusSE,portable,Statewid,VK3RSS 7,,439.9750,DUP-,5.000,FM,OFF,,NO,Approximate,,,+10:00
22,FMAusSE,portable,Statewid,VK3RWE 7,,438.2750,DUP-,5.000,FM,OFF,,NO,Approximate,,,+10:00
22,FMAusSE,portable,Statewid,VK3RWEA7,,438.6250,DUP-,5.000,FM,OFF,,NO,Approximate,,,+10:00
22,FMAusSE,portable,Statewid,VK3RWI 7,,438.2750,DUP-,5.000,FM,OFF,,NO,Approximate,,,+10:00
22,FMAusSE,portable,Statewid,VK3RWIA7,,438.6250,DUP-,5.000,FM,OFF,,NO,Approximate,,,+10:00
22,FMAusSE,portable,Statewid,VK3RWP 7,,438.6250,DUP-,5.000,FM,OFF,,NO,Approximate,,,+10:00
22,FMAusSE,portable,Statewid,VK3RWPA7,,439.9250,DUP-,5.000,FM,OFF,,NO,Approximate,,,+10:00
22,FMAusSE,portable,Statewid,VK3RWPB7,,439.9750,DUP-,5.000,FM,OFF,,NO,Approximate,,,+10:00
22,FMAusSE,portable,Statewid,VK3RWR 7,,438.2750,DUP-,5.000,FM,OFF,,NO,Approximate,,,+10:00
22,FMAusSE,portable,Statewid,VK3RWRA7,,438.6250,DUP-,5.000,FM,OFF,,NO,Approximate,,,+10:00
