CH No,Frequency,Dup,Offset,TS,Mode,Name,SKIP,TONE,Repeater Tone,TSQL Frequency,DTCS Code,DTCS Polarity,DV SQL,DV SQL Code,Your Call Sign,RPT1 Call Sign,RPT2 Call Sign
0,147.1500,DUP+,0.600,,FM,Spring Hill,PSkip,OFF,,,,,,,,VK4RAG 2,,
1,146.9000,DUP-,0.600,,FM,The Knobby,PSkip,OFF,,,,,,,,VK4RAI 2,,
2,147.0750,DUP+,0.600,,FM,Mt Cotton,PSkip,OFF,,,,,,,,VK4RAX 2,,
3,147.0000,DUP-,0.600,,FM,Mt Glorious,PSkip,TSQL,91.5Hz,91.5Hz,,,,,,VK4RBN 2,,
4,146.9500,DUP-,0.600,,FM,Mt Coot-tha,PSkip,TSQL,91.5Hz,91.5Hz,,,,,,VK4RBQ 2,,
5,147.9500,DUP-,0.600,,FM,Mt Gravatt,PSkip,OFF,,,,,,,,VK4RBR 2,,
6,146.8750,DUP-,0.600,,FM,Alexandra Hills,PSkip,OFF,,,,,,,,VK4RBS 2,,
7,147.8000,DUP-,0.600,,FM,Mt Tambourine,PSkip,OFF,,,,,,,,VK4RBT 2,,
8,146.7000,DUP-,0.600,,FM,Springbrook,PSkip,TSQL,123Hz,123Hz,,,,,,VK4RGC 2,,
9,146.7250,DUP-,0.600,,FM,Mt Crosby,PSkip,OFF,,,,,,,,VK4RKP 2,,
10,147.6250,DUP-,0.600,,FM,Woodridge,PSkip,OFF,,,,,,,,VK4RLB 2,,
11,146.9750,DUP-,0.600,,FM,Spring Mtn,PSkip,TSQL,91.5Hz,91.5Hz,,,,,,VK4RLW 2,,
12,147.1750,DUP+,0.600,,FM,North Ipswich,PSkip,OFF,,,,,,,,VK4RWM 2,,
13,438.6250,DUP-,5.000,,FM,Spring Hill,PSkip,OFF,,,,,,,,VK4RAG 7,,
14,439.3250,DUP-,5.000,,FM,The Knobby,PSkip,TSQL,91.5Hz,91.5Hz,,,,,,VK4RAI 7,,
15,439.9500,DUP-,5.000,,FM,Sunnybank,PSkip,TSQL,123Hz,123Hz,,,,,,VK4RBA 7,,
16,439.3000,DUP-,5.000,,FM,Mt Coot-Tha,PSkip,OFF,,,,,,,,VK4RBQ 7,,
17,438.2750,DUP-,5.000,,FM,Mt Gravatt,PSkip,OFF,,,,,,,,VK4RBR 7,,
18,439.7250,DUP-,5.000,,FM,Alexandra Hills,PSkip,TSQL,91.5Hz,91.5Hz,,,,,,VK4RBS 7,,
19,438.4250,DUP-,5.000,,FM,The Knobby,PSkip,TSQL,123Hz,123Hz,,,,,,VK4RBX 7,,
20,438.6000,DUP-,5.000,,FM,Springbrook,PSkip,TSQL,123Hz,123Hz,,,,,,VK4RGC 7,,
21,438.7500,DUP-,5.000,,FM,Woodridge,PSkip,OFF,,,,,,,,VK4RLB 7,,
22,438.5000,DUP-,5.000,,FM,Spring Mtn,PSkip,TSQL,91.5Hz,91.5Hz,,,,,,VK4RLW 7,,
23,439.3000,DUP-,5.000,,FM,Spring Mtn,PSkip,TSQL,91.5Hz,91.5Hz,,,,,,VK4RSM 7,,
24,438.3750,DUP-,5.000,,FM,North Ipswich,PSkip,TSQL,91.5Hz,91.5Hz,,,,,,VK4RWM 7,,
25,439.9250,DUP-,5.000,,FM,North Ipswich,PSkip,TSQL,91.5Hz,91.5Hz,,,,,,VK4RWMA7,,
26,438.1000,DUP-,5.000,,FM,Springbrook,PSkip,TSQL,91.5Hz,91.5Hz,,,,,,VK4RZA 7,,
27,438.2000,DUP-,5.000,,FM,Mt Coot-tha,PSkip,TSQL,91.5Hz,91.5Hz,,,,,,VK4RZB 7,,
28,146.7000,DUP-,0.600,,FM,Mt Archer,PSkip,TSQL,91.5Hz,91.5Hz,,,,,,VK4RAR 2,,
29,146.8750,DUP-,0.600,,FM,Carborough Range,PSkip,OFF,,,,,,,,VK4RAS 2,,
30,146.7000,DUP-,0.600,,FM,Mt Stuart,PSkip,OFF,,,,,,,,VK4RAT 2,,
31,146.9500,DUP-,0.600,,FM,Blackdown Tablel,PSkip,TSQL,91.5Hz,91.5Hz,,,,,,VK4RBD 2,,
32,147.8000,DUP-,0.600,,FM,The Hummock,PSkip,OFF,,,,,,,,VK4RBG 2,,
33,146.7750,DUP-,0.600,,FM,Blue Mtn,PSkip,TSQL,91.5Hz,91.5Hz,,,,,,VK4RBM 2,,
34,147.1000,DUP+,0.600,,FM,Butchers Creek,PSkip,OFF,,,,,,,,VK4RBP 2,,
35,146.8000,DUP-,0.600,,FM,MtGoon,PSkip,OFF,,,,,,,,VK4RBU 2,,
36,146.9500,DUP-,0.600,,FM,Mt Haren,PSkip,OFF,,,,,,,,VK4RCA 2,,
37,146.6250,DUP-,0.600,,FM,Caboolture,PSkip,OFF,,,,,,,,VK4RCC 2,,
38,146.7250,DUP-,0.600,,FM,GymSth,PSkip,TSQL,91.5Hz,91.5Hz,,,,,,VK4RCM 2,,
39,147.0000,DUP-,0.600,,FM,Banana Range,PSkip,OFF,,,,,,,,VK4RCQ 2,,
40,146.8250,DUP-,0.600,,FM,Braeside,PSkip,OFF,,,,,,,,VK4RCR 2,,
41,146.7500,DUP-,0.600,,FM,O'Rourke's House,PSkip,OFF,,,,,,,,VK4RDD 2,,
42,147.2500,DUP+,0.600,,FM,Dalby,PSkip,OFF,,,,,,,,VK4RED 2,,
43,146.9500,DUP-,0.600,,FM,Mt Mowbullan,PSkip,TSQL,91.5Hz,91.5Hz,,,,,,VK4REG 2,,
44,147.0750,DUP+,0.600,,FM,Middlemount,PSkip,OFF,,,,,,,,VK4REP 2,,
45,146.6750,DUP-,0.600,,FM,Mt Kiangarow,PSkip,TSQL,91.5Hz,91.5Hz,,,,,,VK4RET 2,,
46,146.9000,DUP-,0.600,,FM,Kroombit Tops,PSkip,TSQL,91.5Hz,91.5Hz,,,,,,VK4RGA 2,,
47,147.3750,DUP+,0.600,,FM,Kroombit Tops,PSkip,TSQL,91.5Hz,91.5Hz,,,,,,VK4RGAA2,,
48,146.6250,DUP-,0.600,,FM,Maurice Hill,PSkip,TSQL,91.5Hz,91.5Hz,,,,,,VK4RGT 2,,
49,146.7750,DUP-,0.600,,FM,Gympie,PSkip,OFF,,,,,,,,VK4RGY 2,,
50,146.6500,DUP-,0.600,,FM,Ghost Hill,PSkip,OFF,,,,,,,,VK4RHB 2,,
51,146.9250,DUP-,0.600,,FM,Hodgson Range,PSkip,OFF,,,,,,,,VK4RHR 2,,
52,146.6750,DUP-,0.600,,FM,Hann Tableland,PSkip,OFF,,,,,,,,VK4RHT 2,,
53,145.6250,DUP+,0.000,,FM,Oceanview,PSkip,OFF,,,,,,,,VK4RKC 2,,
54,147.9000,DUP-,0.600,,FM,Oceanview,PSkip,OFF,,,,,,,,VK4RKCA2,,
55,146.7000,DUP-,0.600,,FM,Four Mile Hill,PSkip,OFF,,,,,,,,VK4RMI 2,,
56,147.0000,DUP-,0.600,,FM,Mt Blackwood,PSkip,OFF,,,,,,,,VK4RMK 2,,
57,147.1250,DUP+,0.600,,FM,Stanthorpe,PSkip,OFF,,,,,,,,VK4RMM 2,,
58,146.8000,DUP-,0.600,,FM,Midge Point,PSkip,OFF,,,,,,,,VK4RMP 2,,
59,147.2750,DUP+,0.600,,FM,Doonan,PSkip,OFF,,,,,,,,VK4RNL 2,,
60,146.6500,DUP-,0.600,,FM,Grafton Range,PSkip,OFF,,,,,,,,VK4ROM 2,,
61,146.7500,DUP-,0.600,,FM,Mt Perry,PSkip,OFF,,,,,,,,VK4RPU 2,,
62,146.9250,DUP-,0.600,,FM,Wamuran,PSkip,OFF,,,,,,,,VK4RRC 2,,
63,146.9750,DUP-,0.600,,FM,Mt Seaview,PSkip,OFF,,,,,,,,VK4RRR 2,,
64,146.6750,DUP-,0.600,,FM,Sarina,PSkip,OFF,,,,,,,,VK4RSA 2,,
65,146.8500,DUP-,0.600,,FM,Wilkes Knob,PSkip,TSQL,91.5Hz,91.5Hz,,,,,,VK4RSC 2,,
66,146.8250,DUP-,0.600,,FM,Noosa Heads,PSkip,TSQL,91.5Hz,91.5Hz,,,,,,VK4RSL 2,,
67,146.8250,DUP-,0.600,,FM,Roddas Lookout,PSkip,OFF,,,,,,,,VK4RSP 2,,
68,438.2250,DUP-,5.000,,FM,Mt Archer,PSkip,TSQL,91.5Hz,91.5Hz,,,,,,VK4RAR 7,,
69,438.2250,DUP-,5.000,,FM,Mt Stuart,PSkip,TSQL,91.5Hz,91.5Hz,,,,,,VK4RAT 7,,
70,439.9000,DUP-,5.000,,FM,Tolga,PSkip,OFF,,,,,,,,VK4RBK 7,,
71,439.3000,DUP-,5.000,,FM,Blue Mtn,PSkip,OFF,,,,,,,,VK4RBM 7,,
72,439.7750,DUP-,5.000,,FM,Butchers Creek,PSkip,OFF,,,,,,,,VK4RBP 7,,
73,439.9250,DUP-,5.000,,FM,Butchers Creek,PSkip,OFF,,,,,,,,VK4RBPA7,,
74,438.7750,DUP-,5.000,,FM,MtGoon,PSkip,OFF,,,,,,,,VK4RBU 7,,
75,439.7750,DUP-,5.000,,FM,BundaN,PSkip,OFF,,,,,,,,VK4RBW 7,,
76,439.8500,DUP-,5.000,,FM,Cairns,PSkip,OFF,,,,,,,,VK4RCA 7,,
77,439.8750,DUP-,5.000,,FM,Banana Range,PSkip,OFF,,,,,,,,VK4RCQ 7,,
78,439.2750,DUP-,5.000,,FM,O'Rourke's House,PSkip,OFF,,,,,,,,VK4RDD 7,,
79,438.6500,DUP-,5.000,,FM,Mt Mowbullan,PSkip,TSQL,91.5Hz,91.5Hz,,,,,,VK4REG 7,,
80,438.7000,DUP-,5.000,,FM,Mt Kiangarow,PSkip,TSQL,91.5Hz,91.5Hz,,,,,,VK4RET 7,,
81,439.8000,DUP-,5.000,,FM,Lady Larcom,PSkip,TSQL,91.5Hz,91.5Hz,,,,,,VK4RGL 7,,
82,438.0500,DUP-,5.000,,FM,Maurice Hill,PSkip,OFF,,,,,,,,VK4RGT 7,,
83,439.9500,DUP-,5.000,,FM,Gympie,PSkip,OFF,,,,,,,,VK4RGY 7,,
84,438.5000,DUP-,5.000,,FM,Hodgson Range,PSkip,OFF,,,,,,,,VK4RHR 7,,
85,439.3750,DUP-,5.000,,FM,Doonan,PSkip,OFF,,,,,,,,VK4RNL 7,,
86,438.7500,DUP-,5.000,,FM,Mt Perry,PSkip,OFF,,,,,,,,VK4RPU 7,,
87,438.3250,DUP-,5.000,,FM,Wamuran,PSkip,TSQL,91.5Hz,91.5Hz,,,,,,VK4RRC 7,,
88,439.6250,DUP-,5.000,,FM,Sarina,PSkip,OFF,,,,,,,,VK4RSA 7,,
89,438.0750,DUP-,5.000,,FM,Wilkes Knob,PSkip,TSQL,91.5Hz,91.5Hz,,,,,,VK4RSC 7,,
90,438.1750,DUP-,5.000,,FM,Noosa Heads,PSkip,TSQL,91.5Hz,91.5Hz,,,,,,VK4RSL 7,,
91,438.5750,DUP-,5.000,,FM,Ocean View,PSkip,TSQL,91.5Hz,91.5Hz,,,,,,VK4RSS 7,,
92,438.0250,DUP-,5.000,,FM,Mt Kynoch,PSkip,TSQL,91.5Hz,91.5Hz,,,,,,VK4RTQ 7,,
93,438.6750,DUP-,5.000,,FM,Nebo,PSkip,TSQL,91.5Hz,91.5Hz,,,,,,VK4RWS 7,,
94,439.9000,DUP-,5.000,,FM,Maleny,PSkip,OFF,,,,,,,,VK4RXZ 7,,
95,438.1250,DUP-,5.000,,FM,Wilkes Knob,PSkip,TSQL,91.5Hz,91.5Hz,,,,,,VK4RZC 7,,
96,438.0500,DUP-,5.000,,FM,Mt Perseverance,PSkip,TSQL,91.5Hz,91.5Hz,,,,,,VK4RZD 7,,
