CH No,Frequency,Dup,Offset,TS,Mode,Name,SKIP,TONE,Repeater Tone,TSQL Frequency,DTCS Code,DTCS Polarity,DV SQL,DV SQL Code,Your Call Sign,RPT1 Call Sign,RPT2 Call Sign
0,146.8250,DUP-,0.600,,FM,Upwey,PSkip,TSQL,94.8Hz,94.8Hz,,,,,,VK3RAJ 2,,
1,147.0750,DUP+,0.600,,FM,Dande,PSkip,OFF,,,,,,,,VK3RCR 2,,
2,147.1750,DUP+,0.600,,FM,Olind1,PSkip,OFF,,,,,,,,VK3REC 2,,
3,147.4250,DUP+,0.000,,FM,Hillsd,PSkip,TSQL,91.5Hz,91.5Hz,,,,,,VK3RFY 2,,
4,147.1250,DUP+,0.600,,FM,MoPell,PSkip,TSQL,91.5Hz,91.5Hz,,,,,,VK3RGC 2,,
5,147.0000,DUP-,0.600,,FM,Anakie,PSkip,TSQL,91.5Hz,91.5Hz,,,,,,VK3RGL 2,,
6,147.3250,DUP+,0.600,,FM,NarWar,PSkip,OFF,,,,,,,,VK3RMC 2,,
7,146.7000,DUP-,0.600,,FM,FernyC,PSkip,TSQL,91.5Hz,91.5Hz,,,,,,VK3RML 2,,
8,147.2500,DUP+,0.600,,FM,Macdon,PSkip,OFF,,,,,,,,VK3RMM 2,,
9,146.8500,DUP-,0.600,,FM,KLake,PSkip,TSQL,91.5Hz,91.5Hz,,,,,,VK3RMN 2,,
10,147.3500,DUP+,0.600,,FM,Olind2,PSkip,OFF,,,,,,,,VK3RMS 2,,
11,147.3750,DUP+,0.600,,FM,StLeo,PSkip,TSQL,91.5Hz,91.5Hz,,,,,,VK3RMU 2,,
12,147.2000,DUP+,0.600,,FM,Cotrel,PSkip,TSQL,91.5Hz,91.5Hz,,,,,,VK3RPS 2,,
13,146.9750,DUP-,0.600,,FM,RdlsCk,PSkip,OFF,,,,,,,,VK3RRC 2,,
14,146.6750,DUP-,0.600,,FM,MtMtha,PSkip,OFF,,,,,,,,VK3RSP 2,,
15,146.7250,DUP-,0.600,,FM,Briart,PSkip,OFF,,,,,,,,VK3RYV 2,,
16,438.5250,DUP-,5.000,,FM,Mitcham,PSkip,TSQL,123Hz,123Hz,,,,,,VK3RAD 7,,
17,439.7500,DUP-,5.000,,FM,Upwey,PSkip,TSQL,91.5Hz,91.5Hz,,,,,,VK3RAJ 7,,
18,438.7000,DUP-,5.000,,FM,Bacchus Marsh,PSkip,TSQL,91.5Hz,91.5Hz,,,,,,VK3RBM 7,,
19,438.4500,DUP-,5.000,,FM,Mt Gisborne,PSkip,TSQL,91.5Hz,91.5Hz,,,,,,VK3RBW 7,,
20,439.6250,DUP-,5.000,,FM,Bayswater,PSkip,TSQL,88.5Hz,88.5Hz,,,,,,VK3RBY 7,,
21,438.0250,DUP-,5.000,,FM,Melbourne City,PSkip,TSQL,91.5Hz,91.5Hz,,,,,,VK3RCC 7,,
22,439.6000,DUP-,5.000,,FM,Mt Waverley,PSkip,TSQL,91.5Hz,91.5Hz,,,,,,VK3RDX 7,,
23,438.4000,DUP-,5.000,,FM,Hillsd,PSkip,TSQL,91.5Hz,91.5Hz,,,,,,VK3RFY 7,,
24,439.5750,DUP-,5.000,,FM,MoPell,PSkip,TSQL,91.5Hz,91.5Hz,,,,,,VK3RGC 7,,
25,439.5000,DUP-,5.000,,FM,Anakie,PSkip,TSQL,91.5Hz,91.5Hz,,,,,,VK3RGL 7,,
26,438.5000,DUP-,5.000,,FM,Grovedale,PSkip,TSQL,91.5Hz,91.5Hz,,,,,,VK3RGW 7,,
27,438.7500,DUP-,5.000,,FM,Olinda,PSkip,TSQL,88.5Hz,88.5Hz,,,,,,VK3RHF 7,,
28,438.1500,DUP-,5.000,,FM,Bendigo,PSkip,TSQL,91.5Hz,91.5Hz,,,,,,VK3RIR 7,,
29,439.4750,DUP-,5.000,,FM,Cborn,PSkip,TSQL,91.5Hz,91.5Hz,,,,,,VK3RLP 7,,
30,439.3750,DUP-,5.000,,FM,Berwick,PSkip,OFF,,,,,,,,VK3RMC 7,,
31,439.8750,DUP-,5.000,,FM,Narre Warren Nor,PSkip,OFF,,,,,,,,VK3RMCA7,,
32,438.3250,DUP-,5.000,,FM,WatlGn,PSkip,OFF,,,,,,,,VK3RMH 7,,
33,439.8250,DUP-,5.000,,FM,Macdon,PSkip,TSQL,91.5Hz,91.5Hz,,,,,,VK3RMM 7,,
34,439.4500,DUP-,5.000,,FM,KLake,PSkip,TSQL,91.5Hz,91.5Hz,,,,,,VK3RMN 7,,
35,438.2250,DUP-,5.000,,FM,Olind2,PSkip,TSQL,91.5Hz,91.5Hz,,,,,,VK3RMS 7,,
36,439.8000,DUP-,5.000,,FM,StLeo,PSkip,OFF,,,,,,,,VK3RMU 7,,
37,438.6500,DUP-,5.000,,FM,GoldnP,PSkip,TSQL,91.5Hz,91.5Hz,,,,,,VK3RNP 7,,
38,439.7250,DUP-,5.000,,FM,Cotrel,PSkip,TSQL,91.5Hz,91.5Hz,,,,,,VK3RPS 7,,
39,439.5250,DUP-,5.000,,FM,Pretty Sally,PSkip,TSQL,91.5Hz,91.5Hz,,,,,,VK3RPT 7,,
40,439.8500,DUP-,5.000,,FM,Arthur's Seat,PSkip,TSQL,91.5Hz,91.5Hz,,,,,,VK3RPU 7,,
41,439.7000,DUP-,5.000,,FM,RdlsCk,PSkip,OFF,,,,,,,,VK3RRC 7,,
42,439.6500,DUP-,5.000,,FM,Emerald,PSkip,TSQL,91.5Hz,91.5Hz,,,,,,VK3RSA 7,,
43,439.5500,DUP-,5.000,,FM,Mt St Leonard,PSkip,TSQL,91.5Hz,91.5Hz,,,,,,VK3RSB 7,,
44,439.9000,DUP-,5.000,,FM,Glen Waverley,PSkip,OFF,,,,,,,,VK3RSE 7,,
45,439.4250,DUP-,5.000,,FM,Noble Park,PSkip,TSQL,91.5Hz,91.5Hz,,,,,,VK3RSV 7,,
46,439.3000,DUP-,5.000,,FM,Briart,PSkip,OFF,,,,,,,,VK3RYV 7,,
47,146.7750,DUP-,0.600,,FM,Renies,PSkip,TSQL,123Hz,123Hz,,,,,,VK3RAG 2,,
48,146.7500,DUP-,0.600,,FM,Bunyng,PSkip,TSQL,91.5Hz,91.5Hz,,,,,,VK3RBA 2,,
49,147.2000,DUP+,0.600,,FM,Dimbol,PSkip,OFF,,,,,,,,VK3RBQ 2,,
50,146.6500,DUP-,0.600,,FM,GreenH,PSkip,TSQL,91.5Hz,91.5Hz,,,,,,VK3RBT 2,,
51,146.6750,DUP-,0.600,,FM,Torumb,PSkip,OFF,,,,,,,,VK3RCA 2,,
52,147.1500,DUP+,0.600,,FM,Alex,PSkip,OFF,,,,,,,,VK3RCV 2,,
53,147.1250,DUP+,0.600,,FM,Delegt,PSkip,OFF,,,,,,,,VK3RDG 2,,
54,146.8500,DUP-,0.600,,FM,Major,PSkip,OFF,,,,,,,,VK3RDU 2,,
55,146.9000,DUP-,0.600,,FM,MntNow,PSkip,OFF,,,,,,,,VK3REB 2,,
56,146.6500,DUP-,0.600,,FM,MntCan,PSkip,OFF,,,,,,,,VK3REG 2,,
57,147.1500,DUP+,0.600,,FM,MarHil,PSkip,OFF,,,,,,,,VK3REM 2,,
58,146.8750,DUP-,0.600,,FM,GreenH,PSkip,TSQL,91.5Hz,91.5Hz,,,,,,VK3RGH 2,,
59,147.0250,DUP+,0.600,,FM,Mt Fatigue,PSkip,TSQL,123Hz,123Hz,,,,,,VK3RGS 2,,
60,146.6500,DUP-,0.600,,FM,Wombat,PSkip,TSQL,123Hz,123Hz,,,,,,VK3RGV 2,,
61,147.0500,DUP+,0.600,,FM,Hotham,PSkip,OFF,,,,,,,,VK3RHO 2,,
62,146.8000,DUP-,0.600,,FM,Tassie,PSkip,OFF,,,,,,,,VK3RLV 2,,
63,146.8000,DUP-,0.600,,FM,Mildra,PSkip,OFF,,,,,,,,VK3RMA 2,,
64,147.0250,DUP+,0.600,,FM,Kerang,PSkip,OFF,,,,,,,,VK3RMK 2,,
65,147.2750,DUP+,0.600,,FM,Caveat,PSkip,TSQL,91.5Hz,91.5Hz,,,,,,VK3RMP 2,,
66,147.0000,DUP-,0.600,,FM,BigBen,PSkip,OFF,,,,,,,,VK3RNE 2,,
67,146.7000,DUP-,0.600,,FM,Ouyen,PSkip,OFF,,,,,,,,VK3RON 2,,
68,147.2750,DUP+,0.600,,FM,BeechF,PSkip,TSQL,91.5Hz,91.5Hz,,,,,,VK3ROW 2,,
69,147.1000,DUP+,0.600,,FM,Bright,PSkip,OFF,,,,,,,,VK3RPB 2,,
70,146.8250,DUP-,0.600,,FM,Portld,PSkip,TSQL,91.5Hz,91.5Hz,,,,,,VK3RPL 2,,
71,147.1000,DUP+,0.600,,FM,BassH,PSkip,OFF,,,,,,,,VK3RSG 2,,
72,146.9000,DUP-,0.600,,FM,SwanHl,PSkip,OFF,,,,,,,,VK3RSH 2,,
73,147.0500,DUP+,0.600,,FM,RobinV,PSkip,OFF,,,,,,,,VK3RVL 2,,
74,147.1000,DUP+,0.600,,FM,BenNev,PSkip,TSQL,91.5Hz,91.5Hz,,,,,,VK3RWA 2,,
75,147.2250,DUP+,0.600,,FM,BawSq,PSkip,OFF,,,,,,,,VK3RWG 2,,
76,147.0500,DUP+,0.600,,FM,Warnum,PSkip,OFF,,,,,,,,VK3RWL 2,,
77,146.8500,DUP-,0.600,,FM,Arapls,PSkip,OFF,,,,,,,,VK3RWM 2,,
78,146.9500,DUP-,0.600,,FM,Wiliam,PSkip,TSQL,91.5Hz,91.5Hz,,,,,,VK3RWZ 2,,
79,439.2750,DUP-,5.000,,FM,Bunyng,PSkip,TSQL,91.5Hz,91.5Hz,,,,,,VK3RBA 7,,
80,439.8250,DUP-,5.000,,FM,Bambill South,PSkip,OFF,,,,,,,,VK3RBL 7,,
81,438.3500,DUP-,5.000,,FM,Burrumbeet,PSkip,TSQL,91.5Hz,91.5Hz,,,,,,VK3RBN 7,,
82,438.0250,DUP-,5.000,,FM,Specimen Hill,PSkip,OFF,,,,,,,,VK3RBO 7,,
83,439.7000,DUP-,5.000,,FM,Horsham,PSkip,TSQL,91.5Hz,91.5Hz,,,,,,VK3RBP 7,,
84,438.4750,DUP-,5.000,,FM,Mt Hollowback,PSkip,TSQL,91.5Hz,91.5Hz,,,,,,VK3RBU 7,,
85,438.0250,DUP-,5.000,,FM,Ouyen,PSkip,OFF,,,,,,,,VK3RCP 7,,
86,438.4250,DUP-,5.000,,FM,Mt Moliagul,PSkip,OFF,,,,,,,,VK3RCU 7,,
87,438.0750,DUP-,5.000,,FM,Major,PSkip,OFF,,,,,,,,VK3RDU 7,,
88,439.8750,DUP-,5.000,,FM,Major,PSkip,OFF,,,,,,,,VK3RDUA7,,
89,438.0250,DUP-,5.000,,FM,MntCan,PSkip,OFF,,,,,,,,VK3REG 7,,
90,439.3250,DUP-,5.000,,FM,GreenH,PSkip,TSQL,91.5Hz,91.5Hz,,,,,,VK3RGH 7,,
91,438.3750,DUP-,5.000,,FM,Mt Fatigue,PSkip,OFF,,,,,,,,VK3RGS 7,,
92,439.7750,DUP-,5.000,,FM,Wombat,PSkip,TSQL,123Hz,123Hz,,,,,,VK3RGV 7,,
93,438.3750,DUP-,5.000,,FM,Hotham,PSkip,OFF,,,,,,,,VK3RHO 7,,
94,438.1250,DUP-,5.000,,FM,Paps,PSkip,OFF,,,,,,,,VK3RLE 7,,
95,438.3750,DUP-,5.000,,FM,Tassie,PSkip,OFF,,,,,,,,VK3RLV 7,,
96,439.9500,DUP-,5.000,,FM,Mt Broughton,PSkip,OFF,,,,,,,,VK3RMG 7,,
97,439.3500,DUP-,5.000,,FM,Caveat,PSkip,TSQL,91.5Hz,91.5Hz,,,,,,VK3RMP 7,,
98,439.4250,DUP-,5.000,,FM,BigBen,PSkip,OFF,,,,,,,,VK3RNE 7,,
99,438.5250,DUP-,5.000,,FM,Mt Stanley,PSkip,OFF,,,,,,,,VK3RNU 7,,
100,439.9500,DUP-,5.000,,FM,Portld,PSkip,TSQL,91.5Hz,91.5Hz,,,,,,VK3RPL 7,,
101,438.5250,DUP-,5.000,,FM,Merbein,PSkip,OFF,,,,,,,,VK3RRU 7,,
102,439.5250,DUP-,5.000,,FM,MntTay,PSkip,OFF,,,,,,,,VK3RTU 7,,
103,438.1750,DUP-,5.000,,FM,Devil's River,PSkip,OFF,,,,,,,,VK3RUG 7,,
104,438.5750,DUP-,5.000,,FM,Drouin,PSkip,TSQL,91.5Hz,91.5Hz,,,,,,VK3RWD 7,,
105,438.3750,DUP-,5.000,,FM,BawSq,PSkip,OFF,,,,,,,,VK3RWG 7,,
106,439.8750,DUP-,5.000,,FM,Warnum,PSkip,OFF,,,,,,,,VK3RWL 7,,
107,438.6750,DUP-,5.000,,FM,Mt William,PSkip,TSQL,91.5Hz,91.5Hz,,,,,,VK3RWU 7,,
108,439.6750,DUP-,5.000,,FM,Mt Buller,PSkip,OFF,,,,,,,,VK3RZU 7,,
