CH No,Frequency,Dup,Offset,TS,Mode,Name,SKIP,TONE,Repeater Tone,TSQL Frequency,DTCS Code,DTCS Polarity,DV SQL,DV SQL Code,Your Call Sign,RPT1 Call Sign,RPT2 Call Sign
0,147.1500,DUP+,0.600,,FM,Spring Hill,PSkip,OFF,,,,,,,,VK4RAG 2,,
1,146.9000,DUP-,0.600,,FM,The Knobby,PSkip,OFF,,,,,,,,VK4RAI 2,,
2,147.0750,DUP+,0.600,,FM,Mt Cotton,PSkip,OFF,,,,,,,,VK4RAX 2,,
3,147.0000,DUP-,0.600,,FM,Mt Glorious,PSkip,TSQL,91.5Hz,91.5Hz,,,,,,VK4RBN 2,,
4,146.9500,DUP-,0.600,,FM,Mt Coot-tha,PSkip,TSQL,91.5Hz,91.5Hz,,,,,,VK4RBQ 2,,
5,147.9500,DUP-,0.600,,FM,Mt Gravatt,PSkip,OFF,,,,,,,,VK4RBR 2,,
6,146.8750,DUP-,0.600,,FM,Alexandra Hills,PSkip,OFF,,,,,,,,VK4RBS 2,,
7,147.8000,DUP-,0.600,,FM,Mt Tambourine,PSkip,OFF,,,,,,,,VK4RBT 2,,
8,146.7000,DUP-,0.600,,FM,Springbrook,PSkip,TSQL,123Hz,123Hz,,,,,,VK4RGC 2,,
9,146.7250,DUP-,0.600,,FM,Mt Crosby,PSkip,OFF,,,,,,,,VK4RKP 2,,
10,147.6250,DUP-,0.600,,FM,Woodridge,PSkip,OFF,,,,,,,,VK4RLB 2,,
11,146.9750,DUP-,0.600,,FM,Spring Mtn,PSkip,TSQL,91.5Hz,91.5Hz,,,,,,VK4RLW 2,,
12,147.1750,DUP+,0.600,,FM,North Ipswich,PSkip,OFF,,,,,,,,VK4RWM 2,,
13,438.6250,DUP-,5.000,,FM,Spring Hill,PSkip,OFF,,,,,,,,VK4RAG 7,,
14,439.3250,DUP-,5.000,,FM,The Knobby,PSkip,TSQL,91.5Hz,91.5Hz,,,,,,VK4RAI 7,,
15,439.9500,DUP-,5.000,,FM,Sunnybank,PSkip,TSQL,123Hz,123Hz,,,,,,VK4RBA 7,,
16,439.3000,DUP-,5.000,,FM,Mt Coot-Tha,PSkip,OFF,,,,,,,,VK4RBQ 7,,
17,438.2750,DUP-,5.000,,FM,Mt Gravatt,PSkip,OFF,,,,,,,,VK4RBR 7,,
18,439.7250,DUP-,5.000,,FM,Alexandra Hills,PSkip,TSQL,91.5Hz,91.5Hz,,,,,,VK4RBS 7,,
19,438.4250,DUP-,5.000,,FM,The Knobby,PSkip,TSQL,123Hz,123Hz,,,,,,VK4RBX 7,,
20,438.6000,DUP-,5.000,,FM,Springbrook,PSkip,TSQL,123Hz,123Hz,,,,,,VK4RGC 7,,
21,438.7500,DUP-,5.000,,FM,Woodridge,PSkip,OFF,,,,,,,,VK4RLB 7,,
22,438.5000,DUP-,5.000,,FM,Spring Mtn,PSkip,TSQL,91.5Hz,91.5Hz,,,,,,VK4RLW 7,,
23,439.3000,DUP-,5.000,,FM,Spring Mtn,PSkip,TSQL,91.5Hz,91.5Hz,,,,,,VK4RSM 7,,
24,438.3750,DUP-,5.000,,FM,North Ipswich,PSkip,TSQL,91.5Hz,91.5Hz,,,,,,VK4RWM 7,,
25,439.9250,DUP-,5.000,,FM,North Ipswich,PSkip,TSQL,91.5Hz,91.5Hz,,,,,,VK4RWMA7,,
26,438.1000,DUP-,5.000,,FM,Springbrook,PSkip,TSQL,91.5Hz,91.5Hz,,,,,,VK4RZA 7,,
27,438.2000,DUP-,5.000,,FM,Mt Coot-tha,PSkip,TSQL,91.5Hz,91.5Hz,,,,,,VK4RZB 7,,
