CH No,Frequency,Dup,Offset,TS,Mode,Name,SKIP,TONE,Repeater Tone,TSQL Frequency,DTCS Code,DTCS Polarity,DV SQL,DV SQL Code,Your Call Sign,RPT1 Call Sign,RPT2 Call Sign
0,146.7000,DUP-,0.600,,FM,Mt Archer,PSkip,TSQL,91.5Hz,91.5Hz,,,,,,VK4RAR 2,,
1,146.8750,DUP-,0.600,,FM,Carborough Range,PSkip,OFF,,,,,,,,VK4RAS 2,,
2,146.7000,DUP-,0.600,,FM,Mt Stuart,PSkip,OFF,,,,,,,,VK4RAT 2,,
3,146.9500,DUP-,0.600,,FM,Blackdown Tablel,PSkip,TSQL,91.5Hz,91.5Hz,,,,,,VK4RBD 2,,
4,147.8000,DUP-,0.600,,FM,The Hummock,PSkip,OFF,,,,,,,,VK4RBG 2,,
5,146.7750,DUP-,0.600,,FM,Blue Mtn,PSkip,TSQL,91.5Hz,91.5Hz,,,,,,VK4RBM 2,,
6,147.1000,DUP+,0.600,,FM,Butchers Creek,PSkip,OFF,,,,,,,,VK4RBP 2,,
7,146.8000,DUP-,0.600,,FM,MtGoon,PSkip,OFF,,,,,,,,VK4RBU 2,,
8,146.9500,DUP-,0.600,,FM,Mt Haren,PSkip,OFF,,,,,,,,VK4RCA 2,,
9,146.6250,DUP-,0.600,,FM,Caboolture,PSkip,OFF,,,,,,,,VK4RCC 2,,
10,146.7250,DUP-,0.600,,FM,GymSth,PSkip,TSQL,91.5Hz,91.5Hz,,,,,,VK4RCM 2,,
11,147.0000,DUP-,0.600,,FM,Banana Range,PSkip,OFF,,,,,,,,VK4RCQ 2,,
12,146.8250,DUP-,0.600,,FM,Braeside,PSkip,OFF,,,,,,,,VK4RCR 2,,
13,146.7500,DUP-,0.600,,FM,O'Rourke's House,PSkip,OFF,,,,,,,,VK4RDD 2,,
14,147.2500,DUP+,0.600,,FM,Dalby,PSkip,OFF,,,,,,,,VK4RED 2,,
15,146.9500,DUP-,0.600,,FM,Mt Mowbullan,PSkip,TSQL,91.5Hz,91.5Hz,,,,,,VK4REG 2,,
16,147.0750,DUP+,0.600,,FM,Middlemount,PSkip,OFF,,,,,,,,VK4REP 2,,
17,146.6750,DUP-,0.600,,FM,Mt Kiangarow,PSkip,TSQL,91.5Hz,91.5Hz,,,,,,VK4RET 2,,
18,146.9000,DUP-,0.600,,FM,Kroombit Tops,PSkip,TSQL,91.5Hz,91.5Hz,,,,,,VK4RGA 2,,
19,147.3750,DUP+,0.600,,FM,Kroombit Tops,PSkip,TSQL,91.5Hz,91.5Hz,,,,,,VK4RGAA2,,
20,146.6250,DUP-,0.600,,FM,Maurice Hill,PSkip,TSQL,91.5Hz,91.5Hz,,,,,,VK4RGT 2,,
21,146.7750,DUP-,0.600,,FM,Gympie,PSkip,OFF,,,,,,,,VK4RGY 2,,
22,146.6500,DUP-,0.600,,FM,Ghost Hill,PSkip,OFF,,,,,,,,VK4RHB 2,,
23,146.9250,DUP-,0.600,,FM,Hodgson Range,PSkip,OFF,,,,,,,,VK4RHR 2,,
24,146.6750,DUP-,0.600,,FM,Hann Tableland,PSkip,OFF,,,,,,,,VK4RHT 2,,
25,145.6250,DUP+,0.000,,FM,Oceanview,PSkip,OFF,,,,,,,,VK4RKC 2,,
26,147.9000,DUP-,0.600,,FM,Oceanview,PSkip,OFF,,,,,,,,VK4RKCA2,,
27,146.7000,DUP-,0.600,,FM,Four Mile Hill,PSkip,OFF,,,,,,,,VK4RMI 2,,
28,147.0000,DUP-,0.600,,FM,Mt Blackwood,PSkip,OFF,,,,,,,,VK4RMK 2,,
29,147.1250,DUP+,0.600,,FM,Stanthorpe,PSkip,OFF,,,,,,,,VK4RMM 2,,
30,146.8000,DUP-,0.600,,FM,Midge Point,PSkip,OFF,,,,,,,,VK4RMP 2,,
31,147.2750,DUP+,0.600,,FM,Doonan,PSkip,OFF,,,,,,,,VK4RNL 2,,
32,146.6500,DUP-,0.600,,FM,Grafton Range,PSkip,OFF,,,,,,,,VK4ROM 2,,
33,146.7500,DUP-,0.600,,FM,Mt Perry,PSkip,OFF,,,,,,,,VK4RPU 2,,
34,146.9250,DUP-,0.600,,FM,Wamuran,PSkip,OFF,,,,,,,,VK4RRC 2,,
35,146.9750,DUP-,0.600,,FM,Mt Seaview,PSkip,OFF,,,,,,,,VK4RRR 2,,
36,146.6750,DUP-,0.600,,FM,Sarina,PSkip,OFF,,,,,,,,VK4RSA 2,,
37,146.8500,DUP-,0.600,,FM,Wilkes Knob,PSkip,TSQL,91.5Hz,91.5Hz,,,,,,VK4RSC 2,,
38,146.8250,DUP-,0.600,,FM,Noosa Heads,PSkip,TSQL,91.5Hz,91.5Hz,,,,,,VK4RSL 2,,
39,146.8250,DUP-,0.600,,FM,Roddas Lookout,PSkip,OFF,,,,,,,,VK4RSP 2,,
40,438.2250,DUP-,5.000,,FM,Mt Archer,PSkip,TSQL,91.5Hz,91.5Hz,,,,,,VK4RAR 7,,
41,438.2250,DUP-,5.000,,FM,Mt Stuart,PSkip,TSQL,91.5Hz,91.5Hz,,,,,,VK4RAT 7,,
42,439.9000,DUP-,5.000,,FM,Tolga,PSkip,OFF,,,,,,,,VK4RBK 7,,
43,439.3000,DUP-,5.000,,FM,Blue Mtn,PSkip,OFF,,,,,,,,VK4RBM 7,,
44,439.7750,DUP-,5.000,,FM,Butchers Creek,PSkip,OFF,,,,,,,,VK4RBP 7,,
45,439.9250,DUP-,5.000,,FM,Butchers Creek,PSkip,OFF,,,,,,,,VK4RBPA7,,
46,438.7750,DUP-,5.000,,FM,MtGoon,PSkip,OFF,,,,,,,,VK4RBU 7,,
47,439.7750,DUP-,5.000,,FM,BundaN,PSkip,OFF,,,,,,,,VK4RBW 7,,
48,439.8500,DUP-,5.000,,FM,Cairns,PSkip,OFF,,,,,,,,VK4RCA 7,,
49,439.8750,DUP-,5.000,,FM,Banana Range,PSkip,OFF,,,,,,,,VK4RCQ 7,,
50,439.2750,DUP-,5.000,,FM,O'Rourke's House,PSkip,OFF,,,,,,,,VK4RDD 7,,
51,438.6500,DUP-,5.000,,FM,Mt Mowbullan,PSkip,TSQL,91.5Hz,91.5Hz,,,,,,VK4REG 7,,
52,438.7000,DUP-,5.000,,FM,Mt Kiangarow,PSkip,TSQL,91.5Hz,91.5Hz,,,,,,VK4RET 7,,
53,439.8000,DUP-,5.000,,FM,Lady Larcom,PSkip,TSQL,91.5Hz,91.5Hz,,,,,,VK4RGL 7,,
54,438.0500,DUP-,5.000,,FM,Maurice Hill,PSkip,OFF,,,,,,,,VK4RGT 7,,
55,439.9500,DUP-,5.000,,FM,Gympie,PSkip,OFF,,,,,,,,VK4RGY 7,,
56,438.5000,DUP-,5.000,,FM,Hodgson Range,PSkip,OFF,,,,,,,,VK4RHR 7,,
57,439.3750,DUP-,5.000,,FM,Doonan,PSkip,OFF,,,,,,,,VK4RNL 7,,
58,438.7500,DUP-,5.000,,FM,Mt Perry,PSkip,OFF,,,,,,,,VK4RPU 7,,
59,438.3250,DUP-,5.000,,FM,Wamuran,PSkip,TSQL,91.5Hz,91.5Hz,,,,,,VK4RRC 7,,
60,439.6250,DUP-,5.000,,FM,Sarina,PSkip,OFF,,,,,,,,VK4RSA 7,,
61,438.0750,DUP-,5.000,,FM,Wilkes Knob,PSkip,TSQL,91.5Hz,91.5Hz,,,,,,VK4RSC 7,,
62,438.1750,DUP-,5.000,,FM,Noosa Heads,PSkip,TSQL,91.5Hz,91.5Hz,,,,,,VK4RSL 7,,
63,438.5750,DUP-,5.000,,FM,Ocean View,PSkip,TSQL,91.5Hz,91.5Hz,,,,,,VK4RSS 7,,
64,438.0250,DUP-,5.000,,FM,Mt Kynoch,PSkip,TSQL,91.5Hz,91.5Hz,,,,,,VK4RTQ 7,,
65,438.6750,DUP-,5.000,,FM,Nebo,PSkip,TSQL,91.5Hz,91.5Hz,,,,,,VK4RWS 7,,
66,439.9000,DUP-,5.000,,FM,Maleny,PSkip,OFF,,,,,,,,VK4RXZ 7,,
67,438.1250,DUP-,5.000,,FM,Wilkes Knob,PSkip,TSQL,91.5Hz,91.5Hz,,,,,,VK4RZC 7,,
68,438.0500,DUP-,5.000,,FM,Mt Perseverance,PSkip,TSQL,91.5Hz,91.5Hz,,,,,,VK4RZD 7,,
