CH No,Frequency,Dup,Offset,TS,Mode,Name,SKIP,TONE,Repeater Tone,TSQL Frequency,DTCS Code,DTCS Polarity,DV SQL,DV SQL Code,Your Call Sign,RPT1 Call Sign,RPT2 Call Sign
0,145.1750,OFF,0.000,,FM,APRSAU,PSkip,OFF,,,,,,,,APRSAU,,
1,145.2000,OFF,0.000,,FM,Wicen,PSkip,OFF,,,,,,,,APRWIC,,
2,145.8250,OFF,0.000,,FM,APRISS,PSkip,OFF,,,,,,,,APRISS,,
3,144.9300,OFF,0.000,,FM,APRSAR,PSkip,OFF,,,,,,,,APRSAR,,
4,145.5750,OFF,0.000,,FM,APRSBR,PSkip,OFF,,,,,,,,APRSBR,,
5,144.6400,OFF,0.000,,FM,APRSCN,PSkip,OFF,,,,,,,,APRSCN,,
6,144.8000,OFF,0.000,,FM,APRSCR,PSkip,OFF,,,,,,,,APRSCR,,
7,144.8000,OFF,0.000,,FM,APRSEU,PSkip,OFF,,,,,,,,APRSEU,,
8,144.6600,OFF,0.000,,FM,APRSJP,PSkip,OFF,,,,,,,,APRSJP,,
9,144.6200,OFF,0.000,,FM,APRSKO,PSkip,OFF,,,,,,,,APRSKO,,
10,144.5750,OFF,0.000,,FM,APRSNZ,PSkip,OFF,,,,,,,,APRSNZ,,
11,144.5250,OFF,0.000,,FM,APRSTH,PSkip,OFF,,,,,,,,APRSTH,,
12,144.3900,OFF,0.000,,FM,APRSUS,PSkip,OFF,,,,,,,,APRSUS,,
13,145.0100,OFF,0.000,,FM,APRSVE,PSkip,OFF,,,,,,,,APRSVE,,
