CH No,Frequency,Dup,Offset,TS,Mode,Name,SKIP,TONE,Repeater Tone,TSQL Frequency,DTCS Code,DTCS Polarity,DV SQL,DV SQL Code,Your Call Sign,RPT1 Call Sign,RPT2 Call Sign
0,146.8250,DUP-,0.600,,FM,Upwey,PSkip,TSQL,94.8Hz,94.8Hz,,,,,,VK3RAJ 2,,
1,147.0750,DUP+,0.600,,FM,Dande,PSkip,OFF,,,,,,,,VK3RCR 2,,
2,147.1750,DUP+,0.600,,FM,Olind1,PSkip,OFF,,,,,,,,VK3REC 2,,
3,147.4250,DUP+,0.000,,FM,Hillsd,PSkip,TSQL,91.5Hz,91.5Hz,,,,,,VK3RFY 2,,
4,147.1250,DUP+,0.600,,FM,MoPell,PSkip,TSQL,91.5Hz,91.5Hz,,,,,,VK3RGC 2,,
5,147.0000,DUP-,0.600,,FM,Anakie,PSkip,TSQL,91.5Hz,91.5Hz,,,,,,VK3RGL 2,,
6,147.3250,DUP+,0.600,,FM,NarWar,PSkip,OFF,,,,,,,,VK3RMC 2,,
7,146.7000,DUP-,0.600,,FM,FernyC,PSkip,TSQL,91.5Hz,91.5Hz,,,,,,VK3RML 2,,
8,147.2500,DUP+,0.600,,FM,Macdon,PSkip,OFF,,,,,,,,VK3RMM 2,,
9,146.8500,DUP-,0.600,,FM,KLake,PSkip,TSQL,91.5Hz,91.5Hz,,,,,,VK3RMN 2,,
10,147.3500,DUP+,0.600,,FM,Olind2,PSkip,OFF,,,,,,,,VK3RMS 2,,
11,147.3750,DUP+,0.600,,FM,StLeo,PSkip,TSQL,91.5Hz,91.5Hz,,,,,,VK3RMU 2,,
12,147.2000,DUP+,0.600,,FM,Cotrel,PSkip,TSQL,91.5Hz,91.5Hz,,,,,,VK3RPS 2,,
13,146.9750,DUP-,0.600,,FM,RdlsCk,PSkip,OFF,,,,,,,,VK3RRC 2,,
14,146.6750,DUP-,0.600,,FM,MtMtha,PSkip,OFF,,,,,,,,VK3RSP 2,,
15,146.7250,DUP-,0.600,,FM,Briart,PSkip,OFF,,,,,,,,VK3RYV 2,,
16,438.5250,DUP-,5.000,,FM,Mitcham,PSkip,TSQL,123Hz,123Hz,,,,,,VK3RAD 7,,
17,439.7500,DUP-,5.000,,FM,Upwey,PSkip,TSQL,91.5Hz,91.5Hz,,,,,,VK3RAJ 7,,
18,438.7000,DUP-,5.000,,FM,Bacchus Marsh,PSkip,TSQL,91.5Hz,91.5Hz,,,,,,VK3RBM 7,,
19,438.4500,DUP-,5.000,,FM,Mt Gisborne,PSkip,TSQL,91.5Hz,91.5Hz,,,,,,VK3RBW 7,,
20,439.6250,DUP-,5.000,,FM,Bayswater,PSkip,TSQL,88.5Hz,88.5Hz,,,,,,VK3RBY 7,,
21,438.0250,DUP-,5.000,,FM,Melbourne City,PSkip,TSQL,91.5Hz,91.5Hz,,,,,,VK3RCC 7,,
22,439.6000,DUP-,5.000,,FM,Mt Waverley,PSkip,TSQL,91.5Hz,91.5Hz,,,,,,VK3RDX 7,,
23,438.4000,DUP-,5.000,,FM,Hillsd,PSkip,TSQL,91.5Hz,91.5Hz,,,,,,VK3RFY 7,,
24,439.5750,DUP-,5.000,,FM,MoPell,PSkip,TSQL,91.5Hz,91.5Hz,,,,,,VK3RGC 7,,
25,439.5000,DUP-,5.000,,FM,Anakie,PSkip,TSQL,91.5Hz,91.5Hz,,,,,,VK3RGL 7,,
26,438.5000,DUP-,5.000,,FM,Grovedale,PSkip,TSQL,91.5Hz,91.5Hz,,,,,,VK3RGW 7,,
27,438.7500,DUP-,5.000,,FM,Olinda,PSkip,TSQL,88.5Hz,88.5Hz,,,,,,VK3RHF 7,,
28,438.1500,DUP-,5.000,,FM,Bendigo,PSkip,TSQL,91.5Hz,91.5Hz,,,,,,VK3RIR 7,,
29,439.4750,DUP-,5.000,,FM,Cborn,PSkip,TSQL,91.5Hz,91.5Hz,,,,,,VK3RLP 7,,
30,439.3750,DUP-,5.000,,FM,Berwick,PSkip,OFF,,,,,,,,VK3RMC 7,,
31,439.8750,DUP-,5.000,,FM,Narre Warren Nor,PSkip,OFF,,,,,,,,VK3RMCA7,,
32,438.3250,DUP-,5.000,,FM,WatlGn,PSkip,OFF,,,,,,,,VK3RMH 7,,
33,439.8250,DUP-,5.000,,FM,Macdon,PSkip,TSQL,91.5Hz,91.5Hz,,,,,,VK3RMM 7,,
34,439.4500,DUP-,5.000,,FM,KLake,PSkip,TSQL,91.5Hz,91.5Hz,,,,,,VK3RMN 7,,
35,438.2250,DUP-,5.000,,FM,Olind2,PSkip,TSQL,91.5Hz,91.5Hz,,,,,,VK3RMS 7,,
36,439.8000,DUP-,5.000,,FM,StLeo,PSkip,OFF,,,,,,,,VK3RMU 7,,
37,438.6500,DUP-,5.000,,FM,GoldnP,PSkip,TSQL,91.5Hz,91.5Hz,,,,,,VK3RNP 7,,
38,439.7250,DUP-,5.000,,FM,Cotrel,PSkip,TSQL,91.5Hz,91.5Hz,,,,,,VK3RPS 7,,
39,439.5250,DUP-,5.000,,FM,Pretty Sally,PSkip,TSQL,91.5Hz,91.5Hz,,,,,,VK3RPT 7,,
40,439.8500,DUP-,5.000,,FM,Arthur's Seat,PSkip,TSQL,91.5Hz,91.5Hz,,,,,,VK3RPU 7,,
41,439.7000,DUP-,5.000,,FM,RdlsCk,PSkip,OFF,,,,,,,,VK3RRC 7,,
42,439.6500,DUP-,5.000,,FM,Emerald,PSkip,TSQL,91.5Hz,91.5Hz,,,,,,VK3RSA 7,,
43,439.5500,DUP-,5.000,,FM,Mt St Leonard,PSkip,TSQL,91.5Hz,91.5Hz,,,,,,VK3RSB 7,,
44,439.9000,DUP-,5.000,,FM,Glen Waverley,PSkip,OFF,,,,,,,,VK3RSE 7,,
45,439.4250,DUP-,5.000,,FM,Noble Park,PSkip,TSQL,91.5Hz,91.5Hz,,,,,,VK3RSV 7,,
46,439.3000,DUP-,5.000,,FM,Briart,PSkip,OFF,,,,,,,,VK3RYV 7,,
